:100000000C945A0C0D94B9280D948E280D946328E5
:100010000D9438280D940D280D94E2270D94B727E0
:100020000D948C270C948B0C0C948B0C0C948B0CD7
:100030000C948B0C0C948B0C0C948B0C0D946E020A
:100040000C948B0C0C94466A0C945C680C946BB802
:100050000C948B0C0C948B0C0C948B0C0D944227F1
:100060000C948B0C0D94D92A0D94AF2A0C948B0C04
:100070000C948B0C0C948B0C0C948B0C0C948B0CA4
:100080000C94FBFD0C9475FD0C94EFFC0C948B0C04
:100090000C948B0C0C948B0C0C948B0C0C948B0C84
:1000A0000C948B0C0C948B0C0C94FDF80C9469FC48
:1000B0000C9422F80C948B0C0C948B0C0C948EFBEF
:1000C0000C94B3FA0C94D8F90C948B0C0C948B0C04
:1000D0000C948B0C0C948B0C0D94792A0D944F2A54
:1000E0000C948B0C0C94ABE30D9407290C9499E3BE
:1000F0000D944A2C0C945E730C9425DB0C941C5DBF
:100100000C94FC130C941FDD0C94855E0C946772A8
:100110000C943E740C947F7B0C94B6E20C94E0B289
:100120000C946BDD0C9415DE0C94D6E20C94F973F0
:100130000C947D730C9461730C945BAC0C94F65826
:100140000C94A8FF0C94F7DE0C94E2EC0C944E0D8A
:100150000C94C1EA0C94A4D30D94331F0C947A74BC
:100160000C9469E30C94D1600D9480290C94635530
:100170000C94DA210C9460E30D94571E0C9461509A
:100180000C9492730C94CCA80C9410600C9424E3FF
:100190000C94D6E30C9448E30D94AD0E0D943E0EF2
:1001A0000C9497A70D9452290C9447270C9473A88C
:1001B0000C947A300D94522C0C9436E30D942B0D44
:1001C0000C946E2D0C944D740C942CD80C94657476
:1001D0000C9406D80C94F1200C9460810C94CFD030
:1001E0000C94F7E20C94CE600C9479E20D94EA073B
:1001F0000C94F2740D9405290C94267E0D948000C5
:100200000C94D5D70C94736E0D94CD1D0C948374FF
:100210000C9400E30C9447D80C944A730C94B4E308
:100220000C94AA740C9487E30D9465010C94257AC0
:100230000C949FED0C948EE20C949FE30C9441D8A7
:100240000C94A4740C9489730C9447730C945EE220
:100250000C94CC730C94FBDE0C947CE20C947E57D3
:100260000C94AFE20C9464730D9435020C94D9E2B3
:100270000C94C4730D94300C0C9418E30D94CD0EB3
:100280000C9435DC0C946CE30C9419B30C948159E8
:100290000C946E550C94092D0C94F7550C9480B168
:1002A0000C94CDE20D94F20B0C94A7E20C949124E3
:1002B0000C9481F10C94F3560D94342C0C94098B0E
:1002C0000C94A8E30C94DE730D94482C0C94687481
:1002D0000C94E3740C941ED80D9434420C9470B5B5
:1002E0000C940D850C947DDC0C940E740D94520BC3
:1002F0000C9426740C949CE30C94F30C0C9486736D
:100300000C9435740C94B3D70C9408740C943CE39F
:100310000C9497830D94CC000C9485BA0C9453B72D
:100320000C9405740C94870D0C94C6740C94106195
:100330000C94B6100C945D810C9469DB0D947F1BBA
:100340000C9482DE0C948C730C9440E20C94C7E203
:100350000D94F2070C946DFF0D9445290C9498743C
:100360000C9438280C94CDDC0C9481DC0D94340A68
:100370000C94C4AE0D9438000D94700A0D940929A4
:100380000C94DD940C94B7710C94C2740C9423DD1E
:100390000C94B3740C945DE30C944DD80C94A6D7D4
:1003A0000C940A5C0C9444730C9496750D94B50EE1
:1003B0000C94716E0C9433E30D944E2C0C94C7E3A3
:1003C0000D947F420C94B8CC0C94DAAC0D94E91DDA
:1003D0000D94993F0D94390B0C94FF730C94ECEA37
:1003E0000C94FC730C9473E20C94F50C0D94462C55
:1003F0000C94B9730C94D0D90C945A580C9472E3A1
:100400000C9498730C948CBB0C9475D80C94B974A0
:100410000C94F8B50C94B5580D94C71D0C94F40CBD
:100420000C949C180D94B50A0C94DF0D0C94D7DC39
:100430000C9471740C9436310C94826E0C940AAC4A
:100440000C948D0D0C940FE30C9431560D94DE0B2F
:100450000C9478E30C94ED730C94DFEE0C94DF0EA7
:100460000C94DFE20C944B120C949D730C9409E3F2
:100470000C943DA80C9453730D94FA280D94250CFC
:100480000C946DE20C94BC740C94B0740D94F91D32
:100490000D94C31D0C945AE30C94E1DA0C9451D0E2
:1004A0000C944BE30C94CC2B0C94AA730D94F51D77
:1004B0000D9484000C944C0D0D94450E0C94BE5874
:1004C0000D949C0C0C94E3BB0C949FE20C94D45FB1
:1004D0000C9496770C94F2EC0C9466E30C9442AE78
:1004E0000C9461E20D940D290D94D60E0C94C2E289
:1004F0000D94351E0C9450E20C9448B40D94ED1DEF
:100500000C946A730C946FE30C9439E30C947EDEC4
:100510000C9457E20C9479DC0C94C6220C94EC7485
:100520000C948FED0C94E0DD0D94740C0C942DE381
:100530000C9459740C94F5560C9488580C94477488
:100540000C9456740C94A7740D94F10E0D949601AE
:100550000D94C40B0C9417740C9481E30D94F34226
:100560000C94D82D0C944D0D0C94500D0C941174CA
:100570000C9464580C94EEE20D947B0B0C947FE287
:100580000C9431EF0D94870B0C9467CA0C94860D74
:100590000C946E560C945B550D949D0B0D94B70BFB
:1005A0000C941D600C94D4EE0C9460600C945EEB83
:1005B0000C94DCA10C94B0EE0C9429740D94F11DF4
:1005C0000C94D5740C9410EB0D94190D0C945121CE
:1005D0000C94E6A20C94A2D70C9494E20D94E30A36
:1005E0000C94BF740C9495730C9481900D943341CA
:1005F0000C9482580D94D51D0C94FAE20C94FF2EA5
:100600000C9414740C940DB20C94D3150C9463E3F5
:100610000D9402010C94AB2A0C94FAB90D949F40EE
:100620000C9479590D944C2C0C9496E30D94DF0E98
:100630000D94EE070C9474570C94F3610C94CB60FA
:100640000D9419080C9480740C9436570D941B0A61
:100650000C94BBE30D94A8420C943C280D943201F9
:100660000C94806E0C94950D0C94E8E20C948D0C17
:100670000C94DE740C94B2730C940EBB0C949828FA
:100680000C9487600D94220D0C94846E0C9418D8F1
:100690000C94E7730C9486740C9448F00C9473CC0F
:1006A0000D948C0C0C94B6740C94045B0C94AD7487
:1006B0000C941B610D94340D0C946FD20C947373D5
:1006C0000C9456730C9474740D94D0000D94590AC4
:1006D0000C94F4B00C9453E20C94D1DC0C9427826B
:1006E0000C942D830C94B2AD0D9473290C945F740B
:1006F0000C9496A20C9467D80C94F7710C94D0E2E9
:100700000D94850C0D9439020C9490E30C944028C0
:100710000C9439810C9404130C94E2E20C947D94B3
:100720000C9450580C9468720C9453740C94952744
:100730000C945A730C9447CB0C94DD760C94027491
:100740000D94CC0A0C943AD80D94290E0C94E5E241
:100750000C94B8580C9477DD0C94CF740D94070D5D
:100760000C94F4E20D943C2C0C94B7720D946E0C26
:100770000D94F41D0C94072B0C9473A60C94D3E2E7
:100780000C94F6730C9412E30C944EE30C94E35F18
:100790000C9484710D94D11D0C94E6820C9460D855
:1007A0000C9485E20C9427270C94ACDD0C940B3749
:1007B0000C945C740C948C3A0C9483730C94D873E2
:1007C0000C946F390C9467E20D9411290C948DE30D
:1007D0000C9450920C94E0570C941A740C9455603D
:1007E0000C9423740C94605E0C94621A0C94FFDEDB
:1007F0000D94382C0C9454E30C94D3E30C943DE208
:100800000C94472A0C942AE30D946E080C94590F0B
:100810000D94502C0C948C0D0C94DCEB0C94767392
:100820000C9450730C9415E30C94CAE30C940ACC0A
:100830000C94F4740D94B9090C9449DE0C94CC74A6
:100840000C942A610C9493E30D94D10B0C94E974ED
:100850000D9431290C94F1AF0C9427E30C9485C9C5
:100860000C94A2E30C9458600C941D740C949AB0F0
:100870000C941EE30C9478EB0C948AE30C94BB5814
:100880000D946E0B0C94E5270C940B740C94285665
:100890000C94ABD70C94EF740C9425D80C94507432
:1008A0000D943A2C0C942AEB0C949B330C949E746C
:1008B0000C94D2730C94B6D90C94D3810C946ED84A
:1008C0000C940CE30C94FC5F0C94CC860C94DB5BD6
:1008D0000C947D740D94550E0C9407CD0C946E748D
:1008E0000C9467730D94ED080C942E550C945E19BE
:1008F0000C944D730C949DDA0C94BEDE0C948C74A5
:100900000C94DB730D94E61E0C945C2B0D94442C1C
:100910000C94C7730C94A1E10C944B890C94F1DBFB
:100920000C945B600D94DF1D0C94C8600C943B60CC
:100930000C94A1740C943FE30C947C820C9472BCD4
:100940000C9463600D94402C0C94C2DE0C94570EF2
:100950000C944A600D94E31D0C9438580D943B0C94
:100960000C946B740D94E80E0C9477740C94F073E3
:100970000C94D07C0C94BADE0C9437DF0C94EBE230
:100980000C9407570C940A570C94EA730C940F9428
:100990000C94AA2C0C94B35C0C9491E20C945BE242
:1009A0000C945B2F0C94ADD70C9478580C9482E285
:1009B0000D9439290C940D240C9404ED0C944DE203
:1009C0000C941C290C9442E30C9404570D94D20906
:1009D0000D94100D0C94D6570C9430E30C942074A5
:1009E0000C945A0E0C946A830D94AF1D0C9485DC04
:1009F0000C94FA140D94362C0C94510D0C94CDE3F8
:100A00000C9486DE0C9432740D94FE010C9433DF4A
:100A10000C94D9E30C941BDD0C94AED70C9430608D
:100A20000C94EF8D0C948F730C9489DC0C94342C03
:100A30000C9459D80C94C4E30C941E180C94B383F2
:100A40000D94261E0C94B1E30C944F0D0C9499E276
:100A50000D943E2C0C9473A20C94B7E30D9455089E
:100A60000C942C740C94FB600C94D5DC0C943B61BE
:100A70000D94DB1D0C943A280C9494AB0C9473DD0C
:100A80000C94E4730C9484E30C9464E20D94CC0C09
:100A90000C9476E20C94C1E30C94D8740C94897491
:100AA0000C9409F10C94F1E20D9486080C94ADDBE2
:100AB0000C94FC550D94BD1D0C9406E30C94C15888
:100AC0000D94370E0C94BDB30C946FDD0C947FED38
:100AD0000C9449BA0D947D0E0C9453D80C94532E5B
:100AE0000D942E0E0C94B6940C9435280C9444EB73
:100AF0000C943AED0C9451E30C9438740C946D738F
:100B00000C948F740C941BE30C949B740C943D7F99
:100B10000D94B93F0D94850E0C9444740C9403CA43
:100B20000C94BEE30C94F4590D942E080D94FD0B17
:100B30000C94FDE20C9445E30C9467110D94C40EE3
:100B40000C94CE5F0C9415100C94A3730D94F80CB8
:100B50000C9457E30C9487B60C9466600C940CD8F4
:100B60000C9472810C9442380C9437AF0C945B5EF9
:100B70000C94A8580D943D020C946AE20C94927463
:100B80000C9466720C94C9740C9470730C94E68E79
:100B90000D94080C0D9402020C94A2D40C9436818E
:100BA0000D947E0C0C9443E20C9485710C944A7461
:100BB0000C9480730C94AEE30C943E280C947E2825
:100BC0000C94DCE20C9401570C940E5A0D94422CB8
:100BD0000C948E550C947F830D94991E0C94D573B0
:100BE0000C94F3730C944F200D94C40C0C94A5E357
:100BF0000C9427DD0C94E6A90D9467290C942F74AE
:100C00000D94491E0C94805D0C9421E30C9460A318
:100C10000C946ED10C94DB740C9495740C945D1848
:100C20000C94DCE30D949D2C0C9439E20C9475E348
:100C30000C94AD860C9465720C94E4AA0C9433D891
:100C40000C9470E20C94F0FF0C942A570C9412D878
:100C50000C94AE580C94D2740D940F290D94B91DB8
:100C60000D94F81D0C94C6610D94870A0D94C9016A
:100C70000C943B740C94E1730D94F00C0C94D460C0
:100C80000C9462740C9400D80C9441740C9403E39B
:100C90000D94CD010C94BFE20C94F9780C946E582D
:100CA0000D94B51D0C94D0E3526573657420636F89
:100CB0006E74726F6C2069732063757272656E74E6
:100CC0006C792064697361626C65642E00436F6D9A
:100CD0006D732068616C7465642E204E6578742095
:100CE000627974652077696C6C2072657365742015
:100CF0007468652041726475696E6F2E00005370D0
:100D000065656475696E6F20323032352E30312E54
:100D10003100737065656475696E6F2032303235ED
:100D2000303100000030303200FF0A50616765202A
:100D3000686173206E6F74206265656E20696D70E6
:100D40006C656D656E74656420796574000A426F28
:100D50006F7374206C6F6F6B7570207461626C655B
:100D6000000A326E642049676E6974696F6E204DA7
:100D70006170000A326E64204675656C204D6170AA
:100D8000000A50616765203920436667000A547283
:100D9000696D2031205461626C65000A56565420FA
:100DA0004D6170000A426F6F7374204D6170000ACC
:100DB0005067203620436F6E666967000A414652CD
:100DC000204D6170000A5067203420436667000A96
:100DD00049676E6974696F6E204D6170000A5067D3
:100DE000203220436667000A5645204D6170000A94
:100DF0003D3D3D436F6D6D616E642048656C703D97
:100E00003D3D0A0A416C6C20636F6D6D616E6473C9
:100E1000206172652073696E676C6520636861721A
:100E2000616374657220616E642061726520636F16
:100E30006E636174656E617465642077697468209F
:100E4000746865697220706172616D657465727332
:100E5000200A776974686F757420737061636573B5
:100E60002E53796E7461783A20203C636F6D6D610A
:100E70006E643E2B3C706172616D65746572313ECB
:100E80002B3C706172616D65746572323E2B3C70F3
:100E90006172616D657465724E3E0A0A3D3D3D4C5E
:100EA000697374206F6620436F6D6D616E64733D6E
:100EB0003D3D0A0A41202D20446973706C617973AD
:100EC000203331206279746573206F6620637572F8
:100ED00072656E745374617475732076616C756598
:100EE0007320696E2062696E61727920286C697660
:100EF000652064617461290A42202D204275726E5A
:100F00002063757272656E74206D617020616E640D
:100F100020636F6E666967506167652076616C75E6
:100F2000657320746F20656570726F6D0A43202DA4
:100F3000205465737420434F4D20706F72742E20BF
:100F400020557365642062792054756E65727374E0
:100F50007564696F20746F207365652077686574A8
:100F600068657220616E20454355206973206F6E5D
:100F7000206120676976656E2073657269616C20F7
:100F80000A20202020706F72742E205265747572B2
:100F90006E7320612062696E617279206E756D6278
:100FA00065722E0A4E202D205072696E74206E6577
:100FB00077206C696E652E0A50202D2053657420B1
:100FC00063757272656E7420706167652E202053A0
:100FD000796E7461783A2020502B3C706167654EC1
:100FE000756D6265723E0A52202D2053616D652039
:100FF0006173204120636F6D6D616E640A53202D13
:1010000020446973706C6179207369676E617475CF
:101010007265206E756D6265720A51202D205361D4
:101020006D65206173205320636F6D6D616E640A7E
:1010300056202D20446973706C6179206D61702099
:101040006F7220636F6E66696750616765207661B5
:101050006C75657320696E2062696E6172790A57DA
:10106000202D20536574206F6E6520627974652091
:10107000696E206D6170206F7220636F6E666967A4
:10108000506167652E202045787065637473206217
:10109000696E61727920706172616D6574657273D9
:1010A0002E200A2020202053796E7461783A202067
:1010B000572B3C6F66667365743E2B3C6E6577629A
:1010C0007974653E0A74202D205365742063616C29
:1010D0006962726174696F6E2076616C7565732EDA
:1010E0002020457870656374732062696E6172793F
:1010F00020706172616D65746572732E2020546179
:10110000626C6520696E6465782069732065697416
:1011100068657220302C200A20202020312C206F7E
:101120007220322E202053796E7461783A20207418
:101130002B3C74626C655F6964783E2B3C6E65770E
:1011400056616C7565313E2B3C6E657756616C75EA
:1011500065323E2B3C6E657756616C75654E3E0A76
:101160005A202D20446973706C61792063616C6929
:1011700062726174696F6E2076616C7565730A5472
:10118000202D20446973706C6179732032353620CC
:10119000746F6F7468206C6F6720656E7472696518
:1011A0007320696E2062696E6172790A72202D2047
:1011B000446973706C6179732032353620746F6FB7
:1011C0007468206C6F6720656E74726965730A5568
:1011D000202D205072657061726520666F722066E6
:1011E00069726D77617265207570646174652E2017
:1011F000546865206E657874206279746520726524
:101200006365697665642077696C6C2063617573CA
:1012100065207468652041726475696E6F20746F13
:101220002072657365742E0A3F202D204469737007
:101230006C61797320746869732068656C702070C4
:10124000616765002C2000575545004F3200496EFC
:101250006C65742074656D7000436F6F6C616E74A3
:1012600000526573657420636F6E74726F6C2069D1
:10127000732063757272656E746C79206469736132
:10128000626C65642E00436F6D6D732068616C74D1
:1012900065642E204E6578742062797465207769C4
:1012A0006C6C20726573657420746865204172648B
:1012B00075696E6F2E004552523B20496E636F7206
:1012C0007265637420454550524F4D2073697A65AD
:1012D000003030320020002000200020002020209C
:1012E0002000537065656475696E6F203230323549
:1012F0002E30312E3100737065656475696E6F2014
:1013000032303235303100537065656475696E6F07
:101310002063737830323031392E3800000080007D
:1013200020012001800020018000F0008001C00029
:10133000C0002001C000800020010001040E111631
:101340001A1C212A2C2E30323436383A3C3E404288
:101350004446484C4E505256585A5D5F63686F7908
:101360007D00000000963007772C610EEEBA51091F
:101370009919C46D078FF46A7035A563E9A3956464
:101380009E3288DB0EA4B8DC791EE9D5E088D9D27C
:10139000972B4CB609BD7CB17E072DB8E7911DBFD8
:1013A000906410B71DF220B06A4871B9F3DE41BEF7
:1013B000847DD4DA1AEBE4DD6D51B5D4F4C785D35E
:1013C0008356986C13C0A86B647AF962FDECC9650A
:1013D0008A4F5C0114D96C0663633D0FFAF50D0862
:1013E0008DC8206E3B5E10694CE44160D572716718
:1013F000A2D1E4033C47D4044BFD850DD26BB50A62
:10140000A5FAA8B5356C98B242D6C9BBDB40F9BC89
:10141000ACE36CD832755CDF45CF0DD6DC593DD1DD
:10142000ABAC30D9263A00DE518051D7C81661D016
:10143000BFB5F4B42123C4B3569995BACF0FA5BD57
:10144000B89EB802280888055FB2D90CC624E90BFB
:10145000B1877C6F2F114C6858AB1D61C13D2D6663
:10146000B69041DC760671DB01BC20D2982A10D5FB
:10147000EF8985B1711FB5B606A5E4BF9F33D4B817
:10148000E8A2C9077834F9000F8EA8099618980EBB
:10149000E1BB0D6A7F2D3D6D08976C6491015C6323
:1014A000E6F4516B6B62616C1CD83065854E00624E
:1014B000F2ED95066C7BA5011BC1F4088257C40FA1
:1014C000F5C6D9B06550E9B712EAB8BE8B7C88B9C9
:1014D000FCDF1DDD62492DDA15F37CD38C654CD41D
:1014E000FB5861B24DCE51B53A7400BCA3E230BB9B
:1014F000D441A5DF4AD795D83D6DC4D1A4FBF4D61D
:10150000D36AE96943FCD96E34468867ADD0B860C8
:10151000DA732D0444E51D03335F4C0AAAC97C0D20
:10152000DD3C710550AA41022710100BBE86200C2D
:10153000C925B56857B3856F2009D466B99FE461A2
:10154000CE0EF9DE5E98C9D9292298D0B0B4A8D7BA
:10155000C7173DB359810DB42E3B5CBDB7AD6CBA16
:10156000C02083B8EDB6B3BF9A0CE2B6039AD2B1ED
:10157000743947D5EAAF77D29D1526DB048316DC94
:1015800073120B63E3843B64943E6A6D0DA85A6A40
:101590007A0BCF0EE49DFF099327AE000AB19E0798
:1015A0007D44930FF0D2A3088768F2011EFEC206A5
:1015B000695D5762F7CB67658071366C19E7066B1A
:1015C0006E761BD4FEE02BD3895A7ADA10CC4ADD32
:1015D000676FDFB9F9F9EFBE8E43BEB717D58EB08E
:1015E00060E8A3D6D67E93D1A1C4C2D83852F2DF28
:1015F0004FF167BBD16757BCA6DD06B53F4B36B28E
:1016000048DA2B0DD84C1B0AAFF64A0336607A0431
:1016100041C3EF60DF55DF67A8EF8E6E3179BE6999
:10162000468CB361CB1A8366BCA0D26F2536E268C4
:101630005295770CCC03470BBBB91602222F260517
:1016400055BE3BBAC5280BBDB2925AB42B046AB33F
:101650005CA7FFD7C231CFD0B58B9ED92C1DAEDE93
:101660005BB0C2649B26F263EC9CA36A750A936D1F
:1016700002A906099C3F360EEB85670772135700D7
:1016800005824ABF95147AB8E2AE2BB17B381BB6FF
:101690000C9B8ED2920DBED5E5B7EFDC7C21DFDB53
:1016A0000BD4D2D38642E2D4F1F8B3DD686E83DA8C
:1016B0001FCD16BE815B26B9F6E177B06F7747B7CD
:1016C00018E65A0888706A0FFFCA3B06665C0B0171
:1016D00011FF9E658F69AE62F8D3FF6B6145CF6CD9
:1016E0001678E20AA0EED20DD75483044EC2B3039B
:1016F00039612667A7F71660D04D476949DB776ED9
:101700003E4A6AD1AEDC5AD6D9660BDF40F03BD8F0
:101710003753AEBCA9C59EBBDE7FCFB247E9FFB54C
:10172000301CF2BDBD8AC2BACA3093B353A6A3B46B
:10173000240536D0BA9306D7CD2957DE54BF67D9D2
:10174000232E7A66B3B84A61C4021B685D942B6F7E
:101750002A37BE0BB4A18E0CC31BDF055A8DEF02D6
:101760002D00002100240027002A002D0030003326
:101770000001010000040107010A01000022002508
:101780000028002B002E003100340002010000056B
:101790000108010B01000020002300260029002C75
:1017A000002F0032000001000003010601090105BD
:1017B000050505070508080808020202020A0A08CA
:1017C00008040404040101010101010101030303F0
:1017D0000303030303040707070C0C0C0C0C0C0C8D
:1017E0000C0202020206060606060606060B0B0B94
:1017F0000B0B0B0B0B050505080807070404040A6F
:101800000A0A0A0A0A0102102020080810204010C3
:1018100020408002010201080402010102040810B4
:1018200020408080402010080402018004020180D2
:1018300040201008040201080402010102040810FB
:101840002040800102040810204080044080048071
:10185000081010204004081020408000000B0C03EA
:101860000A0D0E0F09080405020000000000000028
:101870000000000000000000000000000000000068
:101880000000000000000013121100000000000022
:101890000000000000000000000000000000000048
:1018A0000000000000000000000000000000000038
:1018B0000000120611241FBECFEFD1E2DEBFCDBF64
:1018C00000E00CBF12E0A0E0B2E0ECE6F9E902E0D3
:1018D0000BBF02C007900D92A638B107D9F72FE1D0
:1018E000A6E8B2E001C01D92AB3CB207E1F71CE0F4
:1018F000CAE5DCE000E006C021970109802FFE0167
:101900000F948A4CC935D10780E00807A9F70F94D6
:10191000E32F0D94B44C0C94000080911A0B90911D
:101920001B0B2091BB1C3091BC1CAC0144505109D5
:10193000241735070CF04BC0821B930B97FD0196C3
:1019400095958795049790937A0580937905809172
:101950004C0890914D08AC014450510924173507AB
:10196000CCF5821B930B97FD01969595879504976F
:10197000909378058093770580914A0890914B0861
:10198000AC0144505109241735073CF5821B930BD9
:1019900097FD01969595879504979093760580938A
:1019A00075058091480890914908AC01445051094F
:1019B00024173507ACF4821B930B97FD0196959580
:1019C00087950497909368058093670508958053E1
:1019D0009D4FB2CF80539D4FC4CF80539D4FD6CFE4
:1019E00080539D4FE8CF089508958091651E909192
:1019F000C71C9C719C3091F58A30CCF088E090E057
:101A000090937A058093790582E090E09093780531
:101A10008093770584E090E0909376058093750538
:101A200086E090E090936805809367050895181606
:101A3000ECF781E090E090937A058093790583E05C
:101A400090E0909378058093770585E090E09093FF
:101A500076058093750587E090E0E4CF8A308CF0BE
:101A600024E030E030937A052093790582E090E01D
:101A700090937805809377053093760520937505CC
:101A8000D1CF18169CF621E030E030937A052093F0
:101A9000790583E090E0ECCF0895089508950895C6
:101AA00008958091341E80FD10C01092120710928C
:101AB00011078091341E81608093341E83E08093EF
:101AC000B70681E08093B80608958091C11C87FF16
:101AD00005C01092120710921107F0CF8091A01E3E
:101AE0009091A11EA091A21EB091A31E84369105D3
:101AF000A105B10530F780911107909112078D97DC
:101B000001F31092120710921107DBCF0895109283
:101B1000120710921107089508951092120710925B
:101B2000110781E08093B80608958091440C807F6E
:101B3000803479F58091C71C8C718C30C9F488E0B1
:101B400090E090937A058093790582E090E09093FD
:101B500078058093770584E090E0909376058093F4
:101B6000750586E090E09093680580936705089579
:101B700024E030E030937A052093790582E090E00C
:101B800090937805809377053093760520937505BB
:101B9000EACF803661F78091C71C8C718C3079F266
:101BA00086E090E090937A058093790582E090E05A
:101BB000909378058093770524E030E0E5CF80911D
:101BC000651E82319CF487E090E090937A058093C3
:101BD000790582E090E0909378058093770585E021
:101BE00090E09093760580937505089586E090E0E7
:101BF00090937A058093790581E090E09093780541
:101C00008093770584E090E0ECCFCF92DF92EF9263
:101C1000FF9280912B1F85FF45C08091B8068823D5
:101C200009F440C0E0912202F0912302199589360F
:101C300021E092071CF088569140F9CF2091BB1CFF
:101C40003091BC1C821B930B2091311F23702230DA
:101C500031F42091F61D3091F71D821B930B4091BA
:101C6000371D9C01220F331F50E0A0E0B1E0A41B00
:101C7000B50B0F94994C6B017C01A091E11EB091C2
:101C8000E21E9A010F94A14C6C0D7D1D8E1D9F1DAF
:101C900020E031E040E050E00F940B4C3093E21E26
:101CA0002093E11EFF90EF90DF90CF90089590E099
:101CB00080E0089590E080E00895EF92FF920F9306
:101CC0001F93CF93DF9340910002442321F01092A1
:101CD00000021092961EE091341E5091801E409199
:101CE000801E2E2F217030E0319521953109252756
:101CF0002078332724272093801E1092B20D9B0159
:101D00002E54324F7901C2EBDDE08C01025B1D40A5
:101D1000CE15DF0541F0C8018C0F9D1F0E94B772E0
:101D200089832196F5CF8091811E877F8093811EC4
:101D3000DF91CF911F910F91FF90EF900895CF9376
:101D4000C82F80919A0690919B06DC01ED91FC9141
:101D50000480F581E02D1995892B99F380919A06DD
:101D600090919B06DC01ED91FC910190F081E02DBA
:101D70006C2FCF911994CF93C82F892F0E949F0E5B
:101D80008C2FCF910C949F0E80919A0690919B0678
:101D9000DC01ED91FC910084F185E02D1995181678
:101DA000190664F480919A0690919B06DC01ED91EE
:101DB000FC910284F385E02D1995E6CF08958F926A
:101DC0009F92AF92BF92CF92DF92EF92FF920F93CA
:101DD0001F93CF93DF93F894C090FF06D090000735
:101DE000E0900107F09002078090FB069090FC06BF
:101DF000A090FD06B090FE06C0911107D091120789
:101E00000F94982560937105709372058093730504
:101E1000909374057894CE010197880F991F2091B3
:101E2000BB1C3091BC1C820F931FA6010D2C000C13
:101E3000660B770B00917105109172052091730567
:101E400030917405041B150B260B370B00936D05A1
:101E500010936E0520936F0530937005A601481905
:101E6000590957FF02C04F5F5F4F55954795052EA3
:101E7000000C660B770B401751076207730708F4D5
:101E80000196803D22E092077CF0805D9240DF91D8
:101E9000CF911F910F91FF90EF90DF90CF90BF9067
:101EA000AF909F908F90089597FFF1CF88599E4FE4
:101EB000EECF0F949825609363057093640580932B
:101EC0006505909366058091630590916405A091E6
:101ED0006505B09166054091B3065091B4066091D6
:101EE000B5067091B606841B950BA60BB70B8093B5
:101EF000070790930807A0930907B0930A078091FA
:101F0000630590916405A0916505B0916605809385
:101F1000B3069093B406A093B506B093B60620918D
:101F2000C11C322F31708091BD069091BE06892B65
:101F300079F1E091A006F091A106808190919F0631
:101F4000892391E009F490E0931711F18091110732
:101F5000909112074091BD065091BE06841B90914E
:101F6000341E90FD51C09091440C907F9034C1F587
:101F700091EF980F9330A8F480E190E090931207CE
:101F8000809311078091341E81608093341E0895E0
:101F900080911107909112079093BE068093BD0621
:101FA000089595EF980F933018F486E690E0E6CF09
:101FB00099EF980F933018F48CEB90E0DFCF8350BB
:101FC000833018F482E191E0D9CF8091341E8E7F66
:101FD0008093341E8091DC1E8F5F8093DC1E0895F9
:101FE000903631F483508330F8F48CE790E0C6CF1C
:101FF000903831F486508330B8F488E390E0BECF57
:102000008091341E8E7FC1CF27FF0EC09091440C6B
:10201000907F903449F48F50833030F480E190E029
:10202000909312078093110708950F949825609359
:1020300063057093640580936505909366058091B0
:10204000070790910807A0910907B0910A078093AC
:10205000AB069093AC06A093AD06B093AE0680910C
:10206000630590916405A0916505B0916605409166
:10207000B3065091B4066091B5067091B606841B04
:10208000950BA60BB70B8093070790930807A093B7
:102090000907B0930A078091630590916405A091A8
:1020A0006505B09166058093B3069093B406A0933E
:1020B000B506B093B6068091341E80FD1AC080919B
:1020C000BD069091BE060297A9F481E090E090933E
:1020D0001207809311078091341E81608093341E13
:1020E0008091BD069091BE0601969093BE068093A6
:1020F000BD0608958CED95E0A0E0B0E08093C706A2
:102100009093C806A093C906B093CA068091AB0607
:102110009091AC06A091AD06B091AE06B695A7958C
:102120009795879580935B0590935C05A0935D05DB
:10213000B0935E0540910707509108076091090729
:1021400070910A0780915B0590915C05A0915D05F7
:10215000B0915E05481759076A077B0708F682E0C9
:1021600090E09093BE068093BD06BACF0F94982559
:10217000609363057093640580936505909366058D
:102180008091630590916405A0916505B091660505
:102190004091B3065091B4066091B5067091B606B1
:1021A000841B950BA60BB70B80930707909308072A
:1021B000A0930907B0930A078091841E81FD04C093
:1021C0008091341E80FD0CC08CED95E0A0E0B0E065
:1021D0008093C7069093C806A093C906B093CA0619
:1021E00040910707509108076091090770910A070D
:1021F0008091C3069091C406A091C506B091C60611
:10220000481759076A077B0708F460C08091630587
:1022100090916405A0916505B09166058093B30621
:102220009093B406A093B506B093B60680910707C5
:1022300090910807A0910907B0910A078093AB0617
:102240009093AC06A093AD06B093AE068091BD0608
:102250009091BE0601969093BE068093BD06809134
:10226000110790911207019789F5409163055091EC
:10227000640560916505709166058091FF069091F7
:102280000007A0910107B091020784179507A607E0
:10229000B707E0F48091630590916405A09165050E
:1022A000B09166054091FF065091000760910107CB
:1022B00070910207841B950BA60BB70B80935505F5
:1022C00090935605A0935705B093580508958091B3
:1022D000030790910407A0910507B091060780932A
:1022E000AB069093AC06A093AD06B093AE060F94E8
:1022F00098256093690570936A0580936B059093A8
:102300006C058091690590916A05A0916B05B0916B
:102310006C054091FF065091000760910107709194
:102320000207841B950BA60BB70B809303079093B2
:102330000407A0930507B0930607809111079091B9
:1023400012070196909312078093110780912A0B30
:10235000806280932A0B80911107909112070D974C
:1023600049F48091341E80FF05C01092120710922C
:10237000110708958091110790911207019721F498
:102380008091341E80FD33C08091AB069091AC06E5
:10239000A091AD06B091AE06B695A7959795879595
:1023A00080935B0590935C05A0935D05B0935E05FB
:1023B000409103075091040760910507709106074B
:1023C00080915B0590915C05A0915D05B0915E05E3
:1023D000481759076A077B07E8F510921207109211
:1023E00011078091341E81608093341E089580917E
:1023F000BF069091C006A091C106B091C20680931D
:10240000B9069093BA06A093BB06B093BC06809120
:10241000690590916A05A0916B05B0916C05809358
:10242000BF069093C006A093C106B093C2068091E8
:10243000A01E9091A11EA091A21EB091A31E019674
:10244000A11DB11D8093A01E9093A11EA093A21E5A
:10245000B093A31E8091FF0690910007A091010701
:10246000B09102078093FB069093FC06A093FD06B3
:10247000B093FE068091690590916A05A0916B0565
:10248000B0916C058093FF0690930007A09301071D
:10249000B093020708958091110790911207499710
:1024A00031F48091341E8E7F8093341E08950F94F2
:1024B00098256093690570936A0580936B059093E6
:1024C0006C058091690590916A05A0916B05B091AA
:1024D0006C054091FF0650910007609101077091D3
:1024E0000207841B950BA60BB70B809303079093F1
:1024F0000407A0930507B0930607809111079091F8
:102500001207892B09F060C081E090E090931207D8
:10251000809311078091BF069091C006A091C106DB
:10252000B091C2068093B9069093BA06A093BB06F9
:10253000B093BC068091690590916A05A0916B05E6
:10254000B0916C058093BF069093C006A093C1061E
:10255000B093C2068091B80691E089278093B806AF
:102560008091341E81608093341E8091A01E9091D2
:10257000A11EA091A21EB091A31E0196A11DB11D86
:102580008093A01E9093A11EA093A21EB093A31EA1
:102590008FE090E0909314078093130780912A0BAB
:1025A000806280932A0B8091690590916A05A091C1
:1025B0006B05B0916C058093FF0690930007A09384
:1025C0000107B093020708958091110790911207B7
:1025D00001969093120780931107A0911107B09173
:1025E0001207E0911107F0911207AA0FBB1FA75322
:1025F000B94FEE0FFF1FE953F94F8D919C91208148
:102600003181821B930BC6CF8091341E0F94982585
:1026100060936305709364058093650590936605E8
:102620008091630590916405A0916505B091660560
:102630004091B3065091B4066091B5067091B6060C
:10264000841B950BA60BB70B809307079093080785
:10265000A0930907B0930A07409107075091080714
:102660006091090770910A078091C3069091C40692
:10267000A091C506B091C606481759076A077B079F
:1026800008F4B9C08091630590916405A091650537
:10269000B09166058093B3069093B406A093B506F7
:1026A000B093B60680912A0B806280932A0B8091AA
:1026B000070790910807A0910907B0910A07B695FE
:1026C000A795979587958093C3069093C406A0938A
:1026D000C506B093C6068091341E80FD4BC08CEDBC
:1026E00095E0A0E0B0E08093C7069093C806A09361
:1026F000C906B093CA068091C3069091C406A09102
:10270000C506B091C606B695A7959795879580930F
:10271000C3069093C406A093C506B093C606E09185
:10272000A306F091A40690812091A2068091440C0A
:10273000807F922371F08034A9F4809111079091E9
:1027400012070897B9F48091341E81608093341E7B
:1027500011C0803479F48091110790911207059788
:1027600049F4F1CF803631F480911107909112072E
:10277000079749F32091351E3091361E8091CC1E6B
:102780009091CD1E2817390720F08091C11C87FF3A
:1027900032C08091341E80FF2EC08091440C807F17
:1027A000803449F50F94982580914D0590914E0500
:1027B000A0914F05B0915005E091A306F091A406B9
:1027C00080819091A2068923B1F0809111079091A8
:1027D00012078830910559F08091341E8E7F8093C6
:1027E000341E8091DC1E8F5F8093DC1E08959093D1
:1027F0001207809311070895CF92DF92EF92FF9214
:10280000CF93DF930F9498256093630570936405CD
:1028100080936505909366058091630590916405AA
:10282000A0916505B09166054091B3065091B4063C
:102830006091B5067091B606841B950BA60BB70B7D
:102840008093070790930807A0930907B0930A079E
:1028500040910707509108076091090770910A0796
:102860008091C3069091C406A091C506B091C6069A
:10287000481759076A077B0708F4A7C080916305CA
:1028800090916405A0916505B09166058093B306AB
:102890009093B406A093B506B093B606809107074F
:1028A00090910807A0910907B0910A0732E0B69508
:1028B000A795979587953A95D1F78093C3069093FE
:1028C000C406A093C506B093C6068091341E80FF4F
:1028D00026C04091A01E5091A11E6091A21E709131
:1028E000A31E8091C61C90E0B0E0A0E0841795077D
:1028F000A607B707A0F48091CA1C90E020911107A9
:10290000309112078217930709F04BC02091C11C28
:1029100027FF3DC0909312078093110738C00F9492
:1029200098256093FF0670930007809301079093AA
:1029300002070F9498256B017C01C091CA1C2C2FB3
:1029400030E050E040E060E87DE88BE590E00F94F7
:102950003D4CC21AD30AE40AF50AC092FB06D09293
:10296000FC06E092FD06F092FE06D0E0D09312073E
:10297000C09311071092C7061092C8061092C9069C
:102980001092CA068091341E81608093341E81E0CB
:102990008093B806DF91CF91FF90EF90DF90CF90BA
:1029A00008954091A01E5091A11E6091A21E7091A9
:1029B000A31E433051056105710508F4A7CF20918E
:1029C000DC1E2F5F2093DC1EA1CF8091DB0A90914B
:1029D000DC0AA091DD0AB091DE0AB695A79597951D
:1029E00087958093C3069093C406A093C506B093C1
:1029F000C606D0CFCF92DF92EF92FF920F94982528
:102A00006093490570934A0580934B0590934C055C
:102A10008091490590914A05A0914B05B0914C05D4
:102A200040914505509146056091470570914805D4
:102A3000841B950BA60BB70B80930B0790930C0789
:102A4000A0930D07B0930E07809145059091460520
:102A5000A0914705B0914805892B8A2B8B2BC1F497
:102A600010920B0710920C0710920D0710920E0790
:102A70008091490590914A05A0914B05B0914C0574
:102A80008093450590934605A0934705B09348056C
:102A900040910B0750910C0760910D0770910E0744
:102AA0008091410590914205A0914305B091440564
:102AB000481759076A077B0708F470C08091A7067A
:102AC0009091A80601969093A8068093A7068091FE
:102AD0000B0790910C07A0910D07B0910E0722E013
:102AE000B695A795979587952A95D1F78093410537
:102AF00090934205A0934305B0934405E0912202D0
:102B0000F09123021995893621E092071CF088562E
:102B10009140F9CF2091BB1C3091BC1C821B930BC0
:102B20002091311F2370223031F42091341D3091D7
:102B3000351D821B930B4091371D9C01220F331FC3
:102B400050E0A0E0B1E0A41BB50B0F94994C6B01D1
:102B50007C01A091F41EB091F51E9A010F94A14C36
:102B60006C0D7D1D8E1D9F1D20E031E040E050E08A
:102B70000F940B4C3093F51E2093F41E8091490561
:102B800090914A05A0914B05B0914C058093450565
:102B900090934605A0934705B0934805FF90EF90AA
:102BA000DF90CF9008950F949825609363057093FC
:102BB0006405809365059093660580916305909107
:102BC0006405A0916505B09166054091B3065091EA
:102BD000B4066091B5067091B606841B950BA60BE2
:102BE000B70B8093070790930807A0930907B0934A
:102BF0000A078091B3069091B406A091B506B091F2
:102C0000B606892B8A2B8B2BC1F4109207071092E2
:102C100008071092090710920A07809163059091A6
:102C20006405A0916505B09166058093B306909305
:102C3000B406A093B506B093B6064091070750912D
:102C400008076091090770910A078091C306909167
:102C5000C406A091C506B091C606481759076A0771
:102C60007B07E8F08091C31C8F778130C9F008F4AE
:102C7000AFC0823009F497C0843009F4CAC0809193
:102C8000630590916405A0916505B09166058093F8
:102C9000B3069093B406A093B506B093B606089514
:102CA0002091B3063091B4064091B5065091B60616
:102CB0008091AF069091B006A091B106B091B20696
:102CC000281B390B4A0B5B0BA3E0B0E00F942A4C96
:102CD000969587957795679560935F0570936005E6
:102CE00080936105909362058091B3069091B4063C
:102CF000A091B506B091B6068093AF069093B0064A
:102D0000A093B106B093B20640910707509108070F
:102D10006091090770910A0780915F0590916005A5
:102D2000A0916105B0916205481759076A077B07B2
:102D300038F58091BD069091BE06049708F5809104
:102D4000070790910807A0910907B0910A0752E080
:102D5000B695A795979587955A95D1F78093C30611
:102D60009093C406A093C506B093C6068091BD0695
:102D70009091BE0601969093BE068093BD067FCFCC
:102D800081E090E09093BE068093BD068093B806E4
:102D90001092C3061092C4061092C5061092C60681
:102DA0000E94050E6CCF8091070790910807A091B3
:102DB0000907B0910A07B695A795979587958093CF
:102DC000C3069093C406A093C506B093C606E8CF89
:102DD00081E08093B8068091070790910807A09141
:102DE0000907B0910A07B695A7959795879580939F
:102DF000C3069093C406A093C506B093C6068091FF
:102E0000BD069091BE0601969093BE068093BD06C6
:102E1000C7CF8091BD069091BE0601969093BE06E5
:102E20008093BD068091BD069091BE06029729F45D
:102E300081E08093B8060E94050E8091070790916B
:102E40000807A0910907B0910A0722E0B695A79557
:102E5000979587952A95D1F78093C3069093C406DA
:102E6000A093C506B093C6060ACFCF93DF932091F7
:102E70007F1E26FD08C02091DF1E211107C0809112
:102E8000E01E81112AC0DF91CF9108954111FBCF3F
:102E9000E0911C0CF0911D0CEE0FFF1FEE0FFF1FB9
:102EA000E15CFC4F608371838283938380911C0C6F
:102EB00090911D0C8E37910508F0BCC080911C0CC0
:102EC00090911D0C019690931D0C80931C0C809189
:102ED0007F1E8F7B80937F1ED6CFE0911C0CF091DC
:102EE0001D0CE054FD4F10822091A3063091A406E2
:102EF000C091A006D091A106A0919D06B0919E061A
:102F00008430B9F5888190919F06892349F0E0913A
:102F10001C0CF0911D0CE054FD4F8081816080837A
:102F20008C9190919C06892349F0E0911C0CF091C2
:102F30001D0CE054FD4F808182608083F901808107
:102F40009091A206892349F0E0911C0CF0911D0C90
:102F5000E054FD4F8081846080834230C9F5E09168
:102F60001C0CF0911D0CE054FD4F80818860808323
:102F70002FC0F90190812091A206922349F0E0919F
:102F80001C0CF0911D0CE054FD4F908191609083DA
:102F90008330D9F58C9190919C06892349F0E0917A
:102FA0001C0CF0911D0CE054FD4F808182608083E9
:102FB000888190919F06892349F0E0911C0CF09143
:102FC0001D0CE054FD4F8081846080834111C7CF88
:102FD0008091341E80FF09C0E0911C0CF0911D0C03
:102FE000E054FD4F8081806180838091B806E0913C
:102FF0001C0CF0911D0CE054FD4F8823C1F0808122
:10300000806280830F94982543CF888190919F069A
:10301000892349F0E0911C0CF0911D0CE054FD4F08
:103020008081826080838C9190919C06C4CF808146
:103030008F7DE7CF80917F1E80644CCF80912A0BDB
:103040008F7D80932A0B80912A0B806280932A0BBC
:103050008091DC078330E1F4E0919D06F0919E06BB
:10306000808190919C068923F1F48091E01E882351
:1030700019F180912A0B85FF1FC060910B07709199
:103080000C0780910D0790910E0742E00C943517C4
:10309000823079F4E0919D06F0919E0680819091B6
:1030A0009C06892311F7E0910A02F0910B02199511
:1030B000DCCF8130C1F3D9CF089580912A0B8F7D69
:1030C00080932A0B80912A0B806280932A0B809137
:1030D000DE078330E1F4E091A006F091A106808143
:1030E00090919F068923F1F48091E01E882319F1C5
:1030F00080912A0B85FF1FC0609107077091080718
:103100008091090790910A0741E00C9435178230AD
:1031100079F4E091A006F091A106808190919F063C
:10312000892311F7E0910C02F0910D021995DCCF83
:103130008130C1F3D9CF089580912A0B8F7D809380
:103140002A0B8091DA078330F9F4E091A306F0911D
:10315000A40680819091A206892329F59091DF1E13
:10316000992319F090912A0B95FF8091E01E8823F6
:1031700009F1609103077091040780910507909110
:10318000060740E00C943517823059F4E091A3060D
:10319000F091A40680819091A206892321F080E01D
:1031A000DDCF8130E1F7E0910802F0910902199535
:1031B00081E0D4CF0895CF92DF92EF92FF92CF9328
:1031C000C82F0F949825C0909506D0909606E09051
:1031D0009706F09098069B01AC012C193D094E0909
:1031E0005F0969017A01A091EB1DB0E020EA36E8A1
:1031F00041E050E00F942A4C6C157D058E059F052B
:1032000008F042C00F949825C0909506D09096067D
:10321000E0909706F09098069B01AC012C193D09AF
:103220004E095F0969017A01A091EB1DB0E020EA27
:1032300036E841E050E00F942A4CC61AD70AE80A53
:10324000F90AA091EC1DB0E00F942A4C9B01AC014F
:10325000C701B6010F943D4C809199068217D8F4AE
:10326000322F381B9091ED1D399F802D1124209312
:103270009906C091DD1E282F082E000C330BC217B3
:10328000130659F054F0C81B8C2FCF91FF90EF908C
:10329000DF90CF90089580E0ECCF8091831E877FF0
:1032A0008093831E109295061092960610929706B0
:1032B000109298061092DE1EC0E0E6CF80911A0BA5
:1032C00090911B0B2091BB1C3091BC1C821B930B5B
:1032D0000E946DF22091440C22952F70243051F001
:1032E00018F4233009F108952630F1F0283009F45C
:1032F00056C008950197843B910568F082E090E004
:1033000090937A058093790581E090E09093780519
:1033100080937705089581E090E090937A058093FB
:10332000790582E090E0F2CF9C01295731092837D6
:10333000310598F482E090E090937A0580937905C6
:1033400083E090E0909378058093770581E090E0AA
:10335000909376058093750508950197803F9105B8
:1033600078F083E090E090937A058093790581E08E
:1033700090E0909378058093770582E090E0E8CF25
:1033800081E090E090937A058093790582E090E067
:10339000909378058093770583E090E0D9CF9C01E6
:1033A0002B5531092A353105C8F482E090E090931D
:1033B0007A058093790583E090E090937805809377
:1033C000770584E090E0909376058093750581E021
:1033D00090E0909368058093670508959C01255BB4
:1033E00031092A353105A8F483E090E090937A05FD
:1033F0008093790584E090E0909378058093770539
:1034000081E090E0909376058093750582E090E0EE
:10341000E0CF01978E309140A8F084E090E0909347
:103420007A058093790581E090E090937805809308
:10343000770582E090E0909376058093750583E0B0
:1034400090E0C7CF81E090E090937A058093790572
:1034500082E090E0909378058093770583E090E098
:10346000909376058093750584E090E0B2CF9B0140
:10347000AC012F3F8FEF380741055105B0F4AB0188
:10348000CB0196958795B0E0A0E09957AC46BC4F2C
:10349000BC01CD010E94DEE3803526E4920788F06E
:1034A0008091351E9091361E0895CA019695879594
:1034B0007795679579578C469C4F0F943D4CC90181
:1034C000EBCF08956091DB0A7091DC0A8091DD0AF0
:1034D0009091DE0A0C94371A0F931F930F94D52501
:1034E0000091AA021091AB022091AC023091AD0282
:1034F000601B710B820B930B21E0613971408105D8
:10350000910508F420E0822F1F910F9108950F93E9
:103510001F93CF93DF938C01EC01C60FD71FC01709
:10352000D107F1F00E946C1A81111AC080919A069D
:1035300090919B06DC01ED91FC910084F185E02DDA
:103540001995892B61F380919A0690919B06DC0175
:10355000ED91FC910284F385E02D19958A93DFCFDC
:10356000DF91CF911F910F910895CF93DF9300D0FA
:103570001F92CDB7DEB764E070E0CE0101960E94E5
:10358000871A0E946C1A81110BC069817A818B8124
:103590009C810F900F900F900F90DF91CF91089525
:1035A00060E070E0CB01F5CFCF93DF931F921F92C5
:1035B000CDB7DEB762E070E0CE0101960E94871AB7
:1035C0000E946C1A811107C089819A810F900F9017
:1035D000DF91CF91089590E080E0F8CFCF93C82F8E
:1035E000843690F469ED72E180919A0690919B0681
:1035F0000F94192ACA3040F467ED72E180919A065F
:1036000090919B060F94192A4C2F50E070E060E0D7
:103610002AE080919A0690919B060F949C296BED6D
:1036200072E180919A0690919B06CF910D94192A90
:103630000F931F93CF93DF93EC018B0180919A0638
:1036400090919B06C017D10781F0499150E070E03E
:1036500060E02AE00F949C2965ED72E180919A0662
:1036600090919B060F94192AE9CFDF91CF911F917A
:103670000F910D94E8290F931F93CF93DF93EC01E3
:103680008B01C017D10741F0699180919A06909102
:103690009B060F94EC29F5CFDF91CF911F910F91ED
:1036A0000895CF93DF93EC0181E090E090931F0C9D
:1036B00080931E0CCE010E94BB0ED093720AC09361
:1036C000710ABE0190E080E00F94B2209093700ADE
:1036D00080936F0A249621E030E0C817D90711F4CF
:1036E00030E020E030931F0C20931E0CDF91CF912F
:1036F0000895CF938091510D80739091C71C90FDD8
:1037000069C0803109F03FC08091EE1E833091F195
:1037100040F4813061F1C091550D823049F0CF9174
:103720000895853069F148F1C091590D8630B9F797
:103730004091351E5091361E6091451E70E0660F17
:10374000771F84E095E10E94B5F2C89FC001112463
:10375000880F991F880F991F813127E2920710F077
:1037600080E197E29093A91E8093A81ED8CFC091C4
:10377000540DDECFC091560DDBCFC091570DD8CF81
:10378000C091580DD5CF803251F68091EE1E833016
:10379000C1F038F4813071F0823009F68091550D16
:1037A0000BC08530A1F080F0863009F0B8CF809151
:1037B000590D02C08091540D28EC829FC001112444
:1037C000D1CF8091560DF8CF8091570DF5CF8091D4
:1037D000580DF2CF803109F064C08091EE1E833025
:1037E00009F456C050F5813081F1C091550D8230F9
:1037F00009F095CF4091351E5091361E6091451EBF
:1038000070E0660F771F84E095E10E94B5F2C89FD3
:10381000C001112464E670E00F94C84B660F771F57
:10382000660F771F611522E0720768F18FEF91E054
:103830009093A51E8093A41E72CF853079F158F124
:10384000C091590D8630B1F26ACFC091540D4091AC
:10385000351E5091361E6091451E70E0660F771F31
:1038600084E095E10E94B5F2C89FC001112464E68E
:1038700070E00F94C84B660F771F660F771F6115B6
:1038800082E0780798F67093A51E6093A41E47CF38
:10389000C091560DDCCFC091570DACCFC091580DE3
:1038A000D6CF803209F03BCF8091EE1E8330C1F03D
:1038B00040F4813079F0823009F031CF8091550D9C
:1038C0000BC0853099F078F0863009F028CF8091D0
:1038D000590D02C08091540D90E0880F991FA8CF18
:1038E0008091560DF9CF8091570DF6CF8091580DEC
:1038F000F3CF9C0121503240283141E0340728F0B9
:103900002F5F3E4F2230310530F42091351E30912B
:10391000361E232B19F5843023E0920709F4A4C244
:1039200008F0B4C08D3042E0940709F426C208F0D4
:1039300051C0853032E0930709F4E7C1F8F48130D3
:1039400022E0920709F4C2C158F4811541E09407BE
:1039500009F499C18130914009F4B2C180E0089521
:103960002091A61E833032E0930709F4C0C108F409
:10397000B4C121FFA3C10E9486DEA0C12091A61E72
:10398000893032E0930709F4DDC178F4873032E002
:10399000930709F4D2C108F4C2C121FF8FC10E946C
:1039A000E0DD809172088B7F9FC18B3032E09307FE
:1039B00009F4DBC108F4D4C121FF05C0809172086D
:1039C0008860809372088091720883FD77C10E949D
:1039D00077DD74C1843122E0920709F4FCC168F5F7
:1039E000803142E0940709F4D9C1C8F48E3032E046
:1039F000930709F4C9C18F30924009F0AFCF80918D
:103A0000A61E81FF05C080917208806180937208B4
:103A10008091720884FD52C10F9406024FC120911B
:103A2000A61E823132E0930709F4C7C108F4BDC174
:103A300021FF44C10F94690141C1883122E09207FE
:103A400009F4E6C188F42091A61E863142E094076D
:103A500009F4D9C108F4C9C121FF30C10F94D400C1
:103A6000809172088F7740C1823043E0940709F457
:103A7000DFC108F0E9C18130934009F06FCF809138
:103A8000A61E81FF1BC10E9427DD18C1833143E0C0
:103A9000940709F44FC208F05FC08B3033E09307FE
:103AA00009F410C268F5873023E0920709F4EDC1EC
:103AB000C8F4853043E0940709F4DDC186309340B3
:103AC00009F04CCF8091A61E81FF05C0809171083E
:103AD0008260809371088091710881FDEFC00E941F
:103AE00035DCECC02091A61E893033E0930709F441
:103AF000DBC108F4D1C121FFE1C00E9469DBDEC057
:103B00002091A61E8F3033E0930709F4F8C178F4B2
:103B10008D3033E0930709F4EDC108F4DDC121FFD6
:103B2000CDC00E949DDA809171088F7E8AC181315B
:103B300033E0930709F4F6C108F4EFC121FF05C093
:103B4000809171088062809371088091710885FD71
:103B5000B5C00F943C00B2C0823022E39207E8F572
:103B6000811532E3930708F0A9C0863143E094073A
:103B700009F4F1C1C8F4843133E0930709F4E1C1D9
:103B80008531934009F0EACE8091A61E81FF05C0E1
:103B9000809171088064809371088091710886FD1E
:103BA0008DC00E94ACFF8AC0873123E0920709F4E0
:103BB000D9C18831934009F0D1CE8091A61E81FFF2
:103BC00005C08091710880688093710880917108A8
:103BD00087FD74C00E9436FF71C0833049E99407A5
:103BE00009F412C268F5813039E9930709F4DAC1A2
:103BF00008F0F1C18115994909F0B0CE8091860C89
:103C00008370813009F0B8C1E0919E0CE295EF70AD
:103C1000F0E0EE0FFF1FE555F14E808191816CE3DE
:103C200070E00F94C84B7093880C6093870C81E010
:103C30000E9470EA8091811E88608093811E3EC040
:103C4000853039E9930709F411C208F4F6C18630CA
:103C5000994909F083CE2091EB1E3091EC1E21157D
:103C6000310561F1A0E1B7E20F945F4C2091351E60
:103C70003091361E50E040E00F943D4C3093950C4F
:103C80002093940CD4CF8091A61E8D7F8093A61E86
:103C90000E94D7DC0E9435DC0E94ADDB0E9425DB50
:103CA0000E949DDA0E94C2DE0E9449DE0E94E0DD91
:103CB0000E9477DD109272081092710881E00895D9
:103CC0008091A61E82608093A61EF8CF8091A61ECA
:103CD00081FFF4CF0E94FFDEF1CF21FFEFCF0E94E2
:103CE000C2DE809172088E7F80937208E7CF21FF39
:103CF00005C080917208816080937208809172087B
:103D000080FDDCCF0E94C2DED9CF8091A61E81FF4C
:103D1000D5CF0E9449DE809172088D7FE5CF21FFCB
:103D200005C0809172088260809372088091720849
:103D300081FDC4CF0E9449DEC1CF21FFBFCF0E94C9
:103D400015DEBCCF21FF05C080917208846080938E
:103D500072088091720882FDB1CF0E94E0DDAECF83
:103D600021FFACCF0E94ACDDA9CF21FFA7CF0E94DD
:103D700077DD80917208877FB7CF8091A61E81FF83
:103D80009DCF0F9441029ACF8091A61E81FF96CFBE
:103D90000F940602809172088F7EA6CF8091A61E96
:103DA00081FF8CCF0F94D10189CF21FF87CF0F9452
:103DB0009A01809172088F7D97CF21FF05C0809175
:103DC00072088062809372088091720885FD76CFB8
:103DD0000F949A0173CF8091A61E81FF6FCF0F942D
:103DE0003601809172088F7B7FCF21FF05C08091C3
:103DF00072088064809372088091720886FD5ECF9D
:103E00000F9436015BCF21FF59CF0F94060156CF97
:103E10008091A61E81FF05C0809172088068809302
:103E200072088091720887FD49CF0F94D40046CF65
:103E30008091A61E81FF42CF0E94D7DC809171083D
:103E40008E7F809371083ACF8091A61E81FF05C0B6
:103E5000809171088160809371088091710880FD64
:103E60002DCF0E94D7DC2ACF8091A61E81FF26CFBE
:103E70000E9489DC23CF8091A61E81FF1FCF0E9464
:103E800035DC809171088D7FDCCF8091A61E81FF8B
:103E900015CF0E94F1DB12CF21FF10CF0E94ADDBC6
:103EA000809171088B7FCDCF21FF05C08091710873
:103EB0008460809371088091710882FDFFCE0E941A
:103EC000ADDBFCCE8091A61E81FFF8CE0E9425DBE3
:103ED00080917108877FB5CF21FF05C0809171085F
:103EE0008860809371088091710883FDE7CE0E94FD
:103EF00025DBE4CE21FFE2CE0E94E1DADFCE21FF16
:103F000005C080917108806180937108809171086B
:103F100084FDD4CE0E949DDAD1CE21FFCFCE0F9466
:103F20008800CCCE21FFCACE0F943C00809171084E
:103F30008F7D87CF8091A61E81FFC0CE0E94F4FFA7
:103F4000BDCE8091A61E81FFB9CE0E94ACFF8091AC
:103F500071088F7B76CF8091A61E81FFAFCE0E9425
:103F600071FFACCE8091A61E81FFA8CE0E9436FFC5
:103F7000809171088F7765CF80E00E94D0F29B011D
:103F8000AC01211531054105510509F497CE60E0DA
:103F900077E883E993E00F943D4C3093880C2093AD
:103FA000870C45CE2091EB1E3091EC1E211531057A
:103FB00009F484CEA0E1B7E20F945F4C2091351E46
:103FC0003091361E50E040E00F943D4C30938B0C06
:103FD00020938A0C2CCE2091EB1E3091EC1E2115E3
:103FE000310509F46BCEA0E1B7E20F945F4C20914C
:103FF000351E3091361E50E040E00F943D4C30931A
:104000008D0C20938C0C13CE2091EB1E3091EC1E66
:104010002115310509F452CEA0E1B7E20F945F4CAF
:104020002091351E3091361E50E040E00F943D4CFB
:1040300030938F0C20938E0CFACD2091EB1E309193
:10404000EC1E2115310509F439CEA0E1B7E20F9439
:104050005F4C2091351E3091361E50E040E00F94A9
:104060003D4C3093910C2093900CE1CD2091EB1EB0
:104070003091EC1E2115310509F420CEA0E1B7E204
:104080000F945F4C2091351E3091361E50E040E079
:104090000F943D4C3093930C2093920CC8CD08950F
:1040A000E091CA1CF0E088E691E0BF010F94B44BA8
:1040B00070931407609313078091C01C81FF09C09F
:1040C00080ED92E0BF010F94B44B7093140760939E
:1040D00013078FEF90E090931207809311078CE203
:1040E00091E0E89F9001E99F300DF89F300D112479
:1040F00050E040E060E472E48FE090E00F940B4CFD
:104100002093C7063093C8064093C9065093CA0649
:1041100081E493E0A0E0B0E08093C3069093C406EE
:10412000A093C506B093C60680912A0B8E7F80931C
:104130002A0B80912A0B826080932A0B80912A0B94
:10414000806480932A0B80912A0B886080932A0BCD
:104150002091130730911407A5E0BDE00F945F4C48
:104160006093040270930502809306029093070205
:10417000089520910F07309110072817390730F460
:104180004091CA1C4817190608F0C901620F732F25
:10419000711D8617970708F4BC01CB010895209183
:1041A000CA1C260F3327331F181619061CF0820F5E
:1041B000931F08952817390714F4821B930B089551
:1041C000262F60911307709114074091BB1C5091EA
:1041D000BC1C841B950B0F94B44BCB01622F0C9429
:1041E000CF20CF938091C71C8C718C3029F48091A3
:1041F000C01CC091CA1C81FDC0E06C2F80911A0BBD
:1042000090911B0B0E94E02090937A058093790592
:104210006C2F80914C0890914D080E94E020909363
:104220007805809377056C2F80914A0890914B0810
:104230000E94E02090937605809375056C2F809105
:104240004808909149080E94E02090936805809367
:1042500067056C2F80913608909137080E94E02006
:1042600090935A0580935905CF910895CF93C62F07
:1042700060911307709114072091BB1C3091BC1CF6
:10428000821B930B0F94B44BCB012091CA1C2D3091
:1042900008F001976C2F0E94CF206C2FCF910C94C7
:1042A000B920CF938091C71C8471843049F48091E8
:1042B000C01C81FD05C08091440CC091CA1C82FDC8
:1042C000C0E06C2F80911A0B90911B0B0E9436213D
:1042D00090937A05809379056C2F80914C0890918A
:1042E0004D080E94362190937805809377056C2FB6
:1042F00080914A0890914B080E9436219093760550
:10430000809375056C2F80914808909149080E9410
:10431000362190936805809367056C2F809136084D
:10432000909137080E94362190935A058093590541
:10433000CF9108959B01AC018091C71C8295869511
:104340008370813071F020F08230D9F08330F1F049
:104350001092C7061092C8061092C9061092CA069B
:10436000089572E056954795379527957A95D1F738
:104370002093C7063093C8064093C9065093CA06D7
:1043800008955695479537952795F2CFA3E0B0E06D
:104390000F942A4C22E096958795779567952A95F4
:1043A000D1F76093C7067093C8068093C9069093AF
:1043B000CA0608950F9498256093690570936A055D
:1043C00080936B0590936C058091690590916A05C7
:1043D000A0916B05B0916C0540915105509152052B
:1043E0006091530570915405841B950BA60BB70B78
:1043F0008093030790930407A0930507B0930607E3
:1044000040910307509104076091050770910607DA
:104410008091C7069091C806A091C906B091CA06BE
:1044200084179507A607B70760F08091A01E9091AA
:10443000A11EA091A21EB091A31E892B8A2B8B2BAB
:10444000C9F48091B7068F5F8093B7068091341EC0
:1044500080FD11C08091690590916A05A0916B055E
:10446000B0916C058093FF0690930007A09301071D
:10447000B093020708958091B7068330D8F38091F6
:104480002A0B806280932A0B8091690590916A05BE
:10449000A0916B05B0916C058093510590935205E6
:1044A000A0935305B09354051092B706809111075D
:1044B00090911207019690931207809311078091B3
:1044C000110790911207019739F08091110790918F
:1044D00012078E9708F43FC081E090E09093120796
:1044E000809311078091BF069091C006A091C106EC
:1044F000B091C2068093B9069093BA06A093BB060A
:10450000B093BC068091690590916A05A0916B05F6
:10451000B0916C058093BF069093C006A093C1062E
:10452000B093C2068091B80691E089278093B806BF
:104530008091A01E9091A11EA091A21EB091A31ED9
:104540000196A11DB11D8093A01E9093A11EA09362
:10455000A21EB093A31E609103077091040780917F
:104560000507909106070E949A218091FF0690917D
:104570000007A0910107B09102078093FB0690937A
:10458000FC06A093FD06B093FE0664CF8091110750
:10459000909112070D9731F48091341E8E7F809395
:1045A000341E08950F9498256093690570936A05E9
:1045B00080936B0590936C058091690590916A05D5
:1045C000A0916B05B0916C054091FF0650910007DA
:1045D0006091010770910207841B950BA60BB70B26
:1045E0008093030790930407A0930507B0930607F1
:1045F00040910307509104076091050770910607E9
:104600008091C7069091C806A091C906B091CA06CC
:10461000481759076A077B0708F47AC08091110789
:1046200090911207892B09F074C081E090E090937B
:104630001207809311078091BF069091C006A09148
:10464000C106B091C2068093B9069093BA06A093B2
:10465000BB06B093BC068091690590916A05A09154
:104660006B05B0916C058093BF069093C006A09334
:10467000C106B093C2068091341E81608093341EBF
:104680008091A01E9091A11EA091A21EB091A31E88
:104690000196A11DB11D8093A01E9093A11EA09311
:1046A000A21EB093A31E8CE390E090931407809316
:1046B000130760910307709104078091050790919B
:1046C00006070E949A2180912A0B806280932A0B10
:1046D0008091FF0690910007A0910107B091020719
:1046E0008093FB069093FC06A093FD06B093FE0614
:1046F0008091690590916A05A0916B05B0916C0558
:104700008093FF0690930007A0930107B0930207E0
:1047100008958091110790911207019690931207C6
:1047200080931107A0911107B0911207E091110732
:10473000F0911207AA0FBB1FA753B94FEE0FFF1F2F
:10474000E953F94F8D919C9120813181821B930B0C
:10475000ACCF8F929F92AF92BF92CF92DF92EF92A7
:10476000FF924B015C018091DB0A9091DC0AA091E1
:10477000DD0AB091DE0A88159905AA05BB0509F482
:104780004AC08092DB0A9092DC0AA092DD0AB092C5
:10479000DE0A9A2D892D782D66276C547F4F8F4F16
:1047A0009F4F28E6C22EDD24D394E12CF12CA701E3
:1047B00096010F943D4C20933D0530933E05409368
:1047C0003F0550934005D701C6019C01A69537953A
:1047D0002795912D9795812DD90175016401F69446
:1047E000E794D794C794BC01CD016C0D7D1D8E1D3F
:1047F0009F1DA50194010F943D4C30933C052093DF
:104800003B0581E0FF90EF90DF90CF90BF90AF909D
:104810009F908F90089580E0F5CFCF92DF92EF9236
:10482000FF928091341E80FF79C08091FF069091A5
:104830000007A0910107B0910207892B8A2B8B2BCF
:1048400009F46CC08091FB069091FC06A091FD06D6
:10485000B091FE06892B8A2B8B2B09F45FC08091C7
:10486000A01E9091A11EA091A21EB091A31E02971E
:10487000A105B105C8F5F8942091FF063091000715
:1048800040910107509102078091FB069091FC0630
:10489000A091FD06B091FE06281B390B4A0B5B0B5D
:1048A000A4EBB0E00F942A4C0E94A9237894C09006
:1048B000DB0AD090DC0AE090DD0AF090DE0AC70146
:1048C000B6010E94371ACC0CDD1CEE1CFF1CC092F6
:1048D0000402D0920502E0920602F0920702FF90D5
:1048E000EF90DF90CF900895F8946091BF0670919B
:1048F000C0068091C1069091C206C090B906D090C2
:10490000BA06E090BB06F090BC066C197D098E09D2
:104910009F099695879577956795C6CF90E080E03B
:10492000DECFCF92DF92EF92FF920F9498256093A3
:10493000690570936A0580936B0590936C0580916F
:10494000690590916A05A0916B05B0916C05409145
:10495000FF06509100076091010770910207841BC8
:10496000950BA60BB70B8093030790930407A093B6
:104970000507B09306078091690590916A05A0919B
:104980006B05B0916C058093FF0690930007A09390
:104990000107B093020780912A0B806280932A0B53
:1049A0008091341E80FFC3C080911107909112073F
:1049B00001969093120780931107809111079091AF
:1049C0001207499709F053C081E090E090931207D5
:1049D000809311078091BF069091C006A091C106F7
:1049E000B091C2068093B9069093BA06A093BB0615
:1049F000B093BC068091690590916A05A0916B0502
:104A0000B0916C058093BF069093C006A093C10639
:104A1000B093C2068091A01E9091A11EA091A21EEB
:104A2000B091A31E0196A11DB11D8093A01E90936D
:104A3000A11EA093A21EB093A31E6091BF06709109
:104A4000C0068091C1069091C206C090B906D09070
:104A5000BA06E090BB06F090BC066C197D098E0981
:104A60009F09FF90EF90DF90CF900C94A923809145
:104A7000110790911207479789F080911107909143
:104A800012070F9759F080911107909112070E9716
:104A9000B9F5FF90EF90DF90CF90089580911107C6
:104AA000909112070196909312078093110720911D
:104AB000AB063091AC064091AD065091AE06C09069
:104AC0000307D0900407E0900507F090060756957D
:104AD000479537952795A3E0B0E00F942A4CC6166A
:104AE000D706E806F906A8F68091341E8E7F8093DB
:104AF000341E81E090E09093120780931107C9CF94
:104B00008091110790911207469719F2809103073F
:104B100090910407A0910507B09106078093AB061A
:104B20009093AC06A093AD06B093AE06B2CF2091A1
:104B3000AB063091AC064091AD065091AE06C090E8
:104B40000307D0900407E0900507F09006075695FC
:104B5000479537952795A3E0B0E00F942A4CC616E9
:104B6000D706E806F90608F460C08091AB0690917C
:104B7000AC06A091AD06B091AE06892B8A2B8B2B8B
:104B800009F453C080911107909112070F9709F013
:104B9000B0CF8091341E81608093341E80E190E01C
:104BA0009093120780931107C0906905D0906A0511
:104BB000E0906B05F0906C052091AB063091AC064F
:104BC0004091AD065091AE06AFE0B0E00F942A4C94
:104BD000C61AD70AE80AF90AC092BF06D092C006E0
:104BE000E092C106F092C206C090BF06D090C00607
:104BF000E090C106F090C2062091AB063091AC0661
:104C00004091AD065091AE06A8E1B0E00F942A4C59
:104C1000C61AD70AE80AF90AC092B906D092BA06AB
:104C2000E092BB06F092BC0634CF809111079091C0
:104C300012070196909312078093110767CFCF92C6
:104C4000DF92EF92FF920F931F93C090A01ED0901F
:104C5000A11EE090A21EF090A31E0091C61C10E0C1
:104C600030E020E0C016D106E206F30608F460C08A
:104C70009091341E90FD04C09091811E94FF58C005
:104C80000091FB061091FC062091FD063091FE0676
:104C9000012B022B032B09F44BC0C090FF06D090D0
:104CA0000007E0900107F09002070091FB061091C9
:104CB000FC062091FD063091FE060C151D052E0503
:104CC0003F05B0F5E62FF8942091FF0630910007DC
:104CD0004091010750910207C090FB06D090FC065E
:104CE000E090FD06F090FE062C193D094E095F0983
:104CF000A82FB0E00F942A4C04C09695879577951D
:104D00006795EA95D2F70E94A9237894882381F0C9
:104D10006091DB0A7091DC0A8091DD0A9091DE0AD5
:104D20001F910F91FF90EF90DF90CF900C94371A66
:104D30008091351E9091361E1F910F91FF90EF903C
:104D4000DF90CF900895CF92DF92EF92FF92F89488
:104D50009FB7F8942091341E20FF6AC09FBF4091F6
:104D6000351E5091361E2091CC1E3091CD1E42171B
:104D7000530768F44091A01E5091A11E6091A21E9D
:104D80007091A31E452B462B472B09F456C040912A
:104D9000B9065091BA066091BB067091BC06452BCE
:104DA000462B472B09F449C0C090BF06D090C006DF
:104DB000E090C106F090C2064091B9065091BA0643
:104DC0006091BB067091BC064C155D056E057F05B4
:104DD000A0F5282F6091BF067091C0068091C10692
:104DE0009091C206C090B906D090BA06E090BB067A
:104DF000F090BC066C197D098E099F0904C0969538
:104E00008795779567952A95D2F70E94A9238823DD
:104E1000A1F078946091DB0A7091DC0A8091DD0A40
:104E20009091DE0AFF90EF90DF90CF900C94371AAC
:104E30002091811E9FBF24FD92CF78948091351ED2
:104E40009091361EFF90EF90DF90CF900895809163
:104E5000341E80FF19C08091110790911207892B91
:104E600099F02091351E3091361E8091CC1E909184
:104E7000CD1E2817390728F460E08091CA1C0C94D5
:104E80001F2680E00C94A32690E080E00895CF9345
:104E9000DF938091341E80FF45C02091351E3091F4
:104EA000361E8091CC1E9091CD1E28173907A8F58B
:104EB000F894C0911307D09114072091FF06309108
:104EC000000740910107509102078091FB069091E5
:104ED000FC06A091FD06B091FE06281B390B4A0B7B
:104EE0005B0BA4E2B0E00F942A4C0E94A9237894B3
:104EF000DE0120E037E843E953E00F94354C209180
:104F0000DB0A3091DC0A4091DD0A5091DE0A0F94F1
:104F10003D4CC901DF91CF91089580E0DF91CF91A1
:104F20000C94A32690E080E0F5CF2091351E3091BF
:104F3000361E8091CC1E9091CD1E2817390798F40B
:104F40008091341E80FF0FC08091FF069091000772
:104F5000A0910107B0910207892B8A2B8B2B11F5A9
:104F600090E080E0089581E00E94A3264091DB0A52
:104F70005091DC0A6091DD0A7091DE0A440F551FE2
:104F8000661F771F4B3428E9520725E06207710539
:104F9000B8F04093040250930502609306027093A8
:104FA000070208958091FB069091FC06A091FD06F2
:104FB000B091FE06892B8A2B8B2B91F20C94FAD69A
:104FC0004BE458E965E070E0E4CF8091341E80FF47
:104FD00049C02091351E3091361E8091CC1E909193
:104FE000CD1E28173907D0F48091FF069091000755
:104FF000A0910107B0910207892B8A2B8B2B91F18D
:105000008091FB069091FC06A091FD06B091FE06F2
:10501000892B8A2B8B2B31F10C94FAD681E00E94DC
:10502000A3264091DB0A5091DC0A6091DD0A709161
:10503000DE0A440F551F661F771F4B3428E95207BD
:1050400025E06207710548F0409304025093050281
:10505000609306027093070208954BE458E965E0F7
:1050600070E0F2CF90E080E0089580E00C94A326F9
:105070000C9435280C9435280C9435280C9435283C
:105080008091440C82FB882780F961E0862720917B
:10509000351E3091361E4091CC1E5091CD1E2417E6
:1050A000350718F02C3D354008F5682F80910F0723
:1050B0000E941F264091DB0A5091DC0A6091DD0AB4
:1050C0007091DE0A440F551F661F771F4B3428E985
:1050D000520725E06207710560F040930402509387
:1050E0000502609306027093070208950E94A326AA
:1050F000E1CF4BE458E965E070E0EFCF8091341EDA
:1051000080FF13C02091351E3091361E8091CC1E39
:105110009091CD1E2817390710F40C945ED780911A
:10512000C01C869581700C94A32690E080E00895C1
:105130008091351E9091361E2091CC1E3091CD1E4F
:105140008217930748F420911107309112072130FC
:10515000310541F00C945ED78091C01C869581701A
:105160000C94A32608951092B3061092B4061092E0
:10517000B5061092B6061092FF0610920007109224
:105180000107109202071092B7061092BE06109205
:10519000BD060895CF92DF92EF92FF923FB7F89449
:1051A000C090FF06D0900007E0900107F090020742
:1051B00021E06C157D058E059F05D8F0C090FF0697
:1051C000D0900007E0900107F09002076C197D096C
:1051D0008E099F0921E0C0900402D0900502E09062
:1051E0000602F09007026C157D058E059F0508F0FC
:1051F00020E03FBF822FFF90EF90DF90CF90089587
:1052000062956F70729567277F7067278295782700
:105210008F707827929589279F7089270895969592
:1052200087957795679596958795779567959695E0
:1052300087957795679508950F94982560936905EC
:1052400070936A0580936B0590936C058091690556
:1052500090916A05A0916B05B0916C054091FF0695
:10526000509100076091010770910207841B950B14
:10527000A60BB70B8093030790930407A093050731
:10528000B09306074091030750910407609105070A
:10529000709106078091C7069091C806A091C90633
:1052A000B091CA06481759076A077B0708F4B7C0C8
:1052B00080912A0B806280932A0B80911107909134
:1052C000120701969093120780931107809111079E
:1052D00090911207019731F0809111079091120778
:1052E0000597F1F581E090E0909312078093110704
:1052F0008091BF069091C006A091C106B091C206F0
:105300008093B9069093BA06A093BB06B093BC06EF
:105310008091690590916A05A0916B05B0916C052B
:105320008093BF069093C006A093C106B093C206B7
:105330008091341E81608093341E8091A01E9091D4
:10534000A11EA091A21EB091A31E0196A11DB11D88
:105350008093A01E9093A11EA093A21EB093A31EA3
:105360008091341E80FF5BC08091841E81FF0DC040
:105370008091C71C87FF09C0809111079091120787
:10538000019709F04DC00E94D7DC809111079091E0
:105390001207019709F44EC08091110790911207EE
:1053A000039709F447C08CE690E09093140780932C
:1053B000130720910307309104074091050750918E
:1053C0000607A3E0B0E00F942A4C0E940F296093D7
:1053D000C7067093C8068093C9069093CA06809149
:1053E000FF0690910007A0910107B09102078093FA
:1053F000FB069093FC06A093FD06B093FE068091F9
:10540000690590916A05A0916B05B0916C05809338
:10541000FF0690930007A0930107B0930207089539
:105420008091110790911207039709F0AECF0E9467
:1054300035DCABCF88E490E090931407809313079A
:105440008091030790910407A0910507B09106078A
:105450008093C7069093C806A093C906B093CA0666
:10546000BECF9B01AC01A0913B05B0913C050F94D0
:105470002A4CDC01CB01905CAF4FBF4F9D01990FCF
:10548000221F331FA12DAA1FB12DC9010895CF924C
:10549000DF92EF92FF92CF93DF93F894C0911107C0
:1054A000D0911207C090FF06D0900007E09001074E
:1054B000F09002070F949825609371057093720520
:1054C00080937305909374057894209719F4C09194
:1054D000CA1CD0E020911307309114072197C29F76
:1054E000C001C39F900DD29F900D11246091BF1CED
:1054F00070E00F94B44BC091BB1CD091BC1CC60F84
:10550000D71F60917105709172058091730590911C
:1055100074056C197D098E099F0960936D05709360
:105520006E0580936F05909370050E94312A8C0F51
:105530009D1F803D22E092074CF0805D9240DF91FC
:10554000CF91FF90EF90DF90CF90089597FFF7CF26
:1055500088599E4FF4CFCF92DF92EF92FF92CF9374
:10556000DF938091341E80FF4FC0F894C0911107E3
:10557000D0911207C090FF06D0900007E09001077D
:10558000F09002070F94982560937105709372054F
:1055900080937305909374057894CC0FDD1FC753E7
:1055A000D94F0990D881C02D8091BB1C9091BC1C13
:1055B000C80FD91F609171057091720580917305B4
:1055C000909174056C197D098E099F0960936D0592
:1055D00070936E0580936F05909370050E94312A39
:1055E0008C0F9D1F803D22E092074CF0805D924021
:1055F000DF91CF91FF90EF90DF90CF90089597FFCC
:10560000F7CF88599E4FF4CF90E080E0F1CFCF9252
:10561000DF92EF92FF92CF93DF93F894C09111073E
:10562000D0911207C090FF06D0900007E0900107CC
:10563000F09002070F94982560937105709372059E
:1056400080937305909374057894CC0FDD1FC75336
:10565000D94F0990D881C02D8091BB1C9091BC1C62
:10566000C80FD91F60917105709172058091730503
:10567000909174056C197D098E099F0960936D05E1
:1056800070936E0580936F05909370050E94312A88
:105690008C0F9D1F803D22E092074CF0805D924070
:1056A000DF91CF91FF90EF90DF90CF90089597FF1B
:1056B000F7CF88599E4FF4CF0F931F93CF93DF936B
:1056C000F894C0911107D09112070F949825609318
:1056D0007105709372058093730590937405009122
:1056E000FF06109100072091010730910207601B0F
:1056F000710B820B930B60936D0570936E05809315
:105700006F0590937005789405ED10E0CE30D105CB
:1057100081F00DE411E0C631D10559F080911307F5
:10572000909114078C9F80018D9F100D9C9F100DF0
:10573000112460916D0570916E0580916F059091B7
:1057400070050E94312A2091BB1C3091BC1C820F35
:10575000931F800F911F803D22E0920714F0805D1F
:10576000924040911E0250911F02209126023091DA
:105770002702241735070CF49A01281739073CF43F
:10578000821B930BDF91CF911F910F91089597FF8B
:10579000F9CF88599E4FF6CFCF92DF92EF92FF92CA
:1057A000CF93DF93F894C0911107D0911207C09066
:1057B000FF06D0900007E0900107F09002070F94D9
:1057C000982560937105709372058093730590938B
:1057D000740578948091BB1C9091BC1C209789F52E
:1057E00020911307309114074BE0429FE001439F43
:1057F000D00D1124C80FD91F6091710570917205E9
:1058000080917305909174056C197D098E099F092B
:1058100060936D0570936E0580936F05909370058E
:105820000E94312A8C0F9D1F803D22E09207BCF020
:10583000805D9240DF91CF91FF90EF90DF90CF900D
:10584000089540911307509114072197C49F900128
:10585000C59F300DD49F300D1124E901CBCF97FFA8
:10586000E9CF88599E4FE6CF8F929F92AF92BF9219
:10587000FF920F931F93CF93DF93F894C09111077A
:10588000D09112078090FF0690900007A09001072A
:10589000B0900207F090B8060F94982560937105B8
:1058A0007093720580937305909374057894209794
:1058B00011F4CDE2D0E08091130790911407219765
:1058C000C89F8001C99F100DD89F100D1124C09151
:1058D000BB1CD091BC1C60917105709172058091C8
:1058E000730590917405681979098A099B09609379
:1058F0006D0570936E0580936F05909370050E94FF
:10590000312A8C0F9D1F800F911FFF2011F08859A5
:105910009E4F803D22E0920764F0805D9240DF91CF
:10592000CF911F910F91FF90BF90AF909F908F905C
:10593000089597FFF4CF40912602509127022091BD
:105940001E0230911F02241735070CF49A01820FB2
:10595000931FE5CFCF92DF92EF92FF92CF93DF9329
:10596000F894C0911107D0911207C090FF06D09013
:105970000007E0900107F09002070F9498256093CC
:1059800071057093720580937305909374057894F4
:1059900020911107309112078091BB1C9091BC1C83
:1059A000232B41F5EC01CE58DF4F609171057091CA
:1059B000720580917305909174056C197D098E09AB
:1059C0009F0960936D0570936E0580936F059093AA
:1059D00070050E94312A8C0F9D1F803D22E09207A6
:1059E0009CF0805D9240DF91CF91FF90EF90DF902F
:1059F000CF900895CC0FDD1FC753D94F0990D881A0
:105A0000C02DC80FD91FD1CF97FFEDCF88599E4F1A
:105A1000EACF8F929F92AF92BF92FF920F931F9304
:105A2000CF93DF93F89400911107109112078090A3
:105A3000FF0690900007A0900107B0900207F09039
:105A4000B8060F9498256093710570937205809342
:105A500073059093740578948091BB1C9091BC1C45
:105A6000EC010115110549F0000F111FF801E75372
:105A7000F94FC081D181C80FD91F60917105709114
:105A800072058091730590917405681979098A09E6
:105A90009B0960936D0570936E0580936F059093DD
:105AA00070050E94312A8C0F9D1FFF2011F088592C
:105AB0009E4F803D22E0920764F0805D9240DF912E
:105AC000CF911F910F91FF90BF90AF909F908F90BB
:105AD000089597FFF4CF88599E4FF1CFCF92DF9270
:105AE000EF92FF92CF93DF93F894C0911107D0917A
:105AF0001207C090FF06D0900007E0900107F090D9
:105B000002070F9498256093710570937205809336
:105B10007305909374057894C330D105C4F5209132
:105B20001307309114072197C29FC001C39F900DA6
:105B3000D29F900D1124C091BB1CD091BC1CAA9681
:105B4000C80FD91F6091710570917205809173051E
:105B5000909174056C197D098E099F0960936D05FC
:105B600070936E0580936F05909370050E94312AA3
:105B70008C0F9D1F803D22E09207ACF0805D92402B
:105B8000DF91CF91FF90EF90DF90CF900895C330D9
:105B9000D10531F020911307309114072297C4CF1B
:105BA000C0E7D0E0CFCF97FFEBCF88599E4FE8CF2B
:105BB0008F929F92AF92BF92FF920F931F93CF93BA
:105BC000DF93F894C0911107D09112078090FF06DF
:105BD00090900007A0900107B0900207F090B806DF
:105BE0000F949825609371057093720580937305E7
:105BF000909374057894209719F4C091CA1CD0E052
:105C000080911307909114072197C89F8001C99F25
:105C1000100DD89F100D1124C091BB1CD091BC1C3D
:105C20006091710570917205809173059091740572
:105C3000681979098A099B0960936D0570936E054F
:105C400080936F05909370050E94312A8C0F9D1FE1
:105C5000800F911FFF2031F02091C01C21FD02C058
:105C600088599E4F803D22E0920764F0805D92400B
:105C7000DF91CF911F910F91FF90BF90AF909F90B8
:105C80008F90089597FFF4CF4091260250912702FC
:105C900020911E0230911F02241735070CF49A013F
:105CA000820F931FE5CFCF92DF92EF92FF92CF93B7
:105CB000DF93F89420911107309112079091B80664
:105CC000C090FF06D0900007E0900107F090020717
:105CD0007894409113075091140721503109249F63
:105CE000E001259FD00D349FD00D11242091BB1CC5
:105CF0003091BC1CC20FD31F992331F08091C01C7E
:105D000081FD02C0C859DE4F0F949825609371053C
:105D10007093720580937305909374056C197D09D7
:105D20008E099F0960936D0570936E0580936F05D2
:105D3000909370050E94312A8C0F9D1F803D22E0B8
:105D400092074CF0805D9240DF91CF91FF90EF90F1
:105D5000DF90CF90089597FFF7CF409126025091A2
:105D6000270220911E0230911F02241735070CF4E0
:105D70009A01820F931FE8CF8F929F92AF92BF92AA
:105D8000CF92DF92EF92FF92F89420912A0B26FD9A
:105D90000BC07894FF90EF90DF90CF90BF90AF90C2
:105DA0009F908F900C94312AC090FF06D0900007EE
:105DB000E0900107F09002078090FB069090FC06AF
:105DC000A090FD06B090FE06A0911307B0911407B5
:105DD00078949B01AC010F942A4CA70196012819D5
:105DE00039094A095B090F943D4CC901FF90EF90B6
:105DF000DF90CF90BF90AF909F908F900895CF92FB
:105E0000DF92EF92FF92CF93DF938091341E80FF59
:105E10004FC0F894C0911107D0911207C090FF06AF
:105E2000D0900007E0900107F09002070F949825AA
:105E30006093710570937205809373059093740558
:105E40007894CC0FDD1FC753D94F0990D881C02D4E
:105E50008091BB1C9091BC1CC80FD91F609171052B
:105E60007091720580917305909174056C197D098C
:105E70008E099F0960936D0570936E0580936F0581
:105E8000909370050E94BC2E8C0F9D1F803D22E0D8
:105E900092074CF0805D9240DF91CF91FF90EF90A0
:105EA000DF90CF90089597FFF7CF88599E4FF4CF9A
:105EB00090E080E0F1CFCF92DF92EF92FF92CF930C
:105EC000DF93F894C0911107D0911207C090FF069C
:105ED000D0900007E0900107F09002070F949825FA
:105EE00060937105709372058093730590937405A8
:105EF000789480911307909114079E0121503109E5
:105F0000289FE001299FD00D389FD00D112480914A
:105F1000BB1C9091BC1CC80FD91F6091710570917A
:105F2000720580917305909174056C197D098E0935
:105F30009F0960936D0570936E0580936F05909334
:105F400070050E94BC2E8C0F9D1F803D22E09207A1
:105F50004CF0805D9240DF91CF91FF90EF90DF9009
:105F6000CF90089597FFF7CF4091260250912702D6
:105F700020911E0230911F02241735070CF49A015C
:105F8000820F931FE8CF20913D0530913E0540914F
:105F90003F0550914005DC010F942A4C60587F4F1B
:105FA0008F4F9F4F672F782F892F992708950F9331
:105FB0001F93CF93DF93EC01CB012C813D812330E4
:105FC0003105E1F4E88DF98D00811181841B950B79
:105FD0000E946DF20E94C32FEA8DFB8D32E09695F0
:105FE0008795779567953A95D1F7600F711F718303
:105FF0006083DF91CF911F910F9108950091A01EB2
:106000001091A11E2091A21E3091A31E07301105F0
:106010002105310570F3E88DF98D00811181841B14
:10602000950B0E946DF20E94C32F22E096958795F2
:10603000779567952A95D1F7600F711F798B688BDB
:1060400081E08F8BD6CFAC018091280B9091290BEA
:10605000892B09F04EC08091351E9091361E892BF8
:1060600009F447C08091790590917A0586179707C2
:1060700041F460911A0B70911B0B84E790E10C9432
:10608000D72F80917705909178058617970739F477
:1060900060914C0870914D0884E590E1F0CF8091BB
:1060A0007505909176058617970739F460914A082F
:1060B00070914B0884E390E1E2CF80916705909165
:1060C00068058617970739F4609148087091490868
:1060D00084E190E1D4CF8091590590915A058617BB
:1060E000970739F4609136087091370884EF9FE084
:1060F000C6CF08950F9498256093690570936A053B
:1061000080936B0590936C058091690590916A0569
:10611000A0916B05B0916C054091FF06509100076E
:106120006091010770910207841B950BA60BB70BBA
:106130008093030790930407A0930507B093060785
:106140008091110790911207019690931207809306
:10615000110780912A0B806280932A0B8091FF06A1
:1061600090910007A0910107B09102078093FB0670
:106170009093FC06A093FD06B093FE0680916905FE
:1061800090916A05A0916B05B0916C058093FF0614
:1061900090930007A0930107B09302078091341EEB
:1061A00080FF63C08091110790911207893691405A
:1061B000C9F581E090E090931207809311078091D8
:1061C000BF069091C006A091C106B091C20680930F
:1061D000B9069093BA06A093BB06B093BC06809113
:1061E000690590916A05A0916B05B0916C0580934B
:1061F000BF069093C006A093C106B093C2068091DB
:10620000A01E9091A11EA091A21EB091A31E019666
:10621000A11DB11D8093A01E9093A11EA093A21E4C
:10622000B093A31E8091460C86FF1FC0809111077A
:106230009091120781509048880F991F2091BB1CA4
:106240003091BC1C820F931F20911E0230911F02BF
:1062500060911107709112072817390724F4769579
:106260006795821B930B0C9423300895CF930F9462
:1062700098256093690570936A0580936B059093E8
:106280006C058091690590916A05A0916B05B091AC
:106290006C054091FF0650910007609101077091D5
:1062A0000207841B950BA60BB70B809303079093F3
:1062B0000407A0930507B093060740910307509188
:1062C000040760910507709106078091C7069091B9
:1062D000C806A091C906B091CA06481759076A07AF
:1062E0007B0768F48091A01E9091A11EA091A21E30
:1062F000B091A31E892B8A2B8B2B09F013C280919E
:10630000110790911207019690931207809311073D
:1063100080912A0B806280932A0B20911107309183
:10632000120780910F07909110070196821793072B
:1063300009F079C081E090E09093120780931107F3
:106340008091BF069091C006A091C106B091C2068F
:106350008093B9069093BA06A093BB06B093BC068F
:106360008091690590916A05A0916B05B0916C05CB
:106370008093BF069093C006A093C106B093C20657
:106380008091A01E9091A11EA091A21EB091A31E6B
:106390000196A11DB11D8093A01E9093A11EA093F4
:1063A000A21EB093A31E8091341E80FF9DC0C09199
:1063B000C71C8C2F8076803241F02091351E3091A1
:1063C000361E2837354008F0DAC0809111079091C9
:1063D0001207019709F442C08091110790911207AA
:1063E0000397E1F180911107909112070597B1F1A0
:1063F0008091110790911207079781F18EE690E046
:10640000909314078093130720910307309104079A
:106410004091050750910607A3E0B0E00F942A4C85
:106420000E940F29F3C08091341E80FF04C0809128
:10643000C11C87FFB8CF8091BD069091BE06029720
:1064400009F0B1CF86E090E0909312078093110796
:106450008091341E81608093341EA5CF86E490E045
:10646000909314078093130780910307909104077A
:10647000A0910507B09106078093C7069093C806C0
:10648000A093C906B093CA068091460C86FF2CC023
:106490008091BB1C9091BC1C892B31F58091651EAD
:1064A000181614F5E0911107F0911207EE0FFF1F77
:1064B000E753F94F808191810E946DF2CC71CC300D
:1064C00069F02091440C22952F7030E04091110723
:1064D000509112072417350708F415C16091110770
:1064E000709112070E9423308091FF06909100075F
:1064F000A0910107B09102078093FB069093FC06E0
:10650000A093FD06B093FE068091690590916A05FF
:10651000A0916B05B0916C058093FF0690930007E6
:10652000A0930107B09302078091CC1E9091CD1EDD
:106530004E962091351E3091361E2817390708F0E7
:10654000EDC08091C71C87FFE9C080911107909131
:106550001207019709F4DEC080911107909112078C
:10656000059709F4D7C080911107909112070397FE
:1065700009F0DAC00E9435DC0E9425DBCFC08034F0
:1065800009F04DC08091110790911207019729F1F0
:1065900080911107909112070397F9F080911107EC
:1065A000909112070597C9F08091110790911207F9
:1065B000079799F08EE690E0909314078093130765
:1065C0008091030790910407A0910507B0910607F9
:1065D000B695A795979587954FCF86E490E09093D1
:1065E000140780931307209103073091040740910B
:1065F000050750910607A5E0B0E00F942A4C22E071
:1066000096958795779567952A95D1F76093C706F4
:106610007093C8068093C9069093CA0635CF80361A
:10662000F1F58091110790911207019739F180914E
:10663000110790911207039709F18091110790912A
:1066400012070597D9F080911107909112070797CB
:10665000A9F08EE690E090931407809313072091A1
:106660000307309104074091050750910607A9E000
:10667000B0E00F942A4C0E9487F2C8CF86E490E0E5
:106680009093140780931307209103073091040718
:106690004091050750910607ABE0B0E0BFCE8111F5
:1066A000F3CE1092C7061092C8061092C906109237
:1066B000CA061092C3061092C4061092C506109224
:1066C000C60680911107909112070197C9F0809139
:1066D000110790911207039799F0809111079091FB
:1066E0001207059769F0809111079091120707979B
:1066F00039F08EE690E09093140780931307C4CE90
:1067000086E490E0F8CF6091110770911207621B48
:10671000730BE8CE0E94D7DC0E94ADDB1092BE0660
:106720001092BD06CF9108958091110790911207A4
:106730000797A1F71FCF1F93CF93DF930F9498254F
:106740006093690570936A0580936B0590936C055F
:106750008091690590916A05A0916B05B0916C05D7
:106760004091FF0650910007609101077091020768
:10677000841B950BA60BB70B80930307909304071C
:10678000A0930507B09306074091030750910407B3
:1067900060910507709106078091C7069091C80621
:1067A000A091C906B091CA06481759076A077B0726
:1067B00068F48091A01E9091A11EA091A21EB0919C
:1067C000A31E892B8A2B8B2B09F0FFC280912A0BE9
:1067D000806280932A0B8091030790910407A09117
:1067E0000507B091060752E0B695A795979587954E
:1067F0005A95D1F78093C7069093C806A093C9060F
:10680000B093CA068091FF0690910007A0910107FE
:10681000B09102078093FB069093FC06A093FD06BF
:10682000B093FE068091690590916A05A0916B0571
:10683000B0916C058093FF0690930007A093010729
:10684000B0930207809111079091120701969093DF
:1068500012078093110780911107909112070197F9
:1068600059F0209111073091120780910F079091F4
:10687000100782179307C8F581E090E09093120704
:10688000809311078091BF069091C006A091C10628
:10689000B091C2068093B9069093BA06A093BB0646
:1068A000B093BC068091690590916A05A0916B0533
:1068B000B0916C058093BF069093C006A093C1066B
:1068C000B093C2068091A01E9091A11EA091A21E1D
:1068D000B091A31E0196A11DB11D8093A01E90939F
:1068E000A11EA093A21EB093A31E8091341E80FF10
:1068F0003AC28091841E81FF3EC08091C71C87FFF1
:106900003AC04091A01E5091A11E6091A21E7091AC
:10691000A31E8091C61C90E0B0E0A0E04817590784
:106920006A077B0740F18091440C807F803409F036
:1069300076C08091110790911207019789F080919C
:10694000110790911207059759F0809111079091C6
:106950001207039751F40E9435DC0E9425DB0BC01F
:106960000E94D7DC0E94ADDB06C080911107909198
:106970001207079781F31091C71C812F8076D09161
:10698000440CCD2FC07F803241F02091351E3091D4
:10699000361E2837354008F0E2C0809111079091EB
:1069A0001207019709F46BC08091110790911207AB
:1069B000039709F464C0809111079091120705971D
:1069C00009F45DC08091110790911207079709F4AF
:1069D00056C08091110790911207099709F44FC092
:1069E00080911107909112070B9709F448C0C034A9
:1069F00009F0A0C08EE690E09093140780931307EF
:106A00002091030730910407409105075091060734
:106A1000A3E0B0E00F942A4C0E940F29E8C0803612
:106A200009F0A9CF8091110790911207019779F091
:106A30008091110790911207079749F080911107F3
:106A400090911207039731F40E9435DC94CF0E9495
:106A5000D7DC91CF80911107909112070997A1F38C
:106A60008091110790911207059709F47BCF8091CF
:106A70001107909112070B9709F07DCF73CF86E431
:106A800090E0C03409F421C1C036E9F486E490E016
:106A90009093140780931307809103079091040744
:106AA000A0910507B091060742E0B695A795979586
:106AB00087954A95D1F78093C7069093C806A0930F
:106AC000C906B093CA068091460C86FF7EC18091AC
:106AD000BB1C9091BC1C892B09F077C1C03409F014
:106AE00074C18091651E18160CF06FC1E0911107FA
:106AF000F0911207EE0FFF1FE753F94F808191814C
:106B00000E946DF21C711C3061F0D295DF702D2F48
:106B100030E040911107509112072417350708F40F
:106B20001BC16091110770911207DF91CF911F91E6
:106B30000C94233082E390E0C03629F6909314073A
:106B4000809313078091030790910407A091050794
:106B5000B0910607B695A79597958795ACCF8034E9
:106B600009F05FC08091110790911207019719F108
:106B700080911107909112070397E9F08091110716
:106B8000909112070597B9F0809111079091120723
:106B9000079789F08091110790911207099759F092
:106BA00080911107909112070B9729F0C03441F59D
:106BB0008EE690E0C3CF86E490E090931407809334
:106BC0001307C03409F0BECF2091030730910407AA
:106BD0004091050750910607A5E0B0E00F942A4CBC
:106BE00032E096958795779567953A95D1F76093BA
:106BF000C7067093C8068093C9069093CA0663CFF0
:106C000082E390E090931407809313072091030789
:106C1000309104074091050750910607A3E0B0E0CA
:106C2000DDCF803609F05EC0809111079091120788
:106C30000197B9F18091110790911207039789F19B
:106C40008091110790911207059759F180911107D2
:106C500090911207079729F18091110790911207DF
:106C60000997F9F080911107909112070B97C9F0DD
:106C700082E390E0C03449F58EE690E090931407EB
:106C80008093130720910307309104074091050773
:106C900050910607A9E0B0E00F942A4C0E9487F2B9
:106CA000A6CF86E490E09093140780931307C03436
:106CB00009F048CF20910307309104074091050760
:106CC00050910607ABE0B0E0A5CE909314078093F7
:106CD00013078091030790910407A0910507B091D5
:106CE0000607E9CE1092C7061092C8061092C90690
:106CF0001092CA068091110790911207019729F10D
:106D000080911107909112070397F9F08091110774
:106D1000909112070597C9F0809111079091120781
:106D2000079799F08091110790911207099769F0E0
:106D300080911107909112070B9739F082E390E050
:106D4000C03429F48EE690E002C086E490E090938F
:106D5000140780931307B7CE609111077091120743
:106D6000621B730BE2CE1092C3061092C4061092FF
:106D7000C5061092C606E091A306F091A406808194
:106D80009091A206E091A006F091A1068923B1F4AA
:106D9000808190919F06892301F1808190919F06C7
:106DA000892399F08091B806882379F08091440C6A
:106DB000807F803411F585E090E01AC08081909149
:106DC0009F06892331F41092B806DF91CF911F916D
:106DD000089581E08093B806F8CF8091B8068823A3
:106DE000E1F28091440C807F803479F781E090E07B
:106DF0009093120780931107E8CF803631F782E035
:106E000090E090931207809311078091341E816067
:106E10008093341EDACF8091030790910407A091EC
:106E20000507B09106078093AB069093AC06A0933C
:106E3000AD06B093AE060F949825609369057093E4
:106E40006A0580936B0590936C058091690590911C
:106E50006A05A0916B05B0916C054091FF065091B9
:106E600000076091010770910207841B950BA60B28
:106E7000B70B8093030790930407A0930507B09383
:106E800006078091110790911207019690931207BF
:106E90008093110780912A0B806280932A0B809146
:106EA000FF0690910007A0910107B0910207892B7E
:106EB0008A2B8B2B09F48BC08091FB069091FC06EA
:106EC000A091FD06B091FE06892B8A2B8B2B09F42D
:106ED0007EC08091110790911207089760F181E0C0
:106EE00090E090931207809311078091BF069091D4
:106EF000C006A091C106B091C2068093B9069093D6
:106F0000BA06A093BB06B093BC0680916905909128
:106F10006A05A0916B05B0916C058093BF069093B4
:106F2000C006A093C106B093C20680912A0B80646C
:106F300080932A0B4CC08091AB069091AC06A09137
:106F4000AD06B091AE06B695A795979587958093B7
:106F50005B0590935C05A0935D05B0935E05409141
:106F6000030750910407609105077091060780910F
:106F70005B0590915C05A0915D05B0915E05481799
:106F800059076A077B0788F683E090E09093120721
:106F9000809311078091341E81608093341E80910C
:106FA0002A0B8F7B80932A0B8091A01E9091A11EAB
:106FB000A091A21EB091A31E0196A11DB11D8093A8
:106FC000A01E9093A11EA093A21EB093A31E809119
:106FD000460C86FF2BC080911107909112070397F2
:106FE00029F120911107309112078091BB1C9091DB
:106FF000BC1C8A9623303105D0F5209111073091C1
:107000001207609113077091140721503109269FD0
:10701000A001279F500D369F500D1124840F951FFE
:1070200060911107709112070E9423308091FF0632
:1070300090910007A0910107B09102078093FB0691
:107040009093FC06A093FD06B093FE06809169051F
:1070500090916A05A0916B05B0916C058093FF0635
:1070600090930007A0930107B09302070895209121
:107070001107309112076091130770911407225085
:107080003109C5CF0F9498256093690570936A05FF
:1070900080936B0590936C058091690590916A05CA
:1070A000A0916B05B0916C054091FF0650910007CF
:1070B0006091010770910207841B950BA60BB70B1B
:1070C0008093030790930407A0930507B0930607E6
:1070D00040910307509104076091050770910607DE
:1070E0008091C7069091C806A091C906B091CA06C2
:1070F000481759076A077B0708F4E6C08091341ED9
:1071000080FF30C0609103077091040780910507EC
:10711000909106070E949A21209111073091120741
:1071200080910F07909110072817390721F12091BE
:10713000341E20FF20C0209111073091120728171C
:10714000390708F4C2C08091341E80FF52C080917C
:10715000DC1E8F5F8093DC1E8091341E8E7F8093B7
:10716000341E47C01092C7061092C8061092C90676
:107170001092CA06D1CF81E090E0909312078093DD
:1071800011078091BF069091C006A091C106B091F1
:10719000C2068093B9069093BA06A093BB06B0933B
:1071A000BC068091690590916A05A0916B05B0912C
:1071B0006C058093BF069093C006A093C106B09360
:1071C000C2068091341E81608093341E8091A01E7F
:1071D0009091A11EA091A21EB091A31E0196A11D87
:1071E000B11D8093A01E9093A11EA093A21EB093E8
:1071F000A31E80912A0B806280932A0B8091C71C6A
:1072000087FF0CC08091841E81FF08C00E94D7DCDC
:107210000E9435DC0E94ADDB0E9425DB8091460C8C
:1072200086FF32C020911107309112078091130719
:107230009091140721503109289FA001299F500DDA
:10724000389F500D11248091BB1C9091BC1C840F61
:10725000951F0E946DF260911107709112072091A5
:107260000F073091100736952795409111075091DF
:1072700012072417350730F4609111077091120737
:10728000621B730B0E9423308091FF0690910007D0
:10729000A0910107B09102078093FB069093FC0632
:1072A000A093FD06B093FE068091690590916A0552
:1072B000A0916B05B0916C058093FF069093000739
:1072C000A0930107B0930207089580911107909150
:1072D0001207019690931207809311078ACF0F949B
:1072E00098256093690570936A0580936B05909368
:1072F0006C058091690590916A05A0916B05B0912C
:107300006C054091FF065091000760910107709154
:107310000207841B950BA60BB70B80930307909372
:107320000407A0930507B093060740910307509107
:10733000040760910507709106078091C706909138
:10734000C806A091C906B091CA06481759076A072E
:107350007B0708F4E0C08091110790911207019615
:10736000909312078093110780912A0B806280937B
:107370002A0B8091FF0690910007A0910107B09120
:1073800002078093FB069093FC06A093FD06B09342
:10739000FE068091690590916A05A0916B05B091F8
:1073A0006C058093FF0690930007A0930107B093AC
:1073B00002078091341E80FF70C080911107909168
:1073C0001207019751F080911107909112072091B7
:1073D000CA1C2817190608F056C081E090E0909367
:1073E0001207809311078091B80691E08927809356
:1073F000B8068091BF069091C006A091C106B091D9
:10740000C2068093B9069093BA06A093BB06B093C8
:10741000BC068091690590916A05A0916B05B091B9
:107420006C058093BF069093C006A093C106B093ED
:10743000C2068091A01E9091A11EA091A21EB091A3
:10744000A31E0196A11DB11D8093A01E9093A11EA5
:10745000A093A21EB093A31E8091C01C81FF13C0F5
:107460008091A01E9091A11EA091A21EB091A31E7A
:107470000196A11DB11D8093A01E9093A11EA09303
:10748000A21EB093A31E6091030770910407809120
:107490000507909106070E949A218091460C86FF6D
:1074A0003AC08091841E81FD36C020911107309131
:1074B0001207409113075091140721503109249F5E
:1074C000C001259F900D349F900D11242091BB1C6D
:1074D0003091BC1C820F931F2091C71C2C712C3043
:1074E00041F42091B806222321F02091C01C21FFF5
:1074F00006C060911107709112070C9423308859CF
:107500009E4F20911107309112076091CA1C620FA3
:10751000732F711DF2CF0895CF92DF92EF92FF92F9
:107520000F9498256093690570936A0580936B05A5
:1075300090936C058091690590916A05A0916B0507
:10754000B0916C054091FF065091000760910107D2
:1075500070910207841B950BA60BB70B8093030752
:1075600090930407A0930507B09306074091030783
:107570005091040760910507709106078091C70636
:107580009091C806A091C906B091CA06481759073C
:107590006A077B0708F458C280911107909112077F
:1075A0000196909312078093110780912A0B8062B5
:1075B00080932A0B8091FF0690910007A09101070C
:1075C000B0910207892B8A2B8B2B09F431C1809152
:1075D000FB069091FC06A091FD06B091FE06892B5A
:1075E0008A2B8B2B09F424C18091341EE0910F0764
:1075F000F091100780FD78C1A091CB1C2091FF066F
:10760000309100074091010750910207A13009F025
:10761000B2C18091FB069091FC06A091FD06B0914D
:10762000FE06281B390B4A0B5B0BA3E0B0E00F945E
:107630002A4C969587957795679560935B0570932F
:107640005C0580935D0590935E058091FF069091A7
:107650000007A0910107B0910207892B8A2B8B2B81
:1076600061F08091FB069091FC06A091FD06B0911F
:10767000FE06892B8A2B8B2B41F410920307109264
:1076800004071092050710920607409103075091D6
:107690000407609105077091060780915B05909142
:1076A0005C05A0915D05B0915E0584179507A6075E
:1076B000B70740F08091110790911207E817F9077A
:1076C00008F02BC180911107909112078E179F0728
:1076D00020F48091341E80FD5EC18091341E80FDB7
:1076E0006AC18091811E84FD66C11092A01E109215
:1076F000A11E1092A21E1092A31E81E090E0909312
:107700001207809311078091C31C282F2F772230F6
:1077100009F07CC1E091A006F091A1069081309122
:107720009F0687FB442740F9932331E009F430E0BA
:1077300091E0431709F46EC11092B8064091BF065C
:107740005091C0066091C1067091C2064093B9067F
:107750005093BA066093BB067093BC0640916905CE
:1077600050916A0560916B0570916C054093BF065E
:107770005093C0066093C1067093C2069091C71CD7
:107780009C719C3031F09091460C9073903309F0CD
:1077900044C14091BD065091BE06452B09F03DC144
:1077A0009091C01C91FD39C1223009F436C19091ED
:1077B000440C92FD32C19091341E90FD05C0909111
:1077C000811E90619093811E8B7721F41092BE06EA
:1077D0001092BD061092C7061092C8061092C906F4
:1077E0001092CA068091FF0690910007A0910107B0
:1077F000B09102078093FB069093FC06A093FD06D0
:10780000B093FE068091690590916A05A0916B0581
:10781000B0916C058093FF0690930007A093010739
:10782000B093020780912A0B8F7B80932A0B20C094
:107830008091FF0690910007A0910107B091020787
:107840008093FB069093FC06A093FD06B093FE0682
:107850008091690590916A05A0916B05B0916C05C6
:107860008093FF0690930007A0930107B09302074F
:107870008091460C86FFE8C08091841E81FDE4C0A3
:10788000209111073091120740911307509114076E
:1078900021503109249FC001259F900D349F900DE8
:1078A00011242091BB1C3091BC1C820F931F20918E
:1078B000C71C2C712C3061F42091B806222341F0B2
:1078C0002091C01C21FD04C02091440C22FFAEC0B9
:1078D0000E946DF26091110770911207FF90EF9076
:1078E000DF90CF900C9423308091351E9091361EFE
:1078F000803D974008F480CE209111073091120707
:10790000CF01880F991F8E0F9F1F9695879596958B
:1079100087952817390708F06FCE6091030770919B
:10792000040780910507909106070E949A21809193
:10793000FF0690910007A0910107B0910207809384
:10794000FB069093FC06A093FD06B093FE06809183
:10795000690590916A05A0916B05B0916C058093C3
:10796000FF0690930007A0930107B0930207809150
:107970002A0B80645ACFC090FB06D090FC06E090A2
:10798000FD06F090FE062C193D094E095F09B0E096
:107990000F942A4C52CE8091341E8E7F8093341ED9
:1079A0008091811E8F7E8093811E8091DC1E8F5F6F
:1079B0008093DC1E5DCF8091A01E9091A11EA091AE
:1079C000A21EB091A31E0196A11DB11D8093A01E01
:1079D0009093A11EA093A21EB093A31E8091C01CE1
:1079E00081FF8BCE8091A01E9091A11EA091A21E1E
:1079F000B091A31E0196A11DB11D8093A01E90936E
:107A0000A11EA093A21EB093A31E77CE9091B8069C
:107A100031E093279093B80691CE9091341E9160F7
:107A20009093341E9091811E9F7ECCCE88599E4F9C
:107A30000E946DF220911107309112076091CA1CCB
:107A4000620F732F711D4ACFFF90EF90DF90CF90A0
:107A50000895CF93C82F8091841E81FF12C0C091DA
:107A6000BE1C80913A0C81FF0CC06091531E709136
:107A7000541E685D7F4F8DED95E00E94CDE8CF509C
:107A8000C80F8C2FCF910895CF92DF92EF92FF9283
:107A9000CF93DF93C82F880FDD0B8091460C81FFB9
:107AA0000EC06091791E70E08DEA95E00E94CDE8ED
:107AB00088978093741EC80FD11D87FDDA95FC2E20
:107AC0008091091E8178813809F03FC08091821E23
:107AD00080FD3BC09091451E80910A1E9817A8F129
:107AE00020910B1E8091351E9091361E2817190685
:107AF00009F058F560913E1E70913F1E8091401E26
:107B00009091411E22E030E040E050E00F940B4C99
:107B100080910C1E90E0B0E0A0E0281739074A07DA
:107B20005B079CF08091571E9091581E889660913B
:107B30000E1E6817190609F044F4B9018DE895E0A6
:107B40000E94CDE8C852FC2EF80E6091571E70912D
:107B5000581E8DEE95E00E94CDE8C82F6091531E0F
:107B60007091541E685D7F4F8DED95E00E94CDE8C9
:107B7000DF2DD80FDF50DC1BCD2F20917C0C822F06
:107B8000837009F455C040916B0A50916C0A609162
:107B90006D0A70916E0A822F86958695869535E0DE
:107BA000839FC0011124092E000CAA0BBB0B4817A0
:107BB00059076A077B07E0F18091BE028823C1F173
:107BC000E091351EF091361E40917D0C84E6489F71
:107BD000A0011124E417F507B0F49091860C93707E
:107BE00051F030919C0C8091EB1E9091EC1E381757
:107BF000190649F040F022FD09C09091451E809180
:107C00007E0C981738F01092BD0212C08091781E39
:107C10008823C9F39091BD028091530D981708F005
:107C200070C18091780D82FF03C09F5F9093BD0269
:107C30008091841E81709091BE0291118CC1882325
:107C4000B1F080919F1F877079F08091761E5AE085
:107C5000859FC0011124885C91092091351E3091C7
:107C6000361E8217930718F481E08093BE028C2F92
:107C70009091801E977F9093801E90912B1F96FF6E
:107C800020C02091371E9091CE1C291708F468C19E
:107C90009091801E98609093801E9091FF0A209191
:107CA000D01C921770F42091CF1C3091230C821BB2
:107CB00033FF822F2091780D22FF03C09F5F9093A6
:107CC000FF0A9091BF1D937079F09091D01E292FDB
:107CD0002D7F213019F42091C91D821B92509230C2
:107CE00018F49091CF1D891B90915B1F96FF3FC1A7
:107CF0009091341E92FF3BC140916A1F94E6499FC8
:107D0000A001112420919D1E30919E1E241735073D
:107D100008F02DC120915C1F299F900111244091F2
:107D2000351E5091361E2417350708F020C12091CA
:107D3000451E9091BE1D291708F419C19091860C1B
:107D4000937051F09091331E2091EB1E3091EC1EF8
:107D50009217130608F40BC181E08093991E80915D
:107D6000801E82608093801E80915D1FC82F80914D
:107D7000671F83FF04C18091341E82FF00C1809180
:107D80009D1E90919E1E20916A1F44E6249F9001A3
:107D900011242817390708F0F2C02091681F249F8A
:107DA0008019910911242091351E3091361E8217B9
:107DB000930708F0E4C08091831E82608093831E45
:107DC000C091691F8091D01D8370813009F001C17D
:107DD0009091DE1E8091D11D8295869587709817AF
:107DE00008F4F5C08091831E83FFCFC0D091DD1EC3
:107DF0008091831E84FF3FC00F949825C090950604
:107E0000D0909606E0909706F09098069B01AC0102
:107E10002C193D094E095F0969017A012091EA1D7B
:107E200030E0A8EEB3E00F945F4C6C157D058E0535
:107E30009F0508F58091DE1E8F5F8093DE1E809186
:107E4000DE1E9091D11D929596959770891B990B86
:107E50009091E91DD091E81D989FD00D11240F94A9
:107E60009825609395067093960680939706909355
:107E70009806109299068D2F0E94DB189091831E10
:107E80009F7E9093831E9091E71D891708F4982F89
:107E90009093DD1EC91B80916F0D80FF0EC18091F4
:107EA0007F1E84FF0AC12091BF02A0916E0D222384
:107EB00009F401C1C0906C0DD12CF12CE12C30E003
:107EC00050E040E02C193D094E095F09B0E00F94E5
:107ED0002A4C22273327A9012C193D094E095F0995
:107EE0000F940B4CC21B9091450C93FDC091BD1C8F
:107EF0008C2FDF91CF91FF90EF90DF90CF900C947B
:107F0000293D6091761E262F30E02E5C3F4FCF0139
:107F10006AE070E00F94C84BA901461B570BBA01E9
:107F200057FF02C070E060E06536710514F064E64A
:107F300070E08DEC95E00E94CDE88F5090917C0C24
:107F40009370913019F4C82FCD0F72CE923009F092
:107F50006FCEC82F6DCE81118ACE1092BE0287CE11
:107F60009091780D92FFADCE1092FF0AAACE10929A
:107F7000991E9091801E9D7F9093801EF7CE8091D8
:107F8000831E8D7F8093831E1DCF0F949825609351
:107F90009506709396068093970690939806209185
:107FA000DE1E8091D11D829586958770281B330B2C
:107FB0009091E91D8091E81D929F800D1124909170
:107FC000831E98609093831E1092990657CF80E08D
:107FD00055CF823011F080E056CF8091831E83FF11
:107FE0004BC00F949825C0909506D0909606E090CF
:107FF0009706F09098069B01AC012C193D094E099B
:108000005F0969017A012091EA1D30E0A8EEB3E032
:108010000F945F4C6C157D058E059F0528F0D0E010
:108020008D2F0E94DB182FCF0E947AF39091D21DE2
:108030009817A8F78091DE1E8F5F8093DE1E8091D7
:10804000DE1E9091D11D929596959770891B990B84
:108050009091E91DD091E81D989FD00D11240F94A7
:108060009825609395067093960680939706909353
:10807000980610929906D4CF8091780D84FFABCFEB
:108080000E947AF39091D21D981708F0A4CF0F9414
:108090009825609395067093960680939706909323
:1080A00098068091E81D9091831E98609093831E9E
:1080B00010929906E8CECA1B16CF90916C0D909342
:1080C000BF0211CF4F925F926F927F928F929F92D9
:1080D000AF92BF92CF92DF92EF92FF920F931F93D6
:1080E000CF93DF9300D000D0CDB7DEB769E08DE548
:1080F00096E00E94A2E86091531E7091541E209158
:10810000841E8797681779070CF4CCC0277F2093CB
:10811000841E69E08DE596E00E9479E880936D1EEB
:10812000843609F4C9C0282F30E0A4E6B0E00F94EB
:108130005F4C6E5C7F4F8F4F9F4F24E630E040E0F6
:1081400050E00F943D4C2D833E83142F052F8091DA
:10815000841E81FD24C18091780D82FDB3C02091E1
:10816000EA1E222309F4AEC0A22F2093EA1E243671
:10817000A9F0B0E02D813E81412F502F0F942A4C61
:108180006E5C7F4F8F4F9F4F24E630E040E050E021
:108190000F943D4C2D833E83142F052F8091841E18
:1081A00081FF01C16091531E7091541E685D7F4F25
:1081B0008DE296E00E94CDE825E0289FD001299F1E
:1081C000B00D11241092B902A436B105A1F02D8191
:1081D0003E81412F502F0F942A4C6E5C7F4F8F4F62
:1081E0009F4F24E630E040E050E00F943D4C2D835B
:1081F0003E83142F052F8091230C8370813009F06A
:108200001DC1C0903E1ED0903F1E80917C0D90916C
:108210007D0DC81AD90A2091820D3091830D4091AD
:10822000840D50E060E472E48FE090E00F943D4CE8
:108230002C9DC0012D9D900D3C9D900D112490937F
:108240004B1E80934A1EF12CE12C8091841E80737A
:1082500009F48DC10F94982580907B1E90907C1E10
:10826000A0907D1EB0907E1E3091841E2091230C24
:10827000681579058A059B0508F4FEC0832F8F7C5D
:108280008093841E10926B1E10926A1E922F937020
:10829000913009F0EAC010924B1E10924A1EA4E6DB
:1082A000B0E005C128602093841E685D7F4F8DE596
:1082B00096E00E94CDE832CF24E62D831E8210E0A6
:1082C00000E045CFF090951E6091531E7091541EB2
:1082D000685D7F4F8DE396E00E94CDE82091841E7B
:1082E000F816190614F421FF36C09091200C8091E5
:1082F000B802891708F04DC024602093841E609155
:10830000531E7091541E685D7F4F8DE496E00E946D
:10831000CDE84C01990FAA08BB08F090B8022227BB
:108320003327A901281939094A095B09AF2DB0E0A3
:108330000F942A4C2091200C30E050E040E00F9444
:108340000B4C280D391D4A1D5B1D2C593F4FF394D2
:10835000F092B80212C024602093841E6091531ED4
:108360007091541E685D7F4F8DE496E00E94CDE8C9
:108370009C012C593F4F1092B80237FF02C030E0E9
:1083800020E02F3F310509F00CF4EECE2FEF30E066
:10839000EBCE2B7F2093841E24E630E0E5CE8B7F4E
:1083A0008093841EF9CF9091FA1D8091B9028917AC
:1083B00008F021CF6091531E7091541E685D7F4F6D
:1083C0008DE296E00E94CDE845E0489F9001499FEC
:1083D000300D1124A4E6B0E00F945F4C2091EA1E0A
:1083E00030E050E040E00F943D4C49015A01F090DC
:1083F000B90224E630E040E050E0281939094A0982
:108400005B09AF2DB0E00F942A4C2091FA1D30E0AB
:1084100050E040E00F940B4C820E931EA41EB51E3C
:10842000D401A436B10510F4A4E6B0E08091780D33
:1084300082FFCACEF394F092B902C6CEF12CE12CA1
:10844000811110C0E090451E8091491EE81AFF0876
:108450002FE02E9DC0012F9D900D11249093481E5A
:108460008093471ED12CC12CF0CE911118CF1092C1
:10847000481E1092471E13CFA0916A1EB0916B1E2A
:10848000922F9370913009F064C040914A1E509130
:108490004B1E57FF03C05195419551099091BB0266
:1084A0009417150624F4832F8F7C8093841E80916B
:1084B000841E8073B9F48091230C8370813009F09D
:1084C00033C1D7FE03C0D194C194D1088091360C3A
:1084D0008C151D040CF44EC010924B1E10924A1EB7
:1084E000A4E6B0E0B0936B1EA0936A1EF090841EC9
:1084F0008091230C85FF02C0F5FE17C0A436B1059C
:10850000A1F02D813E81412F502F0F942A4C6E5C9B
:108510007F4F8F4F9F4F24E630E040E050E00F94B4
:108520003D4C2D833E83142F052FF1FE0AC0909100
:10853000451E8091CD1C981720F01D821E8210E0F0
:1085400000E020912B1F822F8C7009F0A4C184E6DB
:10855000E4C19111ACCF4091471E5091481E57FF86
:1085600003C05195419551099091BA0299CFA4E663
:10857000B0E0A1CF80914A1E90914B1E97FF03C09F
:108580009195819591094091320C481719060CF08C
:10859000A9CF8093BB020F9498256B017C01209199
:1085A000340C30E0A0E1B7E20F945F4CC60ED71E4A
:1085B000E81EF91EC0927B1ED0927C1EE0927D1EAA
:1085C000F0927E1E20914A1E30914B1E9091841E87
:1085D00037FF08C090629093841E20919F0CA22FB9
:1085E000B0E080CF90619093841EC9016AE070E092
:1085F0000F94B44B8DE696E00E94CDE87C01E091AB
:108600005B0CB4E6DB2EED9DF001112440915C0C77
:108610002091351E3091361EE217F30738F54D9D37
:10862000A00111244217530708F44BC02E1B3F0B27
:10863000A4E6B0E00F945F4C9A012E1B3F0B032E73
:10864000000C440B550B0F943D4CD21A2D2D30E0ED
:10865000D7010F94A14C6E5C7F4F8F4F9F4F24E644
:1086600030E040E050E00F943D4C79018091531E82
:108670009091541E6091470C70E09B012852310983
:1086800082179307D4F4E091220CF0E02091210CA2
:10869000AF014752510930E084179507ACF4D70178
:1086A0000F94A14C6E5C7F4F8F4F9F4F24E630E0BC
:1086B00040E050E00F943D4C7901D701AC59BF4FD9
:1086C00011CFF12CE12CD2CF8896AC014E1B5F0B61
:1086D000A4E6DA2ED49EC001D59E900D11246E1B07
:1086E0007F0B0F94B44BD61AD901A456B1092D2D86
:1086F00030E00F94A14C6E5C7F4F8F4F9F4F24E66C
:1087000030E040E050E00F943D4C2C593F4F2E9DFF
:10871000C0012F9D900D3E9D900D112464E670E0E8
:108720000F94C84B7B01C9CF8111DCCEF7FE03C08B
:10873000F194E194F1088091350C8E151F042CF012
:108740001092481E1092471ECBCE8091471E9091EA
:10875000481E97FF03C09195819591094091330C74
:10876000481719060CF0BECE8093BA020F949825D4
:108770006B017C012091340C30E0A0E1B7E20F9452
:108780005F4CC60ED71EE81EF91EC0927B1ED0920B
:108790007C1EE0927D1EF0927E1E2091471E30913D
:1087A000481E9091841E37FD15CF90619093841ED2
:1087B000C9016AE070E00F94B44B8DE796E00E9427
:1087C000CDE87C01E0915B0C74E6D72EED9DF001C5
:1087D000112440915C0C2091351E3091361EE21719
:1087E000F30738F54D9DA00111244217530708F4F3
:1087F0004FC02E1B3F0BA4E6B0E00F945F4C9A01D4
:108800002E1B3F0B032E000C440B550B0F943D4CBD
:10881000D21A2D2D30E0D7010F94A14C6E5C7F4F02
:108820008F4F9F4F24E630E040E050E00F943D4CE6
:1088300079018091531E9091541E6091470C70E015
:108840009B0128523109821793070CF036CFC09054
:10885000220CD12C2091210CA6014752510930E065
:10886000841795070CF41BCF8896AC014C195D0951
:10887000E4E6E49FC001E59F900D11246C197D0989
:108880000F94B44BE61BD901A456B1092E2F30CF5B
:10889000F12CE12CCECF80917F1E84FD58CEE0914B
:1088A0006C1E6091A70C7091A80C4091A90C50917E
:1088B000AA0C8091301F90E06417750750F4609106
:1088C000A70C7091A80C481B590B6417750708F08A
:1088D0000BC14091A70C5091A80C840F951F909349
:1088E000AA0C8093A90C80912F1F8752990B40915D
:1088F000531E5091541E481759070CF428CE40912E
:10890000361F84E6489FA00111246091351E7091A6
:10891000361E4617570708F493C080936C1E60916B
:10892000641E70E08DE196E00E94CDE8A82F809350
:108930006E1E9091230C92FF46C490913B0C899F30
:10894000C00111249093560B8093550B6091571ED4
:108950007091581E685D7F4F8DE096E00E94CDE8D3
:1089600080936F1E8436B1F0A82FB0E02D813E8138
:10897000412F502F0F942A4C6E5C7F4F8F4F9F4F8B
:1089800024E630E040E050E00F943D4C2D833E83E0
:10899000142F052F6091441E70E08DEF95E00E942A
:1089A000CDE88093701E8436B1F0A82FB0E02D8101
:1089B0003E81412F502F0F942A4C6E5C7F4F8F4F7A
:1089C0009F4F24E630E040E050E00F943D4C2D8373
:1089D0003E83142F052F8091460C81FDC0C284E692
:1089E0008093721E8091460C81FDDCC284E68093E8
:1089F000731E80919A1E8111FCC28091991E811173
:108A0000F8C284E68093711E8091460C87FF14C0E3
:108A100080917F1E84FF0BC38091F71C3AE0839FF7
:108A2000C00111242091351E3091361E8217930704
:108A300008F432C31092BC0280917F1E8F7E36C331
:108A40003091451E9091371F931708F466CF90918F
:108A5000511E3091341F931708F05FCF3091331FB0
:108A6000391708F05ACF4091951E3091351F3417B1
:108A700008F053CF30917F1E34FD4FCFC0903E1E83
:108A8000D0903F1EE090401EF090411E4091280D76
:108A900050E0440F551F052E000C660B770B4C154C
:108AA0005D056E057F050CF438CF4091290D50E02F
:108AB000440F551F052E000C660B770BC416D50608
:108AC000E606F7060CF429CF2370C1F58091751ED8
:108AD000891730F58091321F90E08D599F4FE8172C
:108AE000190609F00CF4EF5FE0936C1EE43609F40C
:108AF00016CFAE2FB0E02D813E81412F502F0F9425
:108B00002A4C6E5C7F4F8F4F9F4F24E630E040E051
:108B100050E00F943D4C2D833E83142F052FFFCE44
:108B2000981710F72091321F84E690E0821B91097C
:108B3000E8171906C9F2C4F2E150D6CF223009F085
:108B400006CDA091321FCA2ED12CF12CE12CB0E021
:108B5000B195A195B109F091791CAD010B2E000CD6
:108B6000660B770B4C155D056E057F050CF068C034
:108B700028EE33E00F94A14C4B015C018092711CF4
:108B80009092721CA092731CB092741CA8EEB3E079
:108B9000A70196010F942A4C6093751C7093761C64
:108BA0008093771C9093781CFF2309F449C0A0910F
:108BB0005D1CB0915E1CCD90DD90ED90FC90139704
:108BC0006C157D058E059F051CF56D937D938D932A
:108BD0009C9313974091651C5091661C6091671C93
:108BE0007091681C8091751C9091761CA091771CE7
:108BF000B091781C84179507A607B707A4F4809353
:108C0000651C9093661CA093671CB093681C18C0E9
:108C1000C814D904EA04FB04ECF68D929D92AD923F
:108C2000BC921397D7CF8091711C9091721CA09128
:108C3000731CB091741C481759076A077B07FCF234
:108C400080912E1F40912D1FC0902C1FD12CF12CF4
:108C5000E12CC092411CD092421CE092431CF09245
:108C6000441C50E070E060E04093451C5093461C6B
:108C70006093471C7093481C882E912CB12CA12C1A
:108C80008092491C90924A1CA0924B1CB0924C1CA2
:108C9000C0924D1CD0924E1CE0924F1CF092501C82
:108CA0004093511C5093521C6093531C7093541C5E
:108CB0003AE0839FC0011124092E000CAA0BBB0BC4
:108CC0008093551C9093561CA093571CB093581C2E
:108CD0002091591C30915A1C2130310571F5F094C6
:108CE000E094D094C094C11CD11CE11CF11CC09232
:108CF0004D1CD0924E1CE0924F1CF092501C70956F
:108D00006095509541955F4F6F4F7F4F4093511C39
:108D10005093521C6093531C7093541CB095A095B3
:108D2000909581959F4FAF4FBF4F8093551C909367
:108D3000561CA093571CB093581C8091511E90E074
:108D4000B0E0A0E080933D1C90933E1CA0933F1C9C
:108D5000B093401C8091751E90E0B0E0A0E080933D
:108D6000351C9093361CA093371CB093381CFF23FE
:108D700009F4BACE0F94D52569837A838B839C83BB
:108D80008091611C9091621CA091631CB091641C45
:108D900029813A814B815C81281B390B4A0B5B0B83
:108DA000DA01C90180936D1C90936E1CA0936F1C17
:108DB000B093701CE0915B1CF0915C1C4080518072
:108DC00062807380E0915F1CF091601C80809180D4
:108DD000A280B38084189508A608B7086091511C3A
:108DE0007091521C8091531C9091541CA5019401C8
:108DF0000F946E4CC090651CD090661CE090671C70
:108E0000F090681CDC01CB018C0D9D1DAE1DBF1DBB
:108E10008093651C9093661CA093671CB093681C9C
:108E2000C090751CD090761CE090771CF090781C58
:108E3000C816D906EA06FB060CF07AC0C092651C7B
:108E4000D092661CE092671CF092681C60914D1CE9
:108E500070914E1C80914F1C9091501CA501940163
:108E60000F946E4C8090651C9090661CA090671CBF
:108E7000B090681C860E971EA81EB91E8091691CB2
:108E800090916A1CA0916B1CB0916C1CA301920183
:108E9000281B390B4A0B5B0B6091551C7091561CBB
:108EA0008091571C9091581C0F946E4C861A970A0B
:108EB000A80AB90AC814D904EA04FB047CF0C090DB
:108EC000711CD090721CE090731CF090741CC8143C
:108ED000D904EA04FB0414F475016401A0905D1C3C
:108EE000B0905E1CC701B60128EE33E040E050E0D0
:108EF0000F940B4CD5012D933D934D935C93139799
:108F00004092691C50926A1C60926B1C70926C1C9F
:108F100029813A814B815C812093611C3093621CD2
:108F20004093631C5093641CE091391CEC59DCCDD8
:108F30002091711C3091721C4091731C5091741CD3
:108F400082179307A407B5070CF080CF2093651C08
:108F50003093661C4093671C5093681C77CF6091D8
:108F6000791E70E08DEB95E00E94CDE88093721E33
:108F7000843609F437CDA82FB0E02D813E81412FF2
:108F8000502F0F942A4C6E5C7F4F8F4F9F4F24E6DB
:108F900030E040E050E00F943D4C2D833E83142F91
:108FA000052F20CD60917A1E062E000C770B685D90
:108FB0007F4F8DE995E00E94CDE88093731E843643
:108FC00009F417CDA82FB0E02D813E81412F502FFD
:108FD0000F942A4C6E5C7F4F8F4F9F4F24E630E0FA
:108FE00040E050E00F943D4C2D833E83142F052F1D
:108FF00000CDA0915F1FAC59A093711EA43609F457
:1090000003CDB0E02D813E81412F502F0F942A4C8B
:109010006E5C7F4F8F4F9F4F24E630E040E050E082
:109020000F943D4C2D833E83142F052FEDCC909152
:10903000451E8091F91C981708F0FCCC8091850C96
:109040008852990B2091531E3091541E28173907CE
:109050000CF4F0CC2091F71C8091F81C90E045E0D6
:10906000249F800D911D1124880F991F2091351E7A
:109070003091361E8217930708F0DCCC8091BC0239
:109080009091840C891778F49091780D92FFD4CC4C
:109090008F5F8093BC02D0CC9091451E8091F91CCB
:1090A000981708F0C7CC80917F1E806180937F1E47
:1090B00080917F1E84FF73C080916F0D80FD1AC068
:1090C00080E090E0DC0126960FB6F894DEBF0FBE7C
:1090D000CDBFDF91CF911F910F91FF90EF90DF9067
:1090E000CF90BF90AF909F908F907F906F905F9048
:1090F0004F9008958091BF02882311F3C0906C0DAA
:10910000C81610F4C092BF02D12CF12CE12CB09003
:10911000BF0220916D0D30E050E040E0245631094F
:10912000410951096B2D70E090E080E06C197D09D8
:109130008E099F090F946E4C22273327A9012C1901
:109140003D094E095F090F940B4CBA01A9014C5916
:109150005F4F6F4F7F4F842F9091780D92FF03C028
:10916000BA94B092BF02882309F4AACF8436D9F00A
:10917000A42FB0E02D813E81412F502F0F942A4C17
:109180006E5C7F4F8F4F9F4F24E630E040E050E011
:109190000F943D4C2D833E83142F052F04C08091E6
:1091A0006C0D8093BF028D819E81A12FB02F8D3DCC
:1091B00055E09507A105B10508F485CF8CED95E044
:1091C000A0E0B0E080CFA43609F4C0CBB0E02D81A0
:1091D0003E81412F502F0F942A4C6E5C7F4F8F4F52
:1091E0009F4F24E630E040E050E00F943D4C2D834B
:1091F0003E83142F052FAACB0F931F93CF93DF939A
:1092000090917F1E96FF75C024E030E030931F0CD4
:1092100020931E0CC82FD0E0CF3708F058C0A09183
:109220009A06B0919B068E01000F111F000F111FAF
:10923000015C1C4FF8016081718182819381692FEB
:10924000772788279927ED91FC9111970190F0815C
:10925000E02DCD011995A0919A06B0919B06F801D9
:109260006081718182819381BC0188279927ED916A
:10927000FC9111970190F081E02DCD011995A091FD
:109280009A06B0919B06F801608171818281938179
:10929000672F782F892F9927ED91FC9111970190D5
:1092A000F081E02DCD011995A0919A06B0919B0611
:1092B000F8016081718182819381ED91FC91119718
:1092C0000190F081E02DCD0119952196A5CF8091D7
:1092D0007F1E8F7B80937F1E10921F0C10921E0C9E
:1092E00010921D0C10921C0CDF91CF911F910F91C9
:1092F0000895CCEFD1E080919A0690919B06DC0115
:10930000ED91FC910190F081E02D60E0199521979D
:1093100091F710921F0C10921E0CE6CF7F928F9245
:109320009F92AF92BF92CF92DF92EF92FF920F93F4
:109330001F93CF93DF935C014B01E9018091B60C41
:109340009091B70C8217930709F092C02091B80C46
:10935000322F307719F028772032D1F4403389F456
:1093600067E772E00F948D298091B60C9091B70C4D
:10937000DC01ED91FC910190F081E02D60E3199505
:1093800007C0413309F058C069E772E00F948D2996
:1093900082E090E0F801918380832091341E9091C7
:1093A000801E8091801E20FBCC24C0F8D12CD1944B
:1093B000C194D108C926F0E8CF22DD24C826C09286
:1093C000801E712C872D90E0E881F9818815990520
:1093D00008F05AC0C080D1808A0D9B1DF7011995F5
:1093E000682FCE01F6011995FFE0C735DF0709F0B8
:1093F00049C0E091570FF091580F0480F581E02D9E
:1094000087E59FE0199518161906E4F1A394A70CB7
:10941000A092730A8A9487188092740ADF91CF9180
:109420001F910F91FF90EF90DF90CF90BF90AF9082
:109430009F908F907F9008956BE772E00F948D2935
:109440008091B60C9091B70CDC01ED91FC910190EC
:10945000F081E02D62E319958091B60C9091B70CE4
:10946000DC01ED91FC910190F081E02D6BE787CF5D
:1094700080910002882309F48BCF10920002109291
:10948000961E86CF73949ECFD8011D921C92E881C0
:10949000F9810084F185E02DCE011995892B41F0E9
:1094A000E881F9810284F385E02DCE011995EFCF93
:1094B0008091811E877F8093811EB0CF9F92AF9253
:1094C000BF92CF92DF92EF92FF920F931F93CF93B1
:1094D000DF93EB01833509F4EAC18A01843550F545
:1094E0008D3409F4D9C0813509F4D1C1823441F5F4
:1094F00088E090E0F80191838083E881F98100841D
:10950000F185E02DCE0119950297D4F0E881F9811B
:109510000284F385E02DCE011995E881F98102845A
:10952000F385E02DCE0119950E9470EAF8011182B1
:10953000108206C0843609F465C070F48236C1F228
:10954000DF91CF911F910F91FF90EF90DF90CF901F
:10955000BF90AF909F900895803709F437C182374C
:1095600079F788E090E0FA0191838083E881F981BE
:109570000084F185E02DCB01199506970CF3E88165
:10958000F9810284F385E02DCE011995E881F981F6
:109590000284F385E02DCE011995C82EE881F9816A
:1095A0000284F385E02DCE011995D82EE881F9814A
:1095B0000284F385E02DCE011995F82EE881F9811A
:1095C0000284F385E02DCE011995E82EE881F9811A
:1095D0000284F385E02DCE011995F80111821082E5
:1095E000F0E3CF12ADCF60E0782F6E2980E09F2DA1
:1095F00027EBE22E22E7F22E9E0140E38D290E9406
:109600008E499ECF88E090E0FA0191838083E881C3
:10961000F9810084F185E02DCB01199502970CF4B6
:109620008FCFE881F9810284F385E02DCE01199571
:10963000E881F9810284F385E02DCE0119950F941C
:109640003F176B017C016F2D772788279927E881C9
:10965000F9810190F081E02DCE011995B70188279D
:109660009927E881F9810190F081E02DCE011995CB
:1096700099278F2D7E2D6D2DE881F9810190F08144
:10968000E02DCE011995E881F9810190F081E02D5E
:109690006C2DCE0119954ACF88E090E0FA019183B4
:1096A00080838091B402811152C0E881F9810084E5
:1096B000F185E02DCB01199507970CF443C0E881A3
:1096C000F9810284F385E02DCE011995E881F981B5
:1096D0000284F385E02DCE01199580930102E88183
:1096E000F9810284F385E02DCE011995F82EE881E9
:1096F000F9810284F385E02DCE01199520E0382F01
:109700002F293093B3022093B202E881F9810284B9
:10971000F385E02DCE011995F82EE881F9810284B8
:10972000F385E02DCE01199520E0382F2F293093B5
:10973000B1022093B00281E08093B4021092AF0294
:109740001092AE028091B402882309F4F9CEE88128
:10975000F9810084F185E02DCE0119954091AE028A
:109760005091AF022091B0023091B1021816190643
:109770001CF54217530700F5E881F9810284F3854F
:10978000E02DCE0119956091B2027091B302209143
:10979000AE023091AF02620F731F482F8091010219
:1097A0000F94050E8091AE029091AF0201969093B6
:1097B000AF028093AE02CBCF4217530708F4C0CE5E
:1097C000F801118210821092B402BACE88E090E0C3
:1097D000FA0191838083E881F9810084F185E02D8D
:1097E000CB01199506970CF4ABCEE881F981028480
:1097F000F385E02DCE011995E881F9810284F38586
:10980000E02DCE011995982EE881F9810284F38527
:10981000E02DCE011995F82EE881F9810284F385B7
:10982000E02DCE01199520E0382F2F293093B30277
:109830002093B202E881F9810284F385E02DCE0104
:109840001995D82EE881F9810284F385E02DCE01A7
:109850001995E12CF82EED28D12CC12CCE14DF0463
:109860000CF064CEE881F981A080B1806091B202F1
:109870007091B3026C0D7D1D892D0F944A0C682FD9
:10988000CE01F5011995FFEFCF1ADF0AE7CF66EF9A
:1098900072E1CE01DF91CF911F910F91FF90EF9078
:1098A000DF90CF90BF90AF909F900D94192A62EEF9
:1098B00072E1EFCFFC01448120813181241B310909
:1098C000318320830895FC0120816202B0011124BC
:1098D000660F771F21813281620F731F728361834C
:1098E000089561E00C94634CAF92BF92CF92DF92E7
:1098F000EF92FF920F931F93CF93DF93CDB7DEB715
:1099000063970FB6F894DEBF0FBECDBF7C016B012D
:109910000E94C8E5288739874A875B876C877D87DF
:109920008E87B601C7010E940DE72F87388B498BC0
:109930005A8B6B8B0F85188989899A8908171907A3
:1099400039F1AB88A00EB12EB11C8D859E850E9489
:1099500006E5AB01E985FA8580819181FA011995C7
:109960000E94EE1AA016B10621F0F80181918F0134
:10997000F7CF80919A0690919B060F94E829CE012B
:1099800008960E94714CCE010F960E945A4CD2CF7D
:109990006DED72E180919A0690919B060F94192AC1
:1099A000B601C7010E9478E629833A834B835C8322
:1099B0006D837E838F838E819F810E9406E58B015C
:1099C000EA81FB818C819D81E817F90759F080813C
:1099D0009181F80119950E94EE1ACE0101960E941C
:1099E000714CEECF80919A0690919B060F94E829D6
:1099F00063960FB6F894DEBF0FBECDBFDF91CF9157
:109A00001F910F91FF90EF90DF90CF90BF90AF909C
:109A10000895CF92DF92EF92FF920F931F93CF930F
:109A2000DF9300D000D01F92CDB7DEB729833A83F1
:109A30004B835C836D837E838F838E819F810E94A5
:109A400006E58B01EA81FB818C819D818E179F0742
:109A5000B9F0E0909A06F0909B06D7018D919C9109
:109A6000DC01CD90DC9080819181F8011995682FFF
:109A7000C701F6011995CE0101960E94714CE2CF03
:109A800027960FB6F894DEBF0FBECDBFDF91CF9102
:109A90001F910F91FF90EF90DF90CF900895EF927C
:109AA000FF920F931F93CF93DF937B018C01D0E044
:109AB000C0E0CE15DF05F9F080919A0690919B06E3
:109AC000DC01ED91FC910480F581E02D1995892B45
:109AD00091F080919A0690919B06F80161918F0117
:109AE000DC01ED91FC910190F081E02D1995019739
:109AF00011F42196DECFCE01DF91CF911F910F910E
:109B0000FF90EF9008950F94924C08950F931F9338
:109B1000CF93DF930E94834D8B01D82FC92F862FBF
:109B20000E949F0E812F0E949F0E8D2F0E949F0EDC
:109B30008C2F0E949F0EB8018D2F9C2FDF91CF910B
:109B40001F910F910895CF92DF92EF92FF92CF93E2
:109B5000DF9300D01F92CDB7DEB780917F1E86FDC8
:109B600034C080911C0C90911D0C8F37910568F5C5
:109B7000E0911C0CF0911D0CEE0FFF1FEE0FFF1F6C
:109B8000E55CFC4F80819181A281B381E0911C0C46
:109B9000F0911D0CEE0FFF1FEE0FFF1FE15CFC4F5D
:109BA00080839183A283B383E0911C0CF0911D0C00
:109BB000E054FD4F108280911C0C90911D0C019679
:109BC00090931D0C80931C0CCCCF8091730AC12CF8
:109BD000D12C7601811114C08CE792E00E94BB0E5B
:109BE000198220E041E050E0BE016F5F7F4F8EE7B9
:109BF0009CE10F94331F6B017C0180E00E949F0E5B
:109C00008091730A8F3708F056C080919A06909120
:109C10009B06DC01ED91FC910480F581E02D199506
:109C2000059788F485E090E090931F0C80931E0CBC
:109C30000F900F900F900F90DF91CF91FF90EF90CA
:109C4000DF90CF900895E091730AB4E0EB9FF001AC
:109C50001124E15CFC4F60817181828193810E94BB
:109C6000864D69837A838B839C8320E044E050E0B7
:109C7000BE016F5F7F4F8EE79CE10F947F1BE091E9
:109C8000730AF0E0E054FD4F80810E949F0E6091C6
:109C9000730A70E060547D4F20E041E050E08EE7B1
:109CA0009CE10F947F1B6B017C018091730A8F5F95
:109CB0008093730AA5CF80917F1E8F7B80937F1E38
:109CC00010921D0C10921C0C10921F0C10921E0C66
:109CD0001092730AC701B6016095709580959095B2
:109CE0000E94864DA5CFCF92DF92EF92FF92CF9345
:109CF000DF9300D01F92CDB7DEB780917F1E86FD27
:109D00001FC080911C0C90911D0C8F379105C0F4E1
:109D1000E0911C0CF0911D0CEE0FFF1FEE0FFF1FCA
:109D2000E15CFC4F108211821282138280911C0C24
:109D300090911D0C019690931D0C80931C0CE1CF0B
:109D40008091730AC12CD12C7601811114C08DEF42
:109D500091E00E94BB0E198220E041E050E0BE017C
:109D60006F5F7F4F8EE79CE10F94331F6B017C0187
:109D700080E00E949F0E8091730A8F3708F042C0E6
:109D800080919A0690919B06DC01ED91FC910480F4
:109D9000F581E02D199504978CF483E090E0909381
:109DA0001F0C80931E0C0F900F900F900F90DF915F
:109DB000CF91FF90EF90DF90CF900895E091730ADC
:109DC000B4E0EB9FF0011124E15CFC4F60817181F4
:109DD000828193810E94864D69837A838B839C83E1
:109DE00020E044E050E0BE016F5F7F4F8EE79CE1D2
:109DF0000F947F1B6B017C018091730A8F5F8093AE
:109E0000730AB9CF80917F1E8F7B80937F1E109243
:109E10001F0C10921E0C10921D0C10921C0C109214
:109E2000730AC701B60160957095809590950E9460
:109E3000864DB9CFCF93DF931F92CDB7DEB789831D
:109E400081E090E00E94BB0E89810E949F0E21E07C
:109E500041E050E0BE016F5F7F4F8EE79CE10F94C1
:109E6000331F0E94864D0F90DF91CF9108958F92FE
:109E70009F92AF92BF92DF92EF92FF920F931F9348
:109E8000CF93DF9300D01F92CDB7DEB7D62E8034AC
:109E9000910509F07BC0E2EBFDE07A01890130E039
:109EA00020E09AE0A92EB12C45E059E0852E912CB6
:109EB00080859781892798278927B5010F94B44B0E
:109EC00060527109469FC001479F900D1124B40153
:109ED0000F94B44B685D7F4F77FF02C070E060E085
:109EE000D7016D937D937D01D8012D933D938D0115
:109EF00032962F5D3F4F2032B4E03B07C9F621E098
:109F000040E450E069EB7DE08AE79CE10F94331F69
:109F100069837A838B839C83ED2DF0E0EE0FFF1F26
:109F2000E65DFD4FBE016F5F7F4F808191810E9492
:109F3000FBED81E0D8121FC068EC78E08FEF9EE067
:109F40000E942FEE68E079E08FE39FE00E942FEE01
:109F500080E00E941A4F0F900F900F900F90DF91AA
:109F6000CF911F910F91FF90EF90DF90BF90AF9036
:109F70009F908F90089568E479E08FE79FE00E94BA
:109F80002FEE68E879E08FEB9FE0E0CF84E8E1CF47
:109F9000CF93DF931F921F92CDB7DEB72091C71FDB
:109FA0003091C81F2115310511F42BEC3FE1CE0192
:109FB0000196821B930B0F900F90DF91CF91089524
:109FC0002F923F924F925F926F927F928F929F92C9
:109FD000AF92BF92CF92DF92EF92FF920F931F93B7
:109FE000CF93DF93CDB7DEB7C154D1090FB6F89444
:109FF000DEBF0FBECDBF0F94D5256093AA0270932C
:10A00000AB028093AC029093AD0280911E0C9091B4
:10A010001F0C892B69F480919A0690919B06DC01B4
:10A02000ED91FC910284F385E02D19958093A902AE
:10A03000E091A902EF53EC3308F0D9C5F0E088278E
:10A04000EB5DFF4A8F4F0D948A4C855EF7552E5578
:10A050006355F556F755FC5528563156F356F755C6
:10A060000457F7550A57A858AE58B558C1587959EA
:10A07000F755F4590E5ADB5B0A5CB35CBB58F755D5
:10A08000805DF755F755F755F755F755605E615008
:10A090005B556E558E55F755F7556E560157F7556A
:10A0A0000757F755F7558858F755B858F658F755E4
:10A0B0008159F755045BF755F7551C5DBE58F755A8
:10A0C0005B5E88E090E090931F0C80931E0C809163
:10A0D0009A0690919B06DC01ED91FC910084F1853C
:10A0E000E02D199502970CF4CCC480919A069091BA
:10A0F0009B06DC01ED91FC910284F385E02D19951E
:10A1000080919A0690919B06DC01ED91FC9102846E
:10A11000F385E02D199580919A0690919B062091E8
:10A12000961EDC01ED91FC910190F081E02D60E044
:10A1300019957C0180919A0690919B066091961EDC
:10A14000DC01ED91FC910190F081E02D199502E781
:10A1500010E00E191F09081B190B80919A069091A7
:10A160009B066091861EDC01ED91FC910190F081CF
:10A17000E02D1995081B190B80919A0690919B066A
:10A18000DC01ED91FC910190F081E02D6091851E44
:10A190001995081B190B80919A0690919B06609166
:10A1A000881EDC01ED91FC910190F081E02D199564
:10A1B000081B190B80919A0690919B06DC01ED918A
:10A1C000FC910190F081E02D6091871E1995081B8C
:10A1D000190B80919A0690919B066091361EDC01C6
:10A1E000ED91FC910190F081E02D1995081B190B60
:10A1F00080919A0690919B06DC01ED91FC91019073
:10A20000F081E02D6091351E1995081B190B809186
:10A21000651E9AE0D92EBD2D8B027001112480910C
:10A220009A0690919B06DC01ED91FC910190F081E2
:10A23000E02D6F2D1995081B190B80919A069091AE
:10A240009B06DC01ED91FC910190F081E02D6E2DDB
:10A250001995081B190B80919A0690919B06DC01B9
:10A26000ED91FC910190F081E02D6091D11E199546
:10A27000081B190B80919A0690919B06DC01ED91C9
:10A28000FC910190F081E02D6091841E1995081BCE
:10A29000190B80919A0690919B06DC01ED91FC913F
:10A2A0000190F081E02D6091751E1995081B190B26
:10A2B00080919A0690919B06DC01ED91FC910190B2
:10A2C000F081E02D6091751E1995081B190B809186
:10A2D0009A0690919B06DC01ED91FC910190F08132
:10A2E000E02D63E61995081B190B80919A06909151
:10A2F0009B06DC01ED91FC910190F081E02D63E67D
:10A300001995081B190BE090441EED9C7001112457
:10A3100080919A0690919B06DC01ED91FC91019051
:10A32000F081E02D6F2D1995081B190B80919A066D
:10A3300090919B06DC01ED91FC910190F081E02D64
:10A340006E2D1995081B190B80913E1E90913F1E92
:10A35000D89E7001D99EF00C112480919A0690919C
:10A360009B06DC01ED91FC910190F081E02D6F2DB9
:10A370001995081B190B80919A0690919B06DC0198
:10A38000ED91FC910190F081E02D6E2D1995081B47
:10A39000190B8091571E9091581ED89E7001D99E1E
:10A3A000F00C112480919A0690919B06DC01ED91AE
:10A3B000FC910190F081E02D6F2D1995081B190B70
:10A3C00080919A0690919B06DC01ED91FC910190A1
:10A3D000F081E02D6E2D1995081B190B8091531EED
:10A3E0009091541ED89E7001D99EF00C112480913A
:10A3F0009A0690919B06DC01ED91FC910190F08111
:10A40000E02D6F2D1995081B190B80919A069091DC
:10A410009B06DC01ED91FC910190F081E02D6E2D09
:10A420001995081B190BE090451EED9C7001112435
:10A4300080919A0690919B06DC01ED91FC91019030
:10A44000F081E02D6F2D1995081B190B80919A064C
:10A4500090919B06DC01ED91FC910190F081E02D43
:10A460006E2D1995081B190B80919A0690919B06E9
:10A47000DC01ED91FC910190F081E02D60E01995F7
:10A48000081B190B80919A0690919B06DC01ED91B7
:10A49000FC910190F081E02D6091641E1995081BDC
:10A4A000190B80919A0690919B06DC01ED91FC912D
:10A4B0000190F081E02D60E01995081B190B809147
:10A4C0009A0690919B06DC01ED91FC910190F08140
:10A4D000E02D6091511E1995081B190B80919A0669
:10A4E00090919B06DC01ED91FC910190F081E02DB3
:10A4F00060E01995081B190B80919A0690919B06B4
:10A50000DC01ED91FC910190F081E02D6091521EF3
:10A510001995081B190B80919A0690919B06DC01F6
:10A52000ED91FC910190F081E02D63E61995081BF7
:10A53000190B80919A0690919B06DC01ED91FC919C
:10A540000190F081E02D63E61995081B190BE0904E
:10A550006C1EED9C7001112480919A0690919B06CF
:10A56000DC01ED91FC910190F081E02D6F2D1995AA
:10A57000081B190B80919A0690919B06DC01ED91C6
:10A58000FC910190F081E02D6E2D1995081B190B9F
:10A5900080919A0690919B06DC01ED91FC910190CF
:10A5A000F081E02D6F2D1995081B190B80919A06EB
:10A5B00090919B06DC01ED91FC910190F081E02DE2
:10A5C0006E2D1995081B190BE0906F1EED9C700104
:10A5D000112480919A0690919B06DC01ED91FC91EB
:10A5E0000190F081E02D6F2D1995081B190B8091BA
:10A5F0009A0690919B06DC01ED91FC910190F0810F
:10A60000E02D6E2D1995081B190BE0906D1EED9C29
:10A610007001112480919A0690919B06DC01ED91C6
:10A62000FC910190F081E02D6F2D1995081B190BFD
:10A6300080919A0690919B06DC01ED91FC9101902E
:10A64000F081E02D6E2D1995081B190B80919A064B
:10A6500090919B06DC01ED91FC910190F081E02D41
:10A6600063E61995081B190B80919A0690919B0639
:10A67000DC01ED91FC910190F081E02D63E61995EC
:10A68000081B190B80919A0690919B06DC01ED91B5
:10A69000FC910190F081E02D63E61995081B190BE0
:10A6A00080919A0690919B06DC01ED91FC910190BE
:10A6B000F081E02D63E61995081B190B80919A062D
:10A6C00090919B06DC01ED91FC910190F081E02DD1
:10A6D00063E61995081B190B80919A0690919B06C9
:10A6E000DC01ED91FC910190F081E02D63E619957C
:10A6F000081B190B8091681E9091691ED89E7001ED
:10A70000D99EF00C112480919A0690919B06DC0151
:10A71000ED91FC910190F081E02D6F2D1995081BB2
:10A72000190B80919A0690919B06DC01ED91FC91AA
:10A730000190F081E02D6E2D1995081B190BE0900A
:10A740004E1EED9C7001112480919A0690919B06FB
:10A75000DC01ED91FC910190F081E02D6F2D1995B8
:10A76000081B190B80919A0690919B06DC01ED91D4
:10A77000FC910190F081E02D6E2D1995081B190BAD
:10A78000E090501EED9C7001112480919A069091EA
:10A790009B06DC01ED91FC910190F081E02D6F2D85
:10A7A0001995081B190B80919A0690919B06DC0164
:10A7B000ED91FC910190F081E02D6E2D1995081B13
:10A7C000190B80919A0690919B06DC01ED91FC910A
:10A7D0000190F081E02D63E61995081B190B80911B
:10A7E0009A0690919B06DC01ED91FC910190F0811D
:10A7F000E02D63E61995081B190B80919A0690913C
:10A800009B06DC01ED91FC910190F081E02D63E667
:10A810001995081B190B80919A0690919B06DC01F3
:10A82000ED91FC910190F081E02D63E61995081BF4
:10A83000190BF090471E6091481E80919A069091E6
:10A840009B06DC01ED91FC910190F081E02D1995C2
:10A85000081B190B80919A0690919B06DC01ED91E3
:10A86000FC910190F081E02D6F2D1995081B190BBB
:10A87000F0904A1E60914B1E80919A0690919B0623
:10A88000DC01ED91FC910190F081E02D1995081B00
:10A89000190B80919A0690919B06DC01ED91FC9139
:10A8A0000190F081E02D6F2D1995081B190B8091F7
:10A8B0005F1E9091601ED89E7001D99EF00C1124ED
:10A8C00080919A0690919B06DC01ED91FC9101909C
:10A8D000F081E02D6F2D1995081B190B80919A06B8
:10A8E00090919B06DC01ED91FC910190F081E02DAF
:10A8F0006E2D1995081B190B80919A0690919B0655
:10A90000DC01ED91FC910190F081E02D63E6199559
:10A91000081B190B80919A0690919B06DC01ED9122
:10A92000FC910190F081E02D63E61995081B190B4D
:10A9300080919A0690919B066091D31E6D9D602D2B
:10A940001124DC01ED91FC910190F081E02D19952D
:10A95000081B190B80919A0690919B06DC01ED91E2
:10A96000FC910190F081E02D63E61995081B190B0D
:10A9700080919A0690919B06DC01ED91FC910190EB
:10A98000F081E02D63E61995081B190B80919A065A
:10A9900090919B06DC01ED91FC910190F081E02DFE
:10A9A00063E61995081B190B8091661EBD2D8B025D
:10A9B0007001112480919A0690919B06DC01ED9123
:10A9C000FC910190F081E02D6F2D1995081B190B5A
:10A9D00080919A0690919B06DC01ED91FC9101908B
:10A9E000F081E02D6E2D1995081B190B8091671EC3
:10A9F000BD2D8B027001112480919A0690919B06C7
:10AA0000DC01ED91FC910190F081E02D6F2D199505
:10AA1000081B190B80919A0690919B06DC01ED9121
:10AA2000FC910190F081E02D6E2D1995081B190BFA
:10AA3000F12CE12CE016F1060CF0D9C080919A06B9
:10AA400090919B06DC01ED91FC910190F081E02D4D
:10AA500063E61995BFEFEB1AFB0AECCF20919A063B
:10AA600030919B0687EBE82E82E7F82E0EE11CE082
:10AA700041E362E870E090E080E00E948E4910922D
:10AA80000002CF5BDF4F0FB6F894DEBF0FBECDBF25
:10AA9000DF91CF911F910F91FF90EF90DF90CF90BA
:10AAA000BF90AF909F908F907F906F905F904F90EE
:10AAB0003F902F9008954EE15CE067E57FE082E6ED
:10AAC0000E945E4ADECF8091821E80648093821E47
:10AAD0004EE15CE067E57FE082E4F2CF80919A0688
:10AAE00090919B066091971E7091981EDC01ED91EC
:10AAF000FC910190F081E02D199580919A0690913A
:10AB00009B062091971E3091981EDC01ED91FC91DF
:10AB10000190F081E02D632F1995B3CF88E090E08C
:10AB200090931F0C80931E0C80919A0690919B0627
:10AB3000DC01ED91FC910084F185E02D19950297DF
:10AB40000CF49FCF80919A0690919B06DC01ED91C9
:10AB5000FC910284F385E02D199580919A069091DD
:10AB60009B06DC01ED91FC910284F385E02D1995A3
:10AB70000F943F176B017C01A0919A06B0919B0640
:10AB80006F2D772788279927ED91FC9111970190D8
:10AB9000F081E02DCD011995A0919A06B0919B0608
:10ABA000B70188279927ED91FC9111970190F081C9
:10ABB000E02DCD011995A0919A06B0919B06992799
:10ABC0008F2D7E2D6D2DED91FC9111970190F081CF
:10ABD000E02DCD01199580919A0690919B06DC019C
:10ABE000ED91FC910190F081E02D6C2D1995109262
:10ABF0001F0C10921E0C45CF88E090E090931F0C24
:10AC000080931E0C80919A0690919B06DC01ED9139
:10AC1000FC910084F185E02D199502970CF431CF59
:10AC200087E59FE00F94351E182F80919A0690912A
:10AC30009B06DC01ED91FC910284F385E02D1995D2
:10AC400020E0312FF901E82BCF010E94791CCFCFF2
:10AC500061ED72E180919A0690919B060F94192AFA
:10AC600010CF80919A0690919B06DC01ED91FC91AA
:10AC70000190F081E02D60E0199580919A06909105
:10AC80009B06DC01ED91FC910190F081E02D60E1EB
:10AC9000199580919A0690919B06DC01ED91FC91AB
:10ACA0000190F081E02D6CE2199510E000E0E09059
:10ACB0009A06F0909B06C8010F94542CD701ED9191
:10ACC000FC910190F081E02D682FC70119950F5F6D
:10ACD0001F4F0115B0E11B0751F789CF88E090E0C5
:10ACE00090931F0C80931E0C80919A0690919B0666
:10ACF000DC01ED91FC910084F185E02D199503971D
:10AD00003CF40E946C1A811103C00F94BD25ECCF56
:10AD100080919A0690919B06DC01ED91FC91008454
:10AD2000F185E02D199503970CF4ABCE80919A062E
:10AD300090919B06DC01ED91FC910284F385E02D5E
:10AD40001995182F80919A0690919B06DC01ED9140
:10AD5000FC910284F385E02D199520E0382F212BFA
:10AD600066EB72E12115304109F04FC510E000E0BB
:10AD700080919A0690919B06DC01ED91FC910084F4
:10AD8000F185E02D1995892B39F180919A069091E2
:10AD90009B06DC01ED91FC910084F185E02D199575
:10ADA000892B09F424CF80919A0690919B06DC01AF
:10ADB000ED91FC910284F385E02D19951A830983A6
:10ADC000682FCE0101960E94E2ED0F5F1F4F011523
:10ADD000B0E11B0769F60BCF0E946C1A8111D5CF29
:10ADE0000F94BD25C5CF0F94121B80919A069091A8
:10ADF0009B06DC01ED91FC910190F081E02D61E07A
:10AE00008BCE0F94AB1A3DCE0F94311AEECF0F9428
:10AE1000BD1937CE20919A0630919B06E091010230
:10AE2000E150EF3008F06EC1F0E08827E55EF84AA7
:10AE30008F4F0D948A4C36572A5774577E57D657E2
:10AE4000E057385850585A58825864588258825897
:10AE50006E58785867EE7DE0C9010F943D2A65E091
:10AE600070E08EEE9AE10E94744C0BCE6DED7DE0A9
:10AE7000C9010F943D2A64E27CE080E29CE00E94DC
:10AE80003B1B6EE27CE084E29CE00E94181B6CE3BA
:10AE90007CE08EE29CE00E943B1B0CE31CE0F8018E
:10AEA000619171918F0180919A0690919B060F9408
:10AEB000032AFCE004341F0791F76FE47CE084E48C
:10AEC0009CE00E943B1B60914F0C7091500C809154
:10AED0009A0690919B060F94032A60EA7CE081E534
:10AEE0009CE00E943B1BCDCD6FEC7DE0C9010F942F
:10AEF0003D2A65E070E080E698E1B5CF65EC7DE045
:10AF0000C9010F943D2A00919A0610919B06C090AA
:10AF1000BB1CD090BC1C0D2C000CEE08FF082AE0D6
:10AF2000B701A601F7FE11C0D801ED91FC91019087
:10AF3000F081E02D6DE2C801199544275527BA012B
:10AF40004C195D096E097F092AE0C8010F949C29FC
:10AF5000C8010F94E82962ED7CE18DEB9CE10E9431
:10AF60003B1B66ED7CE182ED9CE10E94181B6AEDC3
:10AF70007CE186ED9CE10E94181B64EE7CE18AED89
:10AF80009CE10E94181B6091E41C80919A069091AC
:10AF90009B060F94EC296BEE7CE185EE9CE10E9410
:10AFA000181B6BE37DE18BEE9CE19BCF6CEB7DE0AE
:10AFB000C9010F943D2A65E070E082ED95E153CF21
:10AFC0006FEA7DE0C9010F943D2A6AE37FE18BE2DD
:10AFD0009FE10E943B1B60E47FE18AE39FE10E94C6
:10AFE000181B66E47FE180E49FE10E94181B6FE478
:10AFF0007FE186E49FE10E94181B68E57FE18FE412
:10B000009FE10E94181B6BE67FE188E59FE10E94AB
:10B010003B1B65E77FE18BE69FE10E94181B6FE712
:10B020007FE185E79FE10E94181B69E87FE18FE7D8
:10B030009FE10E94181B63E97FE189E89FE10E947C
:10B04000181B67E97FE183E99FE10E94181B6BE908
:10B050007FE187E99FE10E94181B6FE97FE18BE99F
:10B060009FE10E94181B6BEA7FE18FE99FE139CFD6
:10B0700064EA7DE0C9010F943D2A63E070E084E05A
:10B0800095E10E94744C6BE97DE080919A06909165
:10B090009B060F943D2A63E070E086E394E1E3CEE3
:10B0A0006DE87DE0C9010F943D2A61E070E085E222
:10B0B00093E1D9CE61E87DE0C9010F943D2A68E7AC
:10B0C0007DE088EB9CE00DCF63E77DE0C9010F9444
:10B0D0003D2A65E070E087EA99E1C5CE61E67DE052
:10B0E000C9010F943D2A65E070E089E197E1BBCE8C
:10B0F0006DE47DE0C9010F943D2A63E070E08DE9C5
:10B1000094E1B1CE6AE27DE0C9010F943D2AB9CC49
:10B110000E94C84F80939B1E90939C1EA0919A06FC
:10B12000B0919B06ED91FC9111970190F081E02D7B
:10B13000682FCD01199580919A0690919B06609198
:10B140009C1EDC01ED91FC910190F081E02DE4CC9E
:10B150004EE15CE067E57FE08DE4B2CC80919A0639
:10B1600090919B060F94E8298CCC0F945F193DCEEB
:10B170000F94061986CC0F948F1837CE0F941D1894
:10B1800080CC88E090E090931F0C80931E0C8091FF
:10B190009A0690919B06DC01ED91FC910084F1856B
:10B1A000E02D1995181619060CF06BCC80919A06B3
:10B1B00090919B06DC01ED91FC910284F385E02DDA
:10B1C000199590ED980F9A3018F4909301020FCDD5
:10B1D0009FE9980F963020F487558093010207CDA0
:10B1E0009FEB980F9630C8F78753F7CF88E090E031
:10B1F00090931F0C80931E0C80919A0690919B0651
:10B20000DC01ED91FC910084F185E02D1995069704
:10B210000CF437CC80919A0690919B06DC01ED915D
:10B22000FC910284F385E02D199580919A06909106
:10B230009B06DC01ED91FC910284F385E02D1995CC
:10B24000982E80919A0690919B06DC01ED91FC91DD
:10B250000284F385E02D1995182F80919A0690911C
:10B260009B06DC01ED91FC910284F385E02D19959C
:10B2700020E0382F212B3093B3022093B20280912B
:10B280009A0690919B06DC01ED91FC910284F38576
:10B29000E02D1995F82E80919A0690919B06DC017D
:10B2A000ED91FC910284F385E02D199500E0182FB3
:10B2B0000F29F12CE12CE016F1060CF098CCC0908F
:10B2C0009A06D0909B06D601ED91FC91A080B180AA
:10B2D0006091B2027091B3026E0D7F1D892D0F94A3
:10B2E0004A0C682FC601F5011995FFEFEF1AFF0A06
:10B2F000E2CF60919A0670919B064EE15CE081E599
:10B30000DFCB88E090E090931F0C80931E0C80911F
:10B310009A0690919B06DC01ED91FC910084F185E9
:10B32000E02D199506970CF4ACCB80919A0690917C
:10B330009B06DC01ED91FC910284F385E02D1995CB
:10B3400080919A0690919B06DC01ED91FC9102841C
:10B35000F385E02D1995F82E80919A0690919B0621
:10B36000DC01ED91FC910284F385E02D1995D82E36
:10B3700080919A0690919B06DC01ED91FC910284EC
:10B38000F385E02D1995182F80919A0690919B06D0
:10B39000DC01ED91FC910284F385E02D1995082FD5
:10B3A00080919A0690919B06DC01ED91FC910284BC
:10B3B000F385E02D199510921F0C10921E0CB0E32E
:10B3C000FB125FCB60E0782F602B80E0912FE7EBE2
:10B3D000EE2EE2E7FE2E0EE11CE027E53FE040E323
:10B3E0008D290E948E494DCB9091B80C9877209171
:10B3F0009A0630919B06983111F0983241F466EF2D
:10B4000072E1C9010F94192A1092961E3ACB4EE1AF
:10B410005CE0B90183E50E945E4AF6CF88E090E0E7
:10B4200090931F0C80931E0C80919A0690919B061E
:10B43000DC01ED91FC910084F185E02D19950697D2
:10B440000CF41FCB80919A0690919B06DC01ED9144
:10B45000FC910284F385E02D199580919A069091D4
:10B460009B06DC01ED91FC910284F385E02D19959A
:10B4700080919A0690919B06DC01ED91FC910284EB
:10B48000F385E02D199580919A0690919B06DC0139
:10B49000ED91FC910284F385E02D199580919A0637
:10B4A00090919B06DC01ED91FC910284F385E02DE7
:10B4B000199580919A0690919B06DC01ED91FC9183
:10B4C0000284F385E02D19958091DF1E882321F0F9
:10B4D00080E00E94FC488BCB8091E01E882309F419
:10B4E00086CB80917F1E86FF7DC086E090E09093A2
:10B4F0001F0C80931E0C10E000E080919A06909142
:10B500009B06DC01ED91FC910480F581E02D1995FD
:10B5100004971CF40093730A6ACBF801EE0FFF1F27
:10B52000EE0FFF1FE15CFC4FC080D180E280F38012
:10B53000A0919A06B0919B066F2D772788279927AF
:10B54000ED91FC9111970190F081E02DCD011995BD
:10B55000A0919A06B0919B06B70188279927ED9193
:10B56000FC9111970190F081E02DCD011995A091EA
:10B570009A06B0919B0699278F2D7E2D6D2DED910A
:10B58000FC9111970190F081E02DCD0119958091EA
:10B590009A0690919B06DC01ED91FC910190F0815F
:10B5A000E02D6C2D199580919A0690919B06F801DB
:10B5B000E054FD4F6081DC01ED91FC910190F08140
:10B5C000E02D19950F5F1F4F0F37110509F095CF2B
:10B5D00080917F1E8F7B80937F1E10921D0C109296
:10B5E0001C0C05CB0BE712E080919A0690919B060C
:10B5F000DC01ED91FC910190F081E02D60E0199566
:10B600000150110989F7F3CA80919A0690919B061F
:10B61000DC01ED91FC910084F185E02D1995892BD9
:10B6200099F380919A0690919B06DC01ED91FC9133
:10B630000284F385E02D1995833008F0B2C0282FDD
:10B6400030E0A901440F551FFA01E45CFD4F608111
:10B6500071814A5C5D4FFA0140815181F901ED5CD5
:10B66000FD4FE080205D3D4FD901CC9010E000E01F
:10B67000823009F45CC00E2C000CFF080C2C000C6E
:10B68000DD083B012A0110E000E0E5E03E2EF9E094
:10B690008F2E912C80919A0690919B06DC01ED9162
:10B6A000FC910084F185E02D199502979CF380911F
:10B6B0009A0690919B06DC01ED91FC910284F38542
:10B6C000E02D1995282E80919A0690919B06DC0119
:10B6D000ED91FC910284F385E02D1995B82EA12CF3
:10B6E000B601C50182290F94B44B60527109369E90
:10B6F000C001379E900D1124B4010F94B44B6E0D10
:10B700007F1D77FF02C070E060E0F30161937193E9
:10B710003F01D2010D931D932D010E9463EE005E47
:10B720001F4F0115B4E01B0709F0B4CF35C080915D
:10B730009A0690919B06DC01ED91FC910084F185C5
:10B74000E02D19951816190694F780919A06909194
:10B750009B06DC01ED91FC910284F385E02D1995A7
:10B7600098012F713327232B89F49801B5E0359583
:10B770002795BA95E1F7F901EE56F24F8083220F33
:10B78000331FF901E857F74F118300830F5F1F4FF5
:10B790000115B4E01B0759F60E9463EE0E9463EEA8
:10B7A00070C9F12CE12CAAE0CA2ED12C48EC58E04B
:10B7B00068E079E066CF80911E0C90911F0C20917B
:10B7C000110B2223E9F0892B41F466E872E18091A4
:10B7D0009A0690919B060F943D2A80919A0690912B
:10B7E0009B06DC01ED91FC910084F185E02D19951B
:10B7F000892B99F360E08091100B0F94E52241C9E9
:10B8000061E672E1892B09F03CC980919A0690911A
:10B810009B067BCC60910102CE0101960F941D0B1B
:10B820008A859B858330910509F42BC98130910568
:10B8300029F120F0029789F00F94A84C80919A0684
:10B8400090919B064885598569817A81DC01ED914B
:10B85000FC910280F381E02D1995BE016F5F7F4F4F
:10B86000CE01C7960F94F6078BE0FE01F796DE0136
:10B87000119601900D928A95E1F7D2CF6B817C8170
:10B8800089819A810E940DE728A739A74AA75BA75B
:10B890006CA785E0FE01B896DE01D29601900D926C
:10B8A0008A95E1F785E0FE01F296DE019D96019012
:10B8B0000D928A95E1F76DA57EA58FA598A96817C9
:10B8C000790791F080919A0690919B0649A950E0E2
:10B8D000DC01ED91FC910280F381E02D1995CE0100
:10B8E0008D960E945A4CE7CF6B817C8189819A8129
:10B8F0000E9478E62C873D874E875F87688B798B1F
:10B900008A8B87E0FE013C96DE015A9601900D92EB
:10B910008A95E1F72A8D3B8D4C8D5D8D6E8D7F8DE7
:10B9200088A10E94094D6B817C8189819A810E9446
:10B93000C8E52B8B3C8B4D8B5E8B6F8B788F898F03
:10B9400087E0FE017396DE01919601900D928A9533
:10B95000E1F729A13AA14BA15CA16DA17EA18FA124
:10B960000E94094D7ACF88E090E090931F0C80935D
:10B970001E0C90910102A0919A06B0919B06ED9148
:10B98000FC9111970084F185E02D8EEF890F8230B4
:10B99000D8F09530C9F09B30B9F09E30A9F0CD01B8
:10B9A000199502970CF46DC880919A0690919B06A8
:10B9B000DC01ED91FC910284F385E02D19959093C3
:10B9C000B3028093B20223C0CD01199503970CF402
:10B9D00058C880919A0690919B06DC01ED91FC91EC
:10B9E0000284F385E02D1995182F80919A06909185
:10B9F0009B06DC01ED91FC910284F385E02D199505
:10BA000020E0382F212B3093B3022093B202809193
:10BA10009A0690919B06DC01ED91FC910284F385DE
:10BA2000E02D19956091B2027091B302482F809178
:10BA300001020F94050EDBC880919A0690919B0637
:10BA4000DC01ED91FC910084F185E02D19950797BB
:10BA50000CF417C880919A0690919B06DC01ED9139
:10BA6000FC910284F385E02D199580919A069091BE
:10BA70009B06DC01ED91FC910284F385E02D199584
:10BA80008093010280919A0690919B06DC01ED91D2
:10BA9000FC910284F385E02D1995182F80919A0668
:10BAA00090919B06DC01ED91FC910284F385E02DE1
:10BAB000199520E0382F212B3093B3022093B20246
:10BAC00080919A0690919B06DC01ED91FC91028495
:10BAD000F385E02D1995182F80919A0690919B0679
:10BAE000DC01ED91FC910284F385E02D199520E0B5
:10BAF000382F212B3093B1022093B0020C94415582
:10BB000069E572E180919A0690919B060F943D2A17
:10BB100008E419E068E8E62E69E0F62E78E8C72E1A
:10BB200079E0D72EF801419151918F0170E060E0EA
:10BB30002AE080919A0690919B060F949C296DE7CC
:10BB400072E080919A0690919B060F948D29D701FF
:10BB50006D917D917D0180919A0690919B060F9445
:10BB6000032AC016D106F1F66EE472E180919A06BE
:10BB700090919B060F943D2A08EC18E048E0E42ED3
:10BB800049E0F42E58E0C52E59E0D52EF801419138
:10BB900051918F0170E060E02AE080919A069091C7
:10BBA0009B060F949C296DE772E080919A06909114
:10BBB0009B060F948D29D7016D917D917D01809118
:10BBC0009A0690919B060F94032AC016D106F1F6AF
:10BBD0006BE472E180919A0690919B060F943D2A46
:10BBE00008E818E022E9E22E2DE0F22E38ECC32E10
:10BBF00038E0D32EF801419151918F0170E060E05F
:10BC00002AE080919A0690919B060F949C296DE7FB
:10BC100072E080919A0690919B060F948D29D7012E
:10BC20006D917D0180919A0690919B060F94EC296D
:10BC3000C016D106F9F667E472E180919A069091F8
:10BC40009B060F943D2A0AED1CE184E2E82E8CE06D
:10BC5000F82E94EEC92E9CE1D92EF80141918F0166
:10BC600050E070E060E02AE080919A0690919B0697
:10BC70000F949C2964E472E180919A0690919B064E
:10BC80000F94192AD7016D917D0180919A069091A8
:10BC90009B060F94EC29C016D106F9F680919A06FE
:10BCA00090919B06DC01ED91FC910680F781E02DDF
:10BCB00019950C94415580E00E94FC480C94415524
:10BCC00088E090E090931F0C80931E0C80919A0660
:10BCD00090919B06DC01ED91FC910084F185E02DB3
:10BCE00019951816190614F00C94415580919A066E
:10BCF00090919B06DC01ED91FC910284F385E02D8F
:10BD000019958093C41C0C94F7556FEE7DE07DCDA2
:10BD10004F925F926F927F928F929F92AF92BF925B
:10BD2000CF92DF92EF92FF920F931F93CF93DF9307
:10BD300000D000D01F921F92CDB7DEB780911E0CAD
:10BD400090911F0C0897C9F40E94E04F28960FB6F7
:10BD5000F894DEBF0FBECDBFDF91CF911F910F9141
:10BD6000FF90EF90DF90CF90BF90AF909F908F901B
:10BD70007F906F905F904F90089580919A06909178
:10BD80009B06DC01ED91FC910084F185E02D199575
:10BD9000892B09F44BC080911E0C90911F0C892BAC
:10BDA00009F044C080919A0690919B06DC01ED91C8
:10BDB000FC910484F585E02D1995803F61F4809114
:10BDC0009A0690919B06DC01ED91FC910284F3852B
:10BDD000E02D1995BBCF863409F4B6CF9FEB980FB1
:10BDE0009A3310F08F3321F48091821E87FDACCFFF
:10BDF0000F94D5256093AA027093AB028093AC0296
:10BE00009093AD020E94D41A9093720A8093710AA3
:10BE10000E946C1A81110AC01092700A10926F0A67
:10BE200087E090E090931F0C80931E0C5E01B5E0BC
:10BE3000AB0EB11C4E01E9E08E0E911CE2E05E2ECD
:10BE4000F9E76F2EA0E47A2E80919A0690919B06D6
:10BE5000DC01ED91FC910084F185E02D1995181617
:10BE6000190634F480911E0C90911F0C079779F0FD
:10BE70000E946C1A882309F469CF10921F0C10924B
:10BE80001E0C0E94C40E80E80E941A4F5FCF2091C2
:10BE90006F0A3091700A8091710A9091720A281786
:10BEA0003907D0F480919A0690919B06DC01ED91C0
:10BEB000FC910284F385E02D199520916F0A309151
:10BEC000700AF901EE54F24F80832F5F3F4F309399
:10BED000700A20936F0AB8CF0E94B51A6B017C01DB
:10BEE00010921F0C10921E0C0E946C1A8111ACCF84
:10BEF0004091710A5091720A21E062EB7DE08EE779
:10BF00009CE10F94331F6C157D058E059F0509F08C
:10BF10006CC2E091B20DE154E83308F064C2F0E085
:10BF20008827EA56F04A8F4F0D948A4CCE5FE35F24
:10BF30001060F36130604A60F36155605B6060607F
:10BF4000F361F3618760F361C860F3611061F361CD
:10BF50001B612A61C661F361F361CE60F361F36135
:10BF6000F361F361F361F361F361F361F361FC5F2A
:10BF7000F3611D60F3613B60F3615860F3616360DE
:10BF80006660F361F361F361CB60D460F361FB60E1
:10BF9000F3613B61F361F361D45FD16062E870E00B
:10BFA00090E080E00E945D0E8091821E8F778093EA
:10BFB000821E4ACF8091821E80618093821E84E01F
:10BFC0000E941A4FF1CF8091821E80648093821E5E
:10BFD0008091AE0C9091AF0CA091B00CB091B10CCF
:10BFE00080579F42AC4FBF4F8093AE0C9093AF0CE5
:10BFF000A093B00CB093B10C0F9498250091AE0CA7
:10C000001091AF0C2091B00C3091B10C06171707AE
:10C010002807390778F68091B40D0E9470EACFCFD7
:10C0200042E050E068E27DE082EB9DE00F94DC4B63
:10C0300082E090E00E94511BB7CF8091B40D0F9425
:10C040003F170E94834D1092B20D6093B30D709311
:10C05000B40D8093B50D9093B60D85E090E0EACFD6
:10C060008091B30D9091B40D9827892798270E944D
:10C07000791C80E0A5CF1092B20D5092B30D1092B2
:10C08000B40D6092B50D1092B60D7092B70D86E0AA
:10C0900090E0D0CF44E050E064E27DE082EB9DE0B0
:10C0A0000F94DC4B84E090E0C5CF0F94121BE1CFDE
:10C0B0000F94AB1ADECF42E050E062E27DE0EECFBB
:10C0C0000F94311AD6CF0F94BD19D3CFE091B40D90
:10C0D0008AE59EE0E33038F4F0E0EE0FFF1FE65D06
:10C0E000FD4F8081918185017C01EA18FB08C70121
:10C0F000800F911F0F94F54BF80181938F01E81584
:10C10000F905A9F76D817E818F8198859ACFC090BE
:10C11000B70DD090B80D8091B50D9091B60D4090AF
:10C12000B40DE42DF0E0EE0FFF1FE45EFC4E259110
:10C130003491AC014C0D5D1D24173507C0F002EBA6
:10C140001DE09C01225B3D407901C801825B9D405E
:10C150008C159D0570F4B701600F711FD8011796FB
:10C160004C91842D0F94050E0F5F1F4FEECF84E886
:10C1700027CF0F949825605C7D4B804F9F4F609335
:10C18000AE0C7093AF0C8093B00C9093B10C71CF48
:10C190000F945F196ECF0F9406196BCF0F948F1801
:10C1A00068CF0F941D1865CFC090B70DD090B80D13
:10C1B0001092B20D8091B50D9091B60D4090B40DD6
:10C1C00002EB1DE0FC01E25BFD407F01C801825BE8
:10C1D0009D408C159D0560F4B701600F711F842D83
:10C1E0000F944A0CD80111968C930F5F1F4FEECF1E
:10C1F000C60101961FCF9091B40D2091B50D3091DD
:10C20000B60D0091B70D1091B80D903331F4B8010F
:10C21000C9010E945D0EC801ECCF9F3009F0C4CE69
:10C2200041E150E061E17DE082EB9DE00F94DC4B69
:10C2300081E190E0FFCE44E150E06DEF7CE082EBE5
:10C240009DE00F94DC4B84E190E00E94511B109222
:10C25000961EAACE1092730A8091DF1E882319F0D1
:10C260000E94734EA1CE8091E01E882309F49CCEDB
:10C270000E94A34D99CE8091B40DC090B50DD09081
:10C28000B60DDC24CD24DC24E090B70DF090B80D81
:10C29000FE24EF24FE24823009F066C0ECEAF0E0D0
:10C2A000C114D10411F0EEE9F1E010E000E060E02B
:10C2B00070E0CB019601200F311F0E151F0559F1BB
:10C2C000C8018F719927892BC1F4C90145E0969562
:10C2D00087954A95E1F7BC016E56724FA8014E54FE
:10C2E000524FDA0117964C91DB014C93880F991F3E
:10C2F000DC01A857B74F2D933C93B8016754724F98
:10C3000020E041E050E08AE79CE119950F5F1F4F64
:10C31000EEE9F1E0CFCF2F3F3340B8F06095709554
:10C320008095909569837A838B839C83BE016F5F30
:10C330007F4F82E69EE00E94FBED68E878E08FE99F
:10C340009EE00E942FEE0F94FD2080E00E941A4F85
:10C3500080919A0690919B06DC01ED91FC910680FC
:10C36000F781E02D199520CE28EC38E048E059E01F
:10C3700061E0813039F08111FACE28E439E048E8F3
:10C3800059E060E0C7010E94374F0ECE20911E0C8D
:10C3900030911F0C80919A0690919B064091110B51
:10C3A0004423C9F0232B21F46DEC7CE00F943D2A4B
:10C3B00080919A0690919B06DC01ED91FC9100849E
:10C3C000F185E02D1995892B99F360E08091100B90
:10C3D0000F94E522E9CD232B09F0E6CD68EA7CE055
:10C3E0000F943D2AE1CD83E8EBCD82E80E941A4FFD
:10C3F0000E94C40E29CDAF92BF92CF92DF92EF92EE
:10C40000FF920F931F93CF93DF9300D000D000D003
:10C41000CDB7DEB78091B80C88778832D1F480919F
:10C42000B60C9091B70C90939B0680939A06299630
:10C430000FB6F894DEBF0FBECDBFDF91CF911F9135
:10C440000F91FF90EF90DF90CF90BF90AF900C9442
:10C45000885E8091B6029091B702892B69F4809131
:10C46000B60C9091B70CDC01ED91FC910284F38540
:10C47000E02D19958093B5028091B502833509F4BA
:10C480003EC140F5873409F486C0B8F4813409F41C
:10C4900041C0823409F472C029960FB6F894DEBF09
:10C4A0000FBECDBFDF91CF911F910F91FF90EF9005
:10C4B000DF90CF90BF90AF9008958D3409F4E0C025
:10C4C000813551F76091B60C7091B70C46EB52E094
:10C4D00081E542C08E3609F4DBC060F48236A9F1F2
:10C4E0008436D1F66091B60C7091B70C46EB52E0F1
:10C4F00084E632C0823709F4E2C0833709F4E7C02A
:10C50000803751F66091B60C7091B70C46EB52E053
:10C5100080E722C02091B60C3091B70C8091B80C06
:10C52000887751EAE52E51EEF52E882321F047EB6E
:10C53000E42E42E7F42E06EB12E041E36BE470E0F8
:10C5400090E080E00E948E49A7CF6091B60C709178
:10C55000B70C46EB52E082E629960FB6F894DEBFA0
:10C560000FBECDBFDF91CF911F910F91FF90EF9044
:10C57000DF90CF90BF90AF900C945E4A8091821E66
:10C5800080648093821E6091B60C7091B70C46EB6C
:10C5900052E082E4E1CF88E090E09093B70280938C
:10C5A000B6028091B60C9091B70CDC01ED91FC9134
:10C5B0000084F185E02D199509970CF46DCF109248
:10C5C000B7021092B6028091B60C9091B70CDC01C4
:10C5D000ED91FC910284F385E02D1995182F80913F
:10C5E000B60C9091B70CDC01ED91FC910284F385BF
:10C5F000E02D19956C01112309F44ECF8E010F5FC8
:10C600001F4F5E01B9E0AB0EB11C78018091B60CF2
:10C610009091B70CDC01ED91FC910284F385E02D43
:10C620001995F80181938F01AE16BF0679F7C601FF
:10C630009927FC01E854F34F21A9277030E0F70156
:10C64000E20FF31F60814091F90C5091FA0C082E13
:10C6500002C0569547950A94E2F740FF0FC02C0F91
:10C660003D1FD90112962C91880F991FFC01E555A9
:10C67000F14E322F262F318320830ECF20E0F4CFCE
:10C680006091B60C7091B70C46EB52E08DE464CF2C
:10C690002091B60C3091B70C8091B80C887791EA54
:10C6A000E92E91EEF92E882321F087EBE82E82E720
:10C6B000F82E06EB12E042E36BE770E041CF6091A9
:10C6C000B60C7091B70C46EB52E082E745CF67E0BD
:10C6D00073E18091B60C9091B70C29960FB6F8943F
:10C6E000DEBF0FBECDBFDF91CF911F910F91FF90A5
:10C6F000EF90DF90CF90BF90AF900D94192A2091CA
:10C70000B60C3091B70C9091B80C987746EB52E08C
:10C71000B90183E5983109F01FCF66EF72E1C901D5
:10C72000DCCF8F929F92AF92BF92CF92DF92EF9227
:10C73000FF92CF93DF939091111E90FD0EC08091D8
:10C74000821E8E7F8093821E9091451E80910A1ECC
:10C750009817B0F4D0E0C0E089C08091A60697FF9A
:10C760000AC00F94BC22892B51F78091821E8160F0
:10C770008093821EEFCF0F94BC22892B01F3F5CF5B
:10C780009091371E80910B1E981720F380903E1ECB
:10C7900090903F1EA090401EB090411EC501B40174
:10C7A00022E030E040E050E00F940B4CC0900C1EB3
:10C7B000D12CF12CE12C2C153D054E055F0554F2D2
:10C7C0008091571E9091581E889660910E1E681792
:10C7D000190611F00CF0BECF8091091E86958F735B
:10C7E000813051F108F440C0823009F488C08330B0
:10C7F00009F0B0CF80910F1EC091851ED091861E8A
:10C80000C80FD11D87FDDA95D7FF02C0D0E0C0E088
:10C810004091351E5091361EB40188E693E10E9486
:10C82000B5F2282F2C9FC0012D9F900D112468EC8C
:10C8300070E00F94B44B14C02C193D094E095F09E8
:10C84000A8ECB0E00F942A4C20910D1E30E050E08F
:10C8500040E02C193D094E095F090F940B4CB901BA
:10C86000EB01693C710514F0C8ECD0E0C093F31EF5
:10C87000A0919006B09191062C2F30E00F945F4C60
:10C880006C597F4F8F4F9F4F28EC30E040E050E0D5
:10C890000F943D4C4427552720937E0A30937F0AFE
:10C8A0004093800A5093810A2097A9F59FB7F89486
:10C8B0008091A30CE091A10CF091A20C20818095B5
:10C8C000822380839FBF10927D0A10927C0A809100
:10C8D0002B1F85FD05C080916F008B7F80936F00BB
:10C8E00060E08091A506DF91CF91FF90EF90DF90FF
:10C8F000CF90BF90AF909F908F900D94E522409184
:10C90000351E5091361EB40188E693E10E94B5F2BF
:10C91000682F70E0A5CF61E08091A5060F94E52215
:10C92000C83CD1052CF19FB7F8948091A30CE091FD
:10C93000A10CF091A20C2081822B80839FBF81E00B
:10C9400080937D0A80937C0A80912B1F85FD05C012
:10C9500080916F008B7F80936F00DF91CF91FF906C
:10C96000EF90DF90CF90BF90AF909F908F90089501
:10C9700010927C0A80916F008460EDCFCF92DF929D
:10C98000EF92FF92CF938091750A811113C080912D
:10C990006B0A90916C0AA0916D0AB0916E0A809317
:10C9A000A5029093A602A093A702B093A80281E0EB
:10C9B0008093750A8091C01C887F8834B1F560919E
:10C9C00055057091560580915705909158050E9424
:10C9D000312A4091371D6091F61D7091F71D22E7B5
:10C9E00031E0261B370B281B390B220F331F50E079
:10C9F000A0E0B1E0A41BB50B0F94994C6B017C0136
:10CA0000A091E11EB091E21E9A010F94A14C6C0D11
:10CA10007D1D8E1D9F1D20E031E040E050E00F9411
:10CA20000B4C3093E21E2093E11E80918F06811102
:10CA300024C040916B0A50916C0A60916D0A70910C
:10CA40006E0A8091A5029091A602A091A702B091D2
:10CA5000A802481B590B6A0B7B0B80913A1D22E3FD
:10CA6000829FC0011124092E000CAA0BBB0B481792
:10CA700059076A077B0708F4FFC081E080938F069F
:10CA80008091311F982F9370923008F0FBC0409135
:10CA9000351E5091361E8C7060913E1E70913F1E67
:10CAA000843029F46091451E70E0660F771F86E39D
:10CAB00094E10E94B5F290E0B0E0A0E08093E41E23
:10CAC0009093E51EA093E61EB093E71EC091311F20
:10CAD0008C2F8370A9F48091E41E9091E51EA091A3
:10CAE000E61EB091E71E883C9105A105B10544F40E
:10CAF0001092E41E1092E51E1092E61E1092E71EA0
:10CB00002091E41EA0919006B091910630E00F9420
:10CB10005F4C6C597F4F8F4F9F4F28EC30E040E0C7
:10CB200050E00F943D4C442755272093780A3093CA
:10CB3000790A40937A0A50937B0A8091211E86FFDE
:10CB400055C04091351E5091361ECC7060913E1EEE
:10CB500070913F1EC43029F46091451E70E0660F4D
:10CB6000771F8FEC93E10E94B5F290E0B0E0A0E077
:10CB70008093F71E9093F81EA093F91EB093FA1EAF
:10CB80008091311F8370A9F48091F71E9091F81E57
:10CB9000A091F91EB091FA1E883C9105A105B1053E
:10CBA00044F41092F71E1092F81E1092F91E109283
:10CBB000FA1E2091F71EA0919006B091910630E0E8
:10CBC0000F945F4C6C597F4F8F4F9F4F28EC30E094
:10CBD00040E050E00F943D4C4427552720937E0AB7
:10CBE00030937F0A4093800A5093810A8091E41E1B
:10CBF0009091E51EA091E61EB091E71E2091091EBE
:10CC000020FD27C24091F71E5091F81E6091F91E39
:10CC10007091FA1E0097A105B10509F0D9C141151F
:10CC200051056105710509F0FFC19FB7F894809126
:10CC3000A60CE091A40CF091A50C20818095822394
:10CC400080839FBF9FB7F8948091A30CE091A10CC3
:10CC5000F091A20C20818095822380839FBF109247
:10CC6000770A1092760A10927D0A10927C0A8091BF
:10CC70006F008B7F80936F00CF91FF90EF90DF90DC
:10CC8000CF900895923009F0B1CF4091351E509168
:10CC9000361E8C7060913E1E70913F1E843029F4C8
:10CCA0006091451E70E0660F771F86E394E10E9455
:10CCB000B5F28093E31E80918D068F718130A9F4C7
:10CCC0002091F51D30E04091F41D50E06091F31D7E
:10CCD00070E083E49DE10F9408206091311F62951C
:10CCE000617083E49DE10F940F2B8091E11E909180
:10CCF000E21E2091F81D2817190634F42091F91D21
:10CD0000281719060CF074C01092E41E1092E51E4C
:10CD10001092E61E1092E71E1092780A1092790A7D
:10CD200010927A0A10927B0A8091821E8260809310
:10CD3000821E8091211E86FF55C04091351E509164
:10CD4000361E8091311F8C7060913E1E70913F1E87
:10CD5000843029F46091451E70E0660F771F8FECD8
:10CD600093E10E94B5F28093F61E80918D068F713B
:10CD70008130A1F42091F51D30E04091F41D50E088
:10CD80006091F31D70E08AE89CE10F9408206091A7
:10CD9000361D61708AE89CE10F940F2B8091F41E80
:10CDA0009091F51E2091F81D2817190634F4209152
:10CDB000F91D281719060CF093C01092F71E109257
:10CDC000F81E1092F91E1092FA1E10927E0A10920E
:10CDD0007F0A1092800A1092810A8091821E8460DC
:10CDE0008093821E80918D068F5F80938D06FECE8C
:10CDF0004091E31E2091311F25FF34C048171906CA
:10CE000089F52091F21D822F90E0B0E0A0E08093A0
:10CE1000E41E9093E51EA093E61EB093E71EA0913A
:10CE20009006B091910630E00F945F4C6C597F4FA3
:10CE30008F4F9F4F28EC30E040E050E00F943D4C86
:10CE4000442755272093780A3093790A40937A0A29
:10CE500050937B0A83E49DE10F94312B8091821ED5
:10CE60008D7F65CF50E070E060E040933B1D5093B4
:10CE70003C1D60933D1D70933E1D092E000CAA0BB6
:10CE8000BB0B80933F1D9093401DA093411DB09319
:10CE9000421D40E050E0BA0183E49DE10F94E1259A
:10CEA0008823E1F22091E41EA0919006B0919106B2
:10CEB00030E00F945F4C6C597F4F8F4F9F4F28ECA1
:10CEC00030E040E050E00F943D4C4427552720933C
:10CED000780A3093790A40937A0A50937B0ABECF3E
:10CEE0004091F61E2091311F25FF34C048171906C6
:10CEF00089F52091F21D822F90E0B0E0A0E08093B0
:10CF0000F71E9093F81EA093F91EB093FA1EA091FD
:10CF10009006B091910630E00F945F4C6C597F4FB2
:10CF20008F4F9F4F28EC30E040E050E00F943D4C95
:10CF30004427552720937E0A30937F0A4093800A26
:10CF40005093810A8AE89CE10F94312B8091821ED4
:10CF50008B7F46CF50E070E060E04093821C50939E
:10CF6000831C6093841C7093851C092E000CAA0BF3
:10CF7000BB0B8093861C9093871CA093881CB09356
:10CF8000891C40E050E0BA018AE89CE10F94E12559
:10CF90008823E1F22091F71EA0919006B0919106AE
:10CFA00030E00F945F4C6C597F4F8F4F9F4F28ECB0
:10CFB00030E040E050E00F943D4C4427552720934B
:10CFC0007E0A30937F0A4093800A5093810ABECF35
:10CFD000883C9105A105B1053CF1483C510561052E
:10CFE000710514F19FB7F8948091A60CE091A40C00
:10CFF000F091A50C2081822B80839FBF9FB7F8946E
:10D000008091A30CE091A10CF091A20C2081822BC5
:10D0100080839FBF81E08093770A8093760A809314
:10D020007D0A80937C0A23CE20916F002460209398
:10D030006F00883C9105A105B10514F41092760AA1
:10D04000483C5105610571050CF016CE10927C0A22
:10D0500013CE0097A105B10591F49FB7F894809184
:10D06000A60CE091A40CF091A50C20818095822360
:10D0700080839FBF1092770A1092760AFDCD883C7C
:10D080009105A105B10594F09FB7F8948091A60C85
:10D09000E091A40CF091A50C2081822B80839FBF8E
:10D0A00081E08093770A8093760AE6CD80916F00C5
:10D0B000846080936F00E0CF1F920F920FB60F92A3
:10D0C00011240BB60F922F933F934F935F936F935F
:10D0D0007F938F939F93AF93BF93EF93FF93809131
:10D0E000770A882321F08091760A882349F080917D
:10D0F0007D0A882309F447C080917C0A811143C0CE
:10D100002091A4028091900690919106B0E0A0E059
:10D11000222309F4F4C02091A402213009F04AC16D
:10D1200040917E0A50917F0A6091800A7091810A35
:10D13000481759076A077B070CF030C19FB7F8946E
:10D140008091A30CE091A10CF091A20C208180951C
:10D15000822380839FBF10927D0A10927C0A1092D6
:10D16000A4028091770A882309F41BC1809184006E
:10D17000909185004091A2025091A3022091A002BB
:10D180003091A102EDC08091780A9091790AA09126
:10D190007A0AB0917B0A181619061A061B069CF427
:10D1A0008091760A81110FC09FB7F8942091A60C48
:10D1B000E091A40CF091A50C8081822B80839FBF0D
:10D1C00081E08093770A80917E0A90917F0AA091F6
:10D1D000800AB091810A181619061A061B069CF4DB
:10D1E00080917C0A81110FC09FB7F8942091A30C05
:10D1F000E091A10CF091A20C8081822B80839FBFD3
:10D2000081E080937D0A8091770A8823C9F080911C
:10D21000780A9091790AA0917A0AB0917B0A40919C
:10D220007E0A50917F0A6091800A7091810A4817A6
:10D2300059076A077B07BCF420917D0A222399F0E5
:10D2400080917D0A81113DC080918400909185007C
:10D250002091900630919106820F931F90938B003E
:10D2600080938A001BC02091840030918500280F94
:10D27000391F30938B0020938A009093A3028093F0
:10D28000A2025093A1024093A00284179507A6071B
:10D29000B70711F482E030C01092A402FF91EF9121
:10D2A000BF91AF919F918F917F916F915F914F91BE
:10D2B0003F912F910F900BBE0F900FBE0F901F90BC
:10D2C0001895809184009091850020917E0A30917C
:10D2D0007F0A820F931F90938B0080938A00809126
:10D2E000780A9091790A9093A3028093A2023093D6
:10D2F000A1022093A00281E08093A402CFCF4091AD
:10D30000780A5091790A60917A0A70917B0A4817DD
:10D3100059076A077B074CF59FB7F8948091A60CD4
:10D32000E091A40CF091A50C20818095822380834C
:10D330009FBF1092770A1092760A81E08093A40230
:10D3400080917D0A8823A9F08091840090918500C6
:10D350004091A0025091A1022091A2023091A3021B
:10D36000840F951F821B930B79CF81E08093760AFF
:10D37000E4CF80918400909185002091A2023091A9
:10D38000A3024091900650919106840F951F821B35
:10D39000930B90938B0080938A007CCF20937C0A20
:10D3A000DECE80918400909185002091A002309182
:10D3B000A102E7CF4091780A5091790A60917A0AE8
:10D3C00070917B0A481759076A077B070CF056C013
:10D3D0009FB7F8948091A60CE091A40CF091A50C55
:10D3E00020818095822380839FBF1092770A1092BC
:10D3F000760A80918400909185002091A20230915C
:10D40000A3024091900650919106840F951F821BB4
:10D41000930B90938B0080938A008091900690915B
:10D420009106B0E0A0E040917E0A50917F0A6091A1
:10D43000800A7091810A481759076A077B0714F51B
:10D440009FB7F8948091A30CE091A10CF091A20CED
:10D4500020818095822380839FBF10927D0A109245
:10D460007C0A80918400909185002091A0023091E7
:10D47000A102409190065091910672CF81E0809375
:10D48000760ACBCF81E080937C0A08CF1F920F925F
:10D490000FB60F9211240BB60F922F933F934F9319
:10D4A0005F938F939F93EF93FF9380919F029FB71A
:10D4B000882389F1F89480919206E0919306F09187
:10D4C000940620818095822380839FBF8091840071
:10D4D0009091850020919D0230919E0240917B05A4
:10D4E00050917C05840F951F821B930B90938900AC
:10D4F0008093880010929F02FF91EF919F918F91EE
:10D500005F914F913F912F910F900BBE0F900FBEE7
:10D510000F901F901895F89420919206E091930631
:10D52000F09194068081822B80839FBF809184003C
:10D53000909185002091990230919A02820F931F59
:10D54000909389008093880030939E0220939D02DF
:10D5500081E080939F02D0CFEEEFFEE1158E168E14
:10D56000178E10A2A385B4858D919D910D90BC91CD
:10D57000A02D81A392A3A3A3B4A3118E128E138E08
:10D58000148E1092A91E1092A81EEFE6F0E0808182
:10D590008D7F80839FB7F89480919206E0919306E7
:10D5A000F091940620818095822380839FBF089507
:10D5B0004F925F926F927F928F929F92AF92BF92A3
:10D5C000CF92DF92EF92FF92CF93DF93CDB7DEB78A
:10D5D00068970FB6F894DEBF0FBECDBF80912B1FAA
:10D5E00084FF3AC38091C71C80FD7EC08091510D9D
:10D5F000807309F463C08091860C8370823008F4D4
:10D600005DC00E94791B8091A81E9091A91E813156
:10D61000974230F080E197E29093A91E8093A81E74
:10D620002091A81E3091A91E2115310509F086C24E
:10D6300080916F008D7F80936F009FB7F8948091E9
:10D640009206E0919306F0919406208180958223C2
:10D6500080839FBF8091A81E9091A91E8031A7E270
:10D660009A0708F4F0C280916F008D7F80936F005D
:10D670009FB7F89420919206E0919306F09194065A
:10D680008081822B80839FBF80918E068F5F8093E5
:10D690008E0668960FB6F894DEBF0FBECDBFDF9141
:10D6A000CF91FF90EF90DF90CF90BF90AF909F9081
:10D6B0008F907F906F905F904F9008954091351EAE
:10D6C0005091361E6091451E70E0660F771F84E012
:10D6D00095E10E94B5F228EC829FC001112490933D
:10D6E000A91E8093A81E8FCF80918E0687708130EF
:10D6F00061F58091510D807309F435C28091860CDB
:10D700008370823008F42FC20E94791B8091460CEE
:10D7100081FF3EC26091791E70E08DE795E00E9426
:10D72000CDE89093CF1E8093CE1E2091A41E309101
:10D73000A51E820F931F811542E0940710F08FEF12
:10D7400091E09093A51E8093A41E40913E1E50919F
:10D750003F1E6091401E7091411E80915C0B80FDC8
:10D760001CC28091441E90E0B0E0A0E04817590729
:10D770006A077B070CF41DC28091A41E9091A51E20
:10D78000892B09F45DC280918E068F70813041F53E
:10D7900080914B0C90E0B0E0A0E040915F0C50E035
:10D7A00070E060E0481759076A077B0784F44093EC
:10D7B000231F5093241F6093251F7093261F80936F
:10D7C000271F9093281FA093291FB0932A1F809191
:10D7D000381F87FDE5C141E061E081E00F947420CE
:10D7E0004091351E5091361E6091A41E7091A51E69
:10D7F0008DE994E10E94B5F2C82E0F94D5256D8372
:10D800007E838F8398878091131F9091141FA0911E
:10D81000151FB091161F4D815E816F817885481B61
:10D82000590B6A0B7B0BE091111FF091121F808145
:10D8300090E0B0E0A0E0481759076A077B0708F4BA
:10D84000B6C1E0910F1FF091101F80819181880F68
:10D85000991F31E1832E37E2932E881A990AB12C51
:10D86000A12CE0910D1FF0910E1F20813181A0E1CC
:10D87000B7E20F945F4CA50194010F940B4C290162
:10D880003A01E091091FF0910A1F20813181428104
:10D890005381A0E1B7E20F942A4CA50194010F94A3
:10D8A0000B4C421A530A640A750A80901B1F909011
:10D8B0001C1FA0901D1FB0901E1F840C951CA61C41
:10D8C000B71C80921B1F90921C1FA0921D1FB0922C
:10D8D0001E1F8091031F9091041F9A8B898B2091AA
:10D8E000271F3091281F4091291F50912A1F2987F7
:10D8F0003A874B875C8732E3C39E600111240D2C6D
:10D90000000CEE08FF08B0E0A0E089839A83AB83A7
:10D91000BC832091231F3091241F4091251F5091DB
:10D92000261F2D873E874F87588B49895A89452B5B
:10D9300009F49CC1A0E1B7E229853A854B855C8555
:10D940000F942A4C6C197D098E099F0929813A810F
:10D950004B815C810F940B4C57FF9FC11814190425
:10D960001A041B040CF488C1A0E1B7E22D853E85A2
:10D970004F8558890F942A4C6C0D7D1D8E1D9F1D5F
:10D9800029813A814B815C810F940B4C57FF03C076
:10D9900020E030E0A901DA01C90144275527BA0186
:10D9A000481B590B6A0B7B0B80911B1F90911C1F0E
:10D9B000A0911D1FB0911E1F84179507A607B707DA
:10D9C00044F440931B1F50931C1F60931D1F7093C2
:10D9D0001E1F80901B1F90901C1FA0901D1FB090B9
:10D9E0001E1F8091171F9091181FA091191FB091B1
:10D9F0001A1FA3019201281B390B4A0B5B0BA09144
:10DA0000051FB091061F0F942A4C698B7A8B8B8B64
:10DA10009C8BA091011FB091021FA30192010F9452
:10DA20002A4C6D8B7E8B8F8B988FA5019401698119
:10DA30007A818B819C810F946E4C2D893E894F8910
:10DA4000588D620F731F841F951F29893A894B894E
:10DA50005C89620F731F841F951F2AE030E040E04D
:10DA600050E00F940B4CC20ED31EE41EF51EA4E62C
:10DA7000B0E029853A854B855C850F942A4C6C155E
:10DA80007D058E059F0584F475016401C418D508D1
:10DA9000E608F708C0921B1FD0921C1FE0921D1FC2
:10DAA000F0921E1F6B017C01A4E6B0E02D853E853F
:10DAB0004F8558890F942A4CAB01BC01C416D5067A
:10DAC000E606F706ACF480911B1F90911C1FA091F5
:10DAD0001D1FB0911E1F84199509A609B7098093CF
:10DAE0001B1F90931C1FA0931D1FB0931E1F6A0144
:10DAF000E0910B1FF0910C1FD182C0828D819E811D
:10DB0000AF81B8858093131F9093141FA093151FA6
:10DB1000B093161F4092171F5092181F6092191F42
:10DB200070921A1F81E02091A81E3091A91E211524
:10DB3000310509F47DCD882309F48CCDA0917B05B6
:10DB4000B0917C050F945F4C20E137E240E050E05B
:10DB50000F943D4C2093990230939A0240939B027C
:10DB600050939C0277CD4091351E5091361E6091A6
:10DB7000451E70E0660F771F84E095E10E94B5F2C4
:10DB800090E0880F991F9093A51E8093A41EBECD90
:10DB90001092CF1E1092CE1ED8CD80915E0BE3CD99
:10DBA0004091661F6091651F8091641F17CE80E0D1
:10DBB000BACF10921B1F10921C1F10921D1F1092A3
:10DBC0001E1FE091091FF0910A1F80819181A2819F
:10DBD000B38180931F1F9093201FA093211FB093A8
:10DBE000221F1092171F1092181F1092191F1092C7
:10DBF0001A1FE0905D0B94E6E99E70011124F092EB
:10DC0000A91EE092A81E20917B0530917C05D701CA
:10DC10000F94A14C20E137E240E050E00F943D4CDE
:10DC20002093990230939A0240939B0250939C0256
:10DC300080916F00826080936F00EF2809F00ACD19
:10DC40000E94AC6A07CD892B09F41ECD80916F002C
:10DC5000826080936F0018CD80916F008D7F8093DC
:10DC60006F001092CF1E1092CE1E0ECD1814190404
:10DC70001A041B040CF08CCE20E030E0A9012093A4
:10DC80001B1F30931C1F40931D1F50931E1F89891B
:10DC90009A89892B09F47CCE67CE281539054A0567
:10DCA0005B050CF061CEEBCF0CB405FC0DC09EBD46
:10DCB00000000DB407FEFDCF9EB58EBD00000DB473
:10DCC00007FEFDCF8EB508958EBD00000DB407FE92
:10DCD000FDCF8EB59EBD00000DB407FEFDCF9EB5F5
:10DCE00008950C94FF2E8AE090E090937A0580933B
:10DCF00079058CE190E090937805809377050895FD
:10DD00000C94072B0C94532E8F929F92AF92BF923C
:10DD1000CF92DF92EF92FF920F931F93CF93DF93F7
:10DD200000D000D000D01F92CDB7DEB7E091C71C65
:10DD3000EC71EC3031F48091C01C24E230E081FFC2
:10DD400002C030E020E00091BB1C1091BC1C80910F
:10DD50001A0B90911B0B801B910B6AE070E00F94E3
:10DD6000B44B615071092C5D3F4F261737070CF4F7
:10DD7000ECC07C836B838B819C811816190624F080
:10DD8000820F931F9C838B838B819C81281739077B
:10DD900014F43C832B8380914C0890914D08801B98
:10DDA000910B6AE070E00F94B44B61507109261733
:10DDB00037070CF4CDC07E836D838D819E8118164C
:10DDC000190624F0820F931F9E838D838D819E817F
:10DDD0002817390714F43E832D8380914A089091C7
:10DDE0004B08801B910B6AE070E00F94B44B6150BC
:10DDF0007109261737070CF4AEC078876F838F81BF
:10DE000098851816190624F0820F931F98878F8320
:10DE10008F8198852817390714F438872F838091CC
:10DE2000480890914908801B910B6AE070E00F94BC
:10DE3000B44B61507109261737070CF48FC07A87ED
:10DE4000698789859A851816190624F0820F931F11
:10DE50009A87898789859A852817390714F43A871C
:10DE600029872091CD063091CE064091CF06509162
:10DE7000D006BE01675F7F4FEC3009F072C0A09101
:10DE8000D106B091D2060091D3061091D406490173
:10DE900084E2880E911C5A0184E2A80EB11C7D0117
:10DEA00084E2E80EF11C680184E2C80ED11CFE0178
:10DEB00031968281938182179307A9F08417950781
:10DEC00091F08A179B0779F08017910761F0881508
:10DED000990549F08A159B0531F08E159F0519F0BB
:10DEE0008C159D0519F401979383828332966E17E2
:10DEF0007F07F9F68B819C8190937A058093790551
:10DF00008D819E8190937805809377058F81988588
:10DF1000909376058093750589859A859093680519
:10DF2000809367052A960FB6F894DEBF0FBECDBF6B
:10DF3000DF91CF911F910F91FF90EF90DF90CF90E5
:10DF4000BF90AF909F908F900895621B730B11CF7D
:10DF5000621B730B30CF621B730B4FCF621B730BB3
:10DF60006ECFFE013196828193818217930719F05B
:10DF70008417950719F401979383828332966E175D
:10DF80007F0789F7B7CF80919F1F87709EEF980F0B
:10DF9000923010F0863029F480916F008860809371
:10DFA0006F00089550919F1F252F277009F4F5C029
:10DFB00031E0243030F0263009F030E091E02630B6
:10DFC00009F490E02091CA07281709F4E8C02091CD
:10DFD000C907281305C02091450C203208F0DFC086
:10DFE0002091C807281305C02091450C203308F064
:10DFF000D6C02091C707281305C02091450C2034B6
:10E0000008F0CDC02091C607281305C02091450C0B
:10E01000203508F0C4C02091B607281305C0209110
:10E02000450C203608F0BBC02091B407281305C06A
:10E030002091450C203708F0B2C02091B307281377
:10E04000B0C04091450C242F221F2227221F40914F
:10E05000C507481709F4A7C04091C407481305C075
:10E0600040912102423008F09EC04091C3074813FE
:10E0700005C040912102433008F095C04091C2078D
:10E08000481305C040912102443008F08CC04091F3
:10E09000C107481305C040912102453008F083C0F4
:10E0A0004091B207481305C040912102463008F064
:10E0B0007AC04091B107481305C040912102473012
:10E0C00008F071C04091B007481305C0409121028B
:10E0D000483008F068C040916E08481709F46BC0DA
:10E0E0004091BB07481306C04091660C4871483008
:10E0F00009F461C04091B907481304C040912B1F37
:10E1000045FD59C04091B807481308C04091091E09
:10E1100040FD51C04091211E46FD4DC04091BA07BF
:10E12000481304C040912B1F44FD45C04091BF07D8
:10E13000481302C0311139C04091BE07481304C0D2
:10E14000332311F056FD31C03091B707381302C0A8
:10E1500091112CC03091BC07381302C0911126C018
:10E160003091BD07381302C0911120C09091C007B3
:10E17000981709F19091AD07981304C090915F0B27
:10E1800090FD19C09091AC07981305C090915F0B5A
:10E190009171913181F0922F09C030E012CF21E0CE
:10E1A00056CF20E054CF21E096CF932F811101C0AC
:10E1B00091E0892F089591E0F9CFCF9390912D08A8
:10E1C0009817F1F09091C60A9817D1F090912E0807
:10E1D0009817B1F090911C08981791F09091820ACD
:10E1E000981771F09091C80A981751F09091DF0735
:10E1F000C091460CC695C170981719F0C0E001C0D7
:10E20000C1E00E94D26F8111C82F8C2FCF91089549
:10E210008091110790911207439760F181E090E09F
:10E2200090931207809311078091BF069091C006CA
:10E23000A091C106B091C2068093B9069093BA0628
:10E24000A093BB06B093BC068091690590916A05C6
:10E25000A0916B05B0916C058093BF069093C006AA
:10E26000A093C106B093C2068091B80691E08927B9
:10E270008093B8068091C71C8C718C3029F08091F6
:10E28000460C80738033A9F58091BD069091BE063F
:10E29000892BE1F48091C01C81FD18C08091341E4F
:10E2A00080FF2CC08091A01E9091A11EA091A21E63
:10E2B000B091A31E0196A11DB11D8093A01E909345
:10E2C000A11EA093A21EB093A31E08958091341E98
:10E2D00081608093341E8091811E8F7E8093811E89
:10E2E0008091C31C8F77F1F61092BE061092BD0686
:10E2F000D9CF8091341E8E7F8093341E8091811EF1
:10E3000080618093811ECECF08958091651E8930F3
:10E31000CCF481E090E090937A058093790585E0D4
:10E3200090E0909378058093770589E090E0909352
:10E330007605809375058DE090E090936805809355
:10E340006705089580E190E090937A0580937905C0
:10E3500084E090E0909378058093770588E090E0E2
:10E3600090937605809375058CE090E0E6CFE09180
:10E37000A306F091A40680819091A206892381F0E2
:10E380008091341E80FD13C08DE090E090931207C1
:10E39000809311078091341E81608093341E08950C
:10E3A0008091341E80FD15C085E090E0EFCF809114
:10E3B0001107909112070D9759F08091DC1E8F5F25
:10E3C0008093DC1E8DE090E09093120780931107FC
:10E3D000089580911107909112070597C9F38091D4
:10E3E000DC1E8F5F8093DC1E85E090E0EDCF809196
:10E3F000440C807F803421F58091651E8A306CF456
:10E4000084E290E090937A058093790580E190E032
:10E410009093780580937705089584311CF483E206
:10E4200090E0F0CF8E311CF482E290E0EBCF8FE1F0
:10E4300090E090937A05809379058DE090E0E8CFA5
:10E44000803609F041C08091651E24E230E08A30B8
:10E4500024F08431ACF423E230E030937A05209349
:10E46000790529E030E030937805209377058A30EC
:10E4700004F587E190E09093760580937505089503
:10E4800022E230E08E3134F02FE130E0883214F4B3
:10E4900021E230E030937A052093790526E030E0E0
:10E4A00030937805209377058E3134F485E190E040
:10E4B000E2CF86E190E0DFCF88321CF484E190E087
:10E4C000DACF83E190E0D7CF0895089508950895B5
:10E4D0009091651E8091C71C8C718C3081F59A30AB
:10E4E000CCF08CE090E090937A058093790583E0FE
:10E4F00090E0909378058093770586E090E0909384
:10E5000076058093750589E090E090936805809387
:10E510006705089581E090E090937A0580937905EE
:10E5200084E090E0909378058093770587E090E011
:10E5300090937605809375058AE090E0E6CF9A3057
:10E540006CF086E090E090937A058093790583E003
:10E5500090E09093780580937705089581E090E0AE
:10E5600090937A058093790584E090E0F2CF823829
:10E57000910508F037C2FC018827EE53FD488F4F04
:10E580000D948A4C447347734A734D73507353739D
:10E5900056735A735E736173647367736A736D73D2
:10E5A0007073737376737D738073837386738973EB
:10E5B0008C738F739273957398739D73A373AA73FF
:10E5C000B273B973C473C773CC73D273D573D87372
:10E5D000DB73DE73E173E473E773EA73ED73F07377
:10E5E000F373F673F973FC73FF73027405740874A4
:10E5F0000B740E741174147417741A741D742074CF
:10E600002374267429742C742F74327435743874FE
:10E610003B743E74417444744774F2744A744D748C
:10E6200050745374567459745C745F746274657476
:10E6300068746B746E747174747477747A747D74A6
:10E6400080748374867489748C748F7492749574D6
:10E6500098749B749E74A174A474A774AA74AD7406
:10E66000B074B374B674B974BC74BF74C274C67435
:10E67000C974CC74CF74D274D574D874DB74DE745E
:10E68000E374E974EC74EF748091961E08958091A0
:10E690007F1E08958091841E08958091DC1E089548
:10E6A00080913E1E089580913F1E08958091571ECF
:10E6B000885D08958091531E885D089580916E1E37
:10E6C00008958091641E08958091511E089580914F
:10E6D0006C1E089580916F1E089580916D1E08959F
:10E6E0008091351E08958091361E089580916A1E8E
:10E6F00090916B1E9695879508958091681E089558
:10E700008091691E089580914F1E08958091501E3A
:10E7100008958091751E08958091471E08958091F7
:10E72000481E08958091651E08958091451E0895A4
:10E730008091971E9091981E08958091971E9091B8
:10E74000981E892F08950E94C84F80939B1E909316
:10E750009C1E08950E94C84F80939B1E90939C1E00
:10E76000892F08958091A41E9091A51E9695879556
:10E7700008958091A81E9091A91EC29664E670E04B
:10E780000F94C84B862F08958091801E0895809124
:10E790004C1E90914D1E089580914C1E90914D1EDF
:10E7A000892F08958091791E08958091721E089591
:10E7B0008091741E08958091AA1E08958091A61ECE
:10E7C00008958091521E08958091441E089580916D
:10E7D000AB1E08958091AC1E08958091AD1E0895E2
:10E7E0008091AE1E08958091AF1E08958091B01E55
:10E7F00008958091B11E08958091B21E0895809170
:10E80000B31E08958091B41E08958091B51E089599
:10E810008091B61E08958091B71E08958091B81E0C
:10E8200008958091B91E08958091BA1E089580912F
:10E83000BB1E08958091BC1E08958091BD1E089551
:10E840008091BE1E08958091BF1E08958091C01EC4
:10E8500008958091C11E08958091C21E08958091EF
:10E86000C31E08958091C41E08958091C51E089509
:10E870008091C61E08958091C71E08958091C81E7C
:10E8800008958091C91E08958091CA1E08958091AF
:10E89000461E08958091851E08958091861E0895D4
:10E8A0008091871E08958091881E08958091891E09
:10E8B000089580918A1E089580918B1E08958091FD
:10E8C0008C1E08958091811E08958091F11E0895F7
:10E8D0008091D31E08958091D41E08958091D71EF3
:10E8E00008958091D81E089580915F1E08958091AB
:10E8F000601E08958091761E089580914A1E0895A5
:10E9000080914B1E08958091E11E08958091E21E32
:10E9100008958091E31E08958091E41E08958091EA
:10E92000CE1E08958091CF1E08958091701E089587
:10E9300080914E1E08958091EA1E08958091EB1EED
:10E9400008958091EC1E08958091EE1E08958091A7
:10E95000EF1E08958091F01E08958091F31E089592
:10E960008091821E08958091F41E08958091F51E75
:10E9700008958091F61E08958091F71E0895809164
:10E98000FB1E089580917A1E885D08958091731E04
:10E9900008958091661E08958091671E0895809164
:10E9A000FC1E08958091421E08958091431E089593
:10E9B0008091F21E08958091FD1E08958091611E40
:10E9C0009091621E08958091611E9091621E892F20
:10E9D00008958091831E08958091DE1E0895809190
:10E9E000DD1E089580E008958091B706882371F0B8
:10E9F0008091B706833051F08091B706843008F0DB
:10EA000082C01092BE061092BD0608950F949825FC
:10EA10006093630570936405809365059093660524
:10EA20008091630590916405A0916505B09166059C
:10EA30004091B3065091B4066091B5067091B60648
:10EA4000841B950BA60BB70B8093070790930807C1
:10EA5000A0930907B0930A07409107075091080750
:10EA60006091090770910A078091C3069091C406CE
:10EA7000A091C506B091C60684179507A607B707EB
:10EA800020F68091630590916405A0916505B09191
:10EA900066058093B3069093B406A093B506B09331
:10EAA000B6068091BD069091BE0601969093BE0673
:10EAB0008093BD061092B7068091BD069091BE0668
:10EAC0000297C0F08091070790910807A09109076D
:10EAD000B0910A0722E0B695A795979587952A9554
:10EAE000D1F78093C3069093C406A093C506B09354
:10EAF000C60608951092C3061092C4061092C50669
:10EB00001092C60608951092B70681E090E09093A7
:10EB1000BE068093BD068091341E8E7F8093341E86
:10EB20008091DC1E8F5F8093DC1E6BCFCF92DF92D3
:10EB3000EF92FF920F94982560936305709364059C
:10EB400080936505909366058091630590916405B7
:10EB5000A0916505B09166054091B3065091B40649
:10EB60006091B5067091B606841B950BA60BB70B8A
:10EB70008093070790930807A0930907B0930A07AB
:10EB80008091B3069091B406A091B506B091B606F7
:10EB9000892B8A2B8B2BC1F4109207071092080740
:10EBA0001092090710920A078091630590916405FD
:10EBB000A0916505B09166058093B3069093B40665
:10EBC000A093B506B093B606409107075091080789
:10EBD0006091090770910A078091C3069091C4065D
:10EBE000A091C506B091C606481759076A077B076A
:10EBF00008F4DEC02091B3063091B4064091B5060A
:10EC00005091B6068091AF069091B006A091B106E2
:10EC1000B091B206281B390B4A0B5B0BA3E0B0E0A6
:10EC20000F942A4C969587957795679560935F0525
:10EC30007093600580936105909362058091B3069F
:10EC40009091B406A091B506B091B6068093AF0638
:10EC50009093B006A093B106B093B2064091070717
:10EC6000509108076091090770910A0780915F052C
:10EC700090916005A0916105B09162054817590710
:10EC80006A077B0708F054C08091BD069091BE06CC
:10EC9000059709F44DC08091070790910807A0914E
:10ECA0000907B0910A0722E0B695A7959795879531
:10ECB0002A95D1F78093C3069093C406A093C50606
:10ECC000B093C6068091BD069091BE0601969093C2
:10ECD000BE068093BD068091630590916405A09166
:10ECE0006505B09166058093B3069093B406A09332
:10ECF000B506B093B60680912B1F85FF59C0809151
:10ED0000B806882309F454C08091BD069091BE06D0
:10ED1000019709F04DC0E0912202F091230219956C
:10ED2000AC01493681E05807A4F048565140F9CF6C
:10ED300081E090E09093BE068093BD068093B80674
:10ED40001092C3061092C4061092C5061092C60611
:10ED5000C2CF8091311F8370823051F5E091371D11
:10ED60009A01220F331FF0E0A0E0B1E0AE1BBF0B11
:10ED70000F94994C6B017C019F01DA010F94A14C17
:10ED80006C0D7D1D8E1D9F1D20E031E040E050E0A8
:10ED90000F940B4C88E691E0821B930B2091F61D9B
:10EDA0003091F71D821B930B9093E21E8093E11E1E
:10EDB000FF90EF90DF90CF900895CF92DF92EF9287
:10EDC000FF92CF93DF930F94982560936305709320
:10EDD0006405809365059093660580916305909125
:10EDE0006405A0916505B09166054091B306509108
:10EDF000B4066091B5067091B606841B950BA60B00
:10EE0000B70B8093070790930807A0930907B09367
:10EE10000A07409107075091080760910907709110
:10EE20000A078091C3069091C406A091C506B091CF
:10EE3000C606481759076A077B0708F449C080913E
:10EE4000630590916405A0916505B0916605809376
:10EE5000B3069093B406A093B506B093B60680911E
:10EE6000341E80FD5CC00F9498256093FF0670935C
:10EE7000000780930107909302070F9498256B0178
:10EE80007C01C091CA1C2C2F30E050E040E060E8CB
:10EE90007DE88BE590E00F943D4CC21AD30AE40A5A
:10EEA000F50AC092FB06D092FC06E092FD06F092B5
:10EEB000FE06D0E0D0931207C09311078091DC1EAC
:10EEC0008F5F8093DC1E8091341E81608093341E9E
:10EED0008091BF069091C006A091C106B091C20674
:10EEE0004091B9065091BA066091BB067091BC067C
:10EEF000841B950BA60BB70BB695A7959795879591
:10EF00008093C3069093C406A093C506B093C6062B
:10EF1000DF91CF91FF90EF90DF90CF90089586E042
:10EF200090E09093120780931107D2CFCF92DF9297
:10EF3000EF92FF920F931F938091C71C8C718C30BE
:10EF400029F08091460C8073803319F50F94982531
:10EF500060936305709364058093650590936605DF
:10EF6000E091A006F091A106808190919F068923EF
:10EF7000B9F08091630590916405A0916505B09109
:10EF800066058093D0079093D107A093D207B093E2
:10EF9000D3071F910F91FF90EF90DF90CF900895CE
:10EFA0008091630590916405A0916505B091660517
:10EFB0004091B3065091B4066091B5067091B606C3
:10EFC000841B950BA60BB70B80930707909308073C
:10EFD000A0930907B0930A074091070750910807CB
:10EFE0006091090770910A078091C3069091C40649
:10EFF000A091C506B091C60684179507A607B70766
:10F0000040F68091B3069091B406A091B506B091F8
:10F01000B606892B8A2B8B2B09F48FC08091AF0603
:10F020009091B006A091B106B091B206892B8A2BBF
:10F030008B2B09F482C08091BD069091BE06892B6E
:10F0400049F08091BD069091BE0601969093BE0650
:10F050008093BD062091B3063091B4064091B50669
:10F060005091B6068091AF069091B006A091B1067E
:10F07000B091B206C0900707D0900807E09009074A
:10F08000F0900A07281B390B4A0B5B0BA3E0B0E09A
:10F090000F942A4C9695879577956795C616D7064F
:10F0A000E806F90608F486C04091D0075091D107D0
:10F0B0006091D2077091D3070091B3061091B40606
:10F0C0002091B5063091B606809163059091640554
:10F0D000A0916505B0916605C090D007D090D1078A
:10F0E000E090D207F090D307401B510B620B730BDB
:10F0F0008C199D09AE09BF09481759076A077B0794
:10F1000008F043C08091BD069091BE06892BB1F1F5
:10F110008091BD069091BE06089781F18091BD0651
:10F120009091BE06892B09F040C01092C306109240
:10F13000C4061092C5061092C6068091B30690913F
:10F14000B406A091B506B091B6068093AF06909331
:10F15000B006A093B106B093B2068091630590917A
:10F160006405A0916505B09166058093B306909300
:10F17000B406A093B506B093B6060BCF81E090E03D
:10F180009093BE068093BD06D0CF8091BD0690912E
:10F19000BE06892B39F08091BD069091BE06059779
:10F1A00009F0BCCF85E090E0EBCF1092BE06109244
:10F1B000BD06BBCF8091BD069091BE06892B09F498
:10F1C000BCCF8091070790910807A0910907B091E3
:10F1D0000A0722E0B695A795979587952A95D1F7C6
:10F1E0008093C3069093C406A093C506B093C60649
:10F1F000A4CFCF92DF92EF92FF928091C71C8C71C7
:10F200008C3031F08091460C8073803309F0F1C06E
:10F210000F9498256093630570936405809365054A
:10F22000909366058091630590916405A0916505B2
:10F23000B09166054091B3065091B4066091B50651
:10F240007091B606841B950BA60BB70B809307072E
:10F2500090930807A0930907B0930A074091070706
:10F26000509108076091090770910A078091C306C1
:10F270009091C406A091C506B091C6068417950763
:10F28000A607B70708F0B5C08091B3069091B40601
:10F29000A091B506B091B606892B8A2B8B2B09F469
:10F2A00098C08091FF0690910007A0910107B0914E
:10F2B0000207892B8A2B8B2B09F48BC08091FB06CC
:10F2C0009091FC06A091FD06B091FE06892B8A2B39
:10F2D0008B2B09F47EC02091FF06309100074091EE
:10F2E0000107509102078091FB069091FC06A091C6
:10F2F000FD06B091FE06C0900707D0900807E09089
:10F300000907F0900A07281B390B4A0B5B0BA3E097
:10F31000B0E00F942A4CC616D706E806F90608F4A2
:10F320006DC08091BD069091BE06892BF1F12091B0
:10F33000CF072223D1F18091B7069091440C92958A
:10F340009F70882381F0E091B7064091BD065091EF
:10F35000BE06F0E0EE0FFF1FE353F94F60817181AD
:10F3600064177507B1F01092B706EBECF6E081E098
:10F370009817D8F04091BD065091BE066281738106
:10F380006417750719F43081231769F08F5F32967F
:10F39000EFCF8091B7068F5F8093B7068091B70655
:10F3A000981718F481E08093B7068091BD0690917C
:10F3B000BE068093CF0781E090E09093BE068093D5
:10F3C000BD061092C3061092C4061092C506109294
:10F3D000C6068091630590916405A0916505B09182
:10F3E00066058093B3069093B406A093B506B093D8
:10F3F000B606FF90EF90DF90CF9008958091BD0604
:10F400009091BE06892B29F38091BD069091BE068E
:10F4100001969093BE068093BD0680910707909158
:10F420000807A0910907B0910A0722E0B695A795B1
:10F43000979587952A95D1F78093C3069093C40634
:10F44000A093C506B093C606C4CF0F9498256093C9
:10F4500063057093640580936505909366058091BC
:10F46000630590916405A0916505B0916605409192
:10F47000B3065091B4066091B5067091B606841B30
:10F48000950BA60BB70B8093070790930807A093E3
:10F490000907B0930A078091B3069091B406A09132
:10F4A000B506B091B606892B8A2B8B2B61F580911E
:10F4B000030790910407A0910507B0910607880FF4
:10F4C000991FAA1FBB1F80935F0590936005A093AF
:10F4D0006105B09362051092070710920807109219
:10F4E000090710920A078091630590916405A09125
:10F4F0006505B09166058093B3069093B406A0931A
:10F50000B506B093B6064091070750910807609181
:10F51000090770910A078091C3069091C406A091D3
:10F52000C506B091C606481759076A077B0708F455
:10F53000DBC08091BD069091BE0601969093BE06F9
:10F540008093BD068091630590916405A091650547
:10F55000B09166058093B3069093B406A093B50668
:10F56000B093B60680912B1F85FF2BC08091C31CE2
:10F570008F7741F0833029F58091BD069091BE06CA
:10F580000697F9F4E0912202F09123021995893649
:10F5900021E092071CF088569140F9CF2091BB1CC6
:10F5A0003091BC1C821B930B2091311F23702230A1
:10F5B00021F42091F81D821B91099093E21E809303
:10F5C000E11E8091C31C8F77C1F481E08093B8065F
:10F5D0008091070790910807A0910907B0910A0749
:10F5E000B695A795979587958093C3069093C40683
:10F5F000A093C506B093C6060895833009F074C081
:10F6000040910707509108076091090770910A0718
:10F6100080915F0590916005A0916105B0916205B0
:10F62000481759076A077B0768F58091070790918B
:10F630000807A0910907B0910A07B695A795979575
:10F6400087958093C3069093C406A093C506B09394
:10F65000C60620910707309108074091090750918D
:10F660000A07A3E0B0E00F942A4C9695879577950A
:10F67000679560935F057093600580936105909333
:10F68000620508958091BD069091BE06069771F4BB
:10F690001092B80680911107909112074397F0F4E9
:10F6A0008091110790911207429614C08091BD0677
:10F6B0009091BE060497C9F481E08093B8068091CA
:10F6C000110790911207429748F08091110790918D
:10F6D00012074297909312078093110781E090E000
:10F6E0009093BE068093BD0608958091BD069091CB
:10F6F000BE06039799F781E08093B806CBCF0F94AD
:10F7000098256093630570936405809365059093D5
:10F7100066058091630590916405A0916505B0919F
:10F7200066054091B3065091B4066091B50670919C
:10F73000B606841B950BA60BB70B80930707909317
:10F740000807A0930907B0930A0740910707509153
:10F7500008076091090770910A078091C30690918C
:10F76000C406A091C506B091C606481759076A0796
:10F770007B0708F4F4C08091630590916405A09123
:10F780006505B09166058093B3069093B406A09387
:10F79000B506B093B6068091BD069091BE0602975D
:10F7A00009F04FC08091CF07833009F04AC08091A3
:10F7B000341E80FD77C00F9498256093FF067093E8
:10F7C000000780930107909302070F9498256056D5
:10F7D000734E864191096093FB067093FC068093FB
:10F7E000FD069093FE068091CA1C8150990B909360
:10F7F0001207809311078091341E81608093341E1C
:10F8000081E08093B8068091030790910407A0914E
:10F810000507B091060742E0880F991FAA1FBB1F7A
:10F820004A95D1F78093C3069093C406A093C5066A
:10F83000B093C60681E090E09093BE068093BD062B
:10F8400008958091341E80FF56C0809103079091E7
:10F850000407A0910507B091060740910307509156
:10F8600004076091050770910607B695A7959795CF
:10F870008795840F951FA61FB71F8093C30690938B
:10F88000C406A093C506B093C6068091BD069091AC
:10F89000BE0601969093BE068093BD0681E08093DC
:10F8A000CF0708958091CA1C20911107309112074B
:10F8B00090E0AC01415051094217530791F040913B
:10F8C000A01E5091A11E6091A21E7091A31E4330F4
:10F8D00051056105710528F02091DC1E2F5F2093F2
:10F8E000DC1E2091C11C27FF8BCF0197909312073C
:10F8F0008093110785CF809111079091120703978C
:10F9000008F4A3CF8091BD069091BE06892B09F023
:10F910009CCF0F9498256093FF0670930007809307
:10F920000107909302070F9498256056734E864105
:10F9300091096093FB067093FC068093FD069093FB
:10F94000FE0681E090E09093120780931107809368
:10F95000B8068091341E81608093341E0895809192
:10F96000030790910407A0910507B0910607409105
:10F970000307509104076091050770910607B6953B
:10F98000A79597958795840F951FA61FB71F8093FE
:10F99000C3069093C406A093C506B093C6067ECF57
:10F9A0000F931F930F9498256093690570936A05D0
:10F9B00080936B0590936C058091690590916A0521
:10F9C000A0916B05B0916C054091FF065091000726
:10F9D0006091010770910207841B950BA60BB70B72
:10F9E0008093030790930407A0930507B09306073D
:10F9F0008091B7068F5F8093B70680912A0B806253
:10FA000080932A0B8091341E80FFB9C0209111078A
:10FA10003091120780910F0790911007281739072E
:10FA200009F07DC081E090E0909312078093110768
:10FA30008091BF069091C006A091C106B091C20608
:10FA40008093B9069093BA06A093BB06B093BC0608
:10FA50008091690590916A05A0916B05B0916C0544
:10FA60008093BF069093C006A093C106B093C206D0
:10FA70008091341E81608093341E8091A01E9091ED
:10FA8000A11EA091A21EB091A31E0196A11DB11DA1
:10FA90008093A01E9093A11EA093A21EB093A31EBC
:10FAA00084E190E0A0E0B0E08093C7069093C806A0
:10FAB000A093C906B093CA068091C71C87FF0CC0EB
:10FAC0008091841E81FF08C08091110790911207D8
:10FAD0000197C9F50E94D7DC8091FF06909100073D
:10FAE000A0910107B09102078093FB069093FC065A
:10FAF000A093FD06B093FE068091690590916A057A
:10FB0000A0916B05B0916C058093FF069093000760
:10FB1000A0930107B09302071F910F910895809160
:10FB20001107909112070196909312078093110785
:10FB30006091030770910407809105079091060773
:10FB40000E949A21B9CF80911107909112070297D4
:10FB500019F40E9435DCC0CF8091110790911207F3
:10FB6000039719F40E94ADDBB7CF809111079091F4
:10FB70001207049709F0B0CF0E9425DBADCF80912A
:10FB8000B706833008F4A8CF8091440C807F80337F
:10FB9000E9F56091FF06709100078091010790914F
:10FBA00002070091FB061091FC062091FD063091A2
:10FBB000FE06601B710B820B930B32E096958795C6
:10FBC000779567953A95D1F700910307109104074F
:10FBD00020910507309106070617170728073907F0
:10FBE00008F07ACF22E030E030931207209311071B
:10FBF0002091341E21602093341E6093C7067093B9
:10FC0000C8068093C9069093CA0666CF2091FF0666
:10FC10003091000740910107509102078091FB0647
:10FC20009091FC06A091FD06B091FE06281B390BB1
:10FC30004A0B5B0BA3E0B0E00F942A4C23E09695AF
:10FC40008795779567952A95D1F7BECF8091030761
:10FC500090910407A0910507B09106078093AB0629
:10FC60009093AC06A093AD06B093AE060F94982582
:10FC70006093690570936A0580936B0590936C059A
:10FC80008091690590916A05A0916B05B0916C0512
:10FC90004091FF06509100076091010770910207A3
:10FCA000841B950BA60BB70B809303079093040757
:10FCB000A0930507B09306076091030770910407AE
:10FCC00080910507909106070E949A2140910307B1
:10FCD0005091040760910507709106078091C7064F
:10FCE0009091C806A091C906B091CA0684179507DD
:10FCF000A607B70708F057C0E091A306F091A40645
:10FD000080819091A206892309F440C080912A0B3A
:10FD1000806280932A0B8091AB069091AC06A091F3
:10FD2000AD06B091AE0680935B0590935C05A09301
:10FD30005D05B0935E0580911107909112070196C1
:10FD40009093120780931107409103075091040785
:10FD5000609105077091060780915B0590915C05A5
:10FD6000A0915D05B0915E0584179507A607B707BA
:10FD7000D8F082E090E090931207809311078DE90C
:10FD800090E090931407809313073DC08091341E38
:10FD900080FD6DC08091341E8E7F8093341E109242
:10FDA000120710921107089581E090E090931207D6
:10FDB0008093110710921407109213078091BF06C9
:10FDC0009091C006A091C106B091C2068093B90679
:10FDD0009093BA06A093BB06B093BC0680916905C8
:10FDE00090916A05A0916B05B0916C058093BF0658
:10FDF0009093C006A093C106B093C2068091341EB2
:10FE000081608093341E8091FF0690910007A0913D
:10FE10000107B09102078093FB069093FC06A09324
:10FE2000FD06B093FE068091690590916A05A09148
:10FE30006B05B0916C058093FF0690930007A0932B
:10FE40000107B09302078091A01E9091A11EA0917E
:10FE5000A21EB091A31E0196A11DB11D8093A01EEC
:10FE60009093A11EA093A21EB093A31E089580910B
:10FE7000DC1E8F5F8093DC1E8DCF0F9498256093DE
:10FE8000690570936A0580936B0590936C05E0910A
:10FE9000A306F091A40680819091A206892321E017
:10FEA00030E011F430E020E08091DA078217130689
:10FEB00009F06EC18091690590916A05A0916B056A
:10FEC000B0916C058093070790930807A0930907EA
:10FED000B0930A078091690590916A05A0916B051E
:10FEE000B0916C054091FF065091000760910107A9
:10FEF00070910207841B950BA60BB70B8093030729
:10FF000090930407A0930507B09306074091030759
:10FF10005091040760910507709106078091C7060C
:10FF20009091C806A091C906B091CA064817590712
:10FF30006A077B0708F426C180912A0B80628093B0
:10FF40002A0B8091110790911207892B09F496C012
:10FF500080912A0B806280932A0B809111079091E7
:10FF600012078130910509F092C09093BE068093EC
:10FF7000BD0686E490E09093140780931307809168
:10FF8000BF069091C006A091C106B091C2068093B1
:10FF9000B9069093BA06A093BB06B093BC068091B5
:10FFA000690590916A05A0916B05B0916C058093ED
:10FFB000BF069093C006A093C106B093C20680917D
:10FFC000341E81608093341E609103077091040792
:10FFD000809105079091060752E0660F771F881FF2
:10FFE000991F5A95D1F727E030E040E050E00F9498
:10FFF0003D4CCA01B9010E949A218091A01E9091A6
:020000021000EC
:10000000A11EA091A21EB091A31E0196A11DB11D1B
:100010008093A01E9093A11EA093A21EB093A31E36
:100020008091FF0690910007A0910107B09102070F
:100030008093FB069093FC06A093FD06B093FE060A
:100040008091690590916A05A0916B05B0916C054E
:100050008093FF0690930007A0930107B0930207D7
:100060008091C7069091C806A091C906B091CA06B2
:100070008135934CA105B10508F489C01092C706DB
:100080001092C8061092C9061092CA06089580916F
:1000900011079091120782309105F1F49093BE06FA
:1000A0008093BD0688E290E0909314078093130735
:1000B00020910307309104074091050750910607EE
:1000C000A7E0B0E00F942A4C32E09695879577959B
:1000D00067953A95D1F742C0809111079091120728
:1000E0008330910599F49093BE068093BD0686E413
:1000F00090E0909314078093130760910307709129
:100100000407809105079091060728C08091110788
:10011000909112078430910521F59093BE0680934B
:10012000BD0686E490E090931407809313076091D6
:10013000030770910407809105079091060742E03C
:10014000660F771F881F991F4A95D1F727E030E087
:1001500040E050E00F943D4CCA01B9010E949A2141
:100160005FCF80911107909112078530910509F4B6
:1001700095CF80911107909112078630910509F073
:100180004FCFB1CF80912A0B8F7D80932A0B08959A
:1001900080912A0B85FF62C08091690590916A0564
:1001A000A0916B05B0916C0540910707509108072D
:1001B0006091090770910A07841B950BA60BB70B7A
:1001C0004091AB065091AC066091AD067091AE06C1
:1001D000440F551F661F771F20911107309112079A
:1001E000481759076A077B07D8F4232B99F0209109
:1001F0001107309112072630310561F02091DC1E85
:100200002F5F2093DC1E21E030E030931207209313
:10021000110714C02091341E21602093341EF3CFA7
:1002200026303105A1F421E030E03093120720930D
:1002300011072091DC1E2F5F2093DC1E8093AB06FC
:100240009093AC06A093AD06B093AE0608952091AE
:100250001107309112072F5F3F4FD7CF80912A0BA4
:1002600085FD95CF80912A0B80628FCF81E00C9421
:10027000A32681E00E94A3264091DB0A5091DC0A6C
:100280006091DD0A7091DE0A440F551F661F771FCB
:100290004B3428E9520725E06207710548F0409386
:1002A00004025093050260930602709307020895BA
:1002B0004BE458E965E070E0F2CF81E00C94A326AE
:1002C0008091A01E9091A11EA091A21EB091A31E8C
:1002D000892B8A2B8B2B19F081E00C94A32690E0BC
:1002E00080E00895CF92DF92EF92FF92CF93DF9359
:1002F000F894C0911107D0911207C090FF06D090DA
:100300000007E0900107F09002070F949825609392
:1003100071057093720580937305909374057894BA
:10032000CC0FDD1FC753D94F0990D881C02D8091C4
:10033000BB1C9091BC1CC80FD91F609171057091B6
:10034000720580917305909174056C197D098E0971
:100350009F0960936D0570936E0580936F05909370
:1003600070050E94312A8C0F9D1F803D22E092076C
:100370004CF0805D9240DF91CF91FF90EF90DF9045
:10038000CF90089597FFF7CF409126025091270212
:1003900020911E0230911F02241735070CF49A0198
:1003A000820F931FE8CFCF92DF92EF92FF92CF930D
:1003B000DF93F894C0911107D0911207C090FF0607
:1003C000D0900007E0900107F09002070F94982565
:1003D0006093710570937205809373059093740513
:1003E0007894CD7F8091BB1C9091BC1C219731F5F6
:1003F000EC01609171057091720580917305909187
:1004000074056C197D098E099F0960936D057093C1
:100410006E0580936F05909370050E94312A8C0FB2
:100420009D1F803D22E092076CF0805D9240DF913D
:10043000CF91FF90EF90DF90CF900895EC01C356DD
:10044000DF4FD7CF97FFF3CF88599E4FF0CFCF9292
:10045000DF92EF92FF92CF93DF93F894C091BD06A5
:10046000D091BE06C090FF06D0900007E090010733
:10047000F09002070F9498256093710570937205B0
:1004800080937305909374057894CC0FDD1FC5534A
:10049000D94F0990D881C02D8091BB1C9091BC1C74
:1004A000C80FD91F60917105709172058091730515
:1004B000909174056C197D098E099F0960936D05F3
:1004C00070936E0580936F05909370050E94312A9A
:1004D0008C0F9D1F803D22E092074CF0805D924082
:1004E000DF91CF91FF90EF90DF90CF90089597FF2D
:1004F000F7CF88599E4FF4CFCF92DF92EF92FF92C1
:10050000CF93DF93F894C0911107D0911207C09058
:10051000FF06D0900007E0900107F09002070F94CB
:10052000982560937105709372058093730590937D
:1005300074057894DE01AA0FBB1FCD2B81F0ED016D
:10054000C753D94FFD01E553F94F208131814881CF
:100550005981241B350B30931407209313074091C6
:100560007105509172056091730570917405CB010E
:10057000BA016C197D098E099F0960936D0570930E
:100580006E0580936F0590937005FD01E553F94F5B
:1005900020813181C091BB1CD091BC1CC20FD31FE4
:1005A0000E94312A8C0F9D1F803D22E092074CF063
:1005B000805D9240DF91CF91FF90EF90DF90CF90E0
:1005C000089597FFF7CF80539D4FF4CF2091351EAC
:1005D0003091361E8091CC1E9091CD1E2817390780
:1005E000A8F59091440C907F9034D1F4809111073C
:1005F00090911207439741F1809111079091120752
:10060000409711F180911107909112078297E1F0C4
:1006100080912A0B86FF18C060E084E20C941F26AC
:10062000903691F48091110790911207099761F02B
:1006300080911107909112070C9731F0809111076A
:1006400090911207819721F7C901089580E00C94D9
:10065000A32660E084E20C941F268091351E9091C1
:10066000361E2091CC1E3091CD1E8217930770F557
:1006700020911107309112074091CD065091CE067E
:100680004217530731F12091110730911207409121
:10069000CF065091D00642175307D9F02091110789
:1006A000309112074091D1065091D206421753075C
:1006B00081F020911107309112074091D30650919B
:1006C000D4064217530729F00C94298380E00C9438
:1006D000A32608958091351E9091361E2091CC1E40
:1006E0003091CD1E8217930730F420912A0B26FFFC
:1006F00005C00C94298380E00C94A3260895809172
:10070000351E9091361E2091CC1E3091CD1E821741
:10071000930748F4209111073091120721303105D9
:1007200029F00C94298380E00C94A32608958091ED
:10073000351E9091361E2091CC1E3091CD1E821711
:10074000930768F420911107309112072431310585
:1007500049F020912A0B26FF05C00C94298380E0E4
:100760000C94A32608950F949825609369057093BF
:100770006A0580936B0590936C0580916905909153
:100780006A05A0916B05B0916C054091FF065091F0
:1007900000076091010770910207841B950BA60B5F
:1007A000B70B8093030790930407A0930507B093BA
:1007B0000607409103075091040760910507709167
:1007C00006078091C7069091C806A091C906B0910E
:1007D000CA06481759076A077B0708F41DC18091AC
:1007E00011079091120701969093120780931107B9
:1007F0008091CF07882319F08F5F8093CF074091B6
:10080000C3065091C4066091C5067091C6068091DA
:10081000030790910407A0910507B091060784177C
:100820009507A607B70700F1809103079091040789
:10083000A0910507B0910607409103075091040766
:100840006091050770910607B695A79597958795CE
:10085000840F951FA61FB71F8093C3069093C406ED
:10086000A093C506B093C60680912A0B8062809340
:100870002A0B8091FF0690910007A0910107B0918B
:1008800002078093FB069093FC06A093FD06B093AD
:10089000FE068091690590916A05A0916B05B09163
:1008A0006C058093FF0690930007A0930107B09317
:1008B00002078091341E80FF8BC0809111079091B8
:1008C0001207019751F08091110790911207209122
:1008D000CA1C2817190608F03FC081E090E09093E9
:1008E0001207809311078091B80691E089278093C1
:1008F000B8068091BF069091C006A091C106B09144
:10090000C2068093B9069093BA06A093BB06B09333
:10091000BC068091690590916A05A0916B05B09124
:100920006C058093BF069093C006A093C106B09358
:10093000C2068091A01E9091A11EA091A21EB0910E
:10094000A31E0196A11DB11D8093A01E9093A11E10
:10095000A093A21EB093A31E609103077091040799
:1009600080910507909106070E949A218091460C7C
:1009700086FF52C08091841E81FD4EC020911107D8
:1009800030911207409113075091140721503109FB
:10099000249FC001259F900D349F900D112420911C
:1009A000BB1C3091BC1C820F931F2091C71C2C7163
:1009B0002C3041F42091B806222321F02091C01C54
:1009C00021FF1EC060911107709112070C94233013
:1009D0008091BD069091BE06019741F68091CF07A8
:1009E000843021F682E090E0909312078093110703
:1009F0008091341E81608093341E1092B806B6CF69
:100A000020911107309112076091CA1C620F732F59
:100A1000711D88599E4FDACF08950F9498256093E1
:100A2000690570936A0580936B0590936C058091BE
:100A3000690590916A05A0916B05B0916C05409194
:100A4000FF06509100076091010770910207841B17
:100A5000950BA60BB70B8093030790930407A09305
:100A60000507B09306074091030750910407609172
:100A70000507709106078091C7069091C806A0915E
:100A8000C906B091CA06481759076A077B0708F4D8
:100A9000EBC0809111079091120701969093120775
:100AA0008093110780912A0B806280932A0B2091FA
:100AB000FF06309100074091010750910207809195
:100AC000FB069091FC06A091FD06B091FE06281B46
:100AD000390B4A0B5B0BA3E0B0E00F942A4C6093F8
:100AE0005F05709360058093610590936205809126
:100AF0005F0590916005A0916105B0916205B69582
:100B0000A7959795879580935B0590935C05A09337
:100B10005D05B0935E058091FF0690910007A0915E
:100B20000107B0910207892B8A2B8B2B61F08091F2
:100B3000FB069091FC06A091FD06B091FE06892B64
:100B40008A2B8B2B41F4109203071092040710920A
:100B50000507109206074091030750910407609122
:100B600005077091060780915B0590915C05A09147
:100B70005D05B0915E0584179507A607B70770F568
:100B80004091030750910407609105077091060793
:100B900080915F0590916005A0916105B09162051B
:100BA000481759076A077B0708F05BC084E190E0AB
:100BB00090931207809311078091341E8160809377
:100BC000341E80912A0B8F7B80932A0B1092C706CC
:100BD0001092C8061092C9061092CA068091FF06AC
:100BE00090910007A0910107B09102078093FB0646
:100BF0009093FC06A093FD06B093FE0680916905D4
:100C000090916A05A0916B05B0916C058093FF06E9
:100C100090930007A0930107B09302078091460CC0
:100C200086FF7EC020911107309112078091130733
:100C30009091140721503109289FA001299F500D40
:100C4000389F500D11248091BB1C9091BC1C840FC7
:100C5000951F0E946DF260911107709112070C941C
:100C6000233081E090E0A4CF80911107909112078A
:100C7000859738F48091110790911207019709F038
:100C80003FC081E090E0909312078093110780911C
:100C9000B80691E089278093B8068091BF069091AD
:100CA000C006A091C106B091C2068093B906909388
:100CB000BA06A093BB06B093BC06809169059091DB
:100CC0006A05A0916B05B0916C058093BF06909367
:100CD000C006A093C106B093C2068091A01E909159
:100CE000A11EA091A21EB091A31E0196A11DB11D2F
:100CF0008093A01E9093A11EA093A21EB093A31E4A
:100D00006091030770910407809105079091060791
:100D10000E949A2180912A0B806480932A0B5ECFD7
:100D200008952091BB1C3091BC1C821B930B0E9428
:100D30006DF29C01EDECF6E081E04191519142179A
:100D4000530734F48F5F8830C1F787E090E008954F
:100D50008130D9F38150990B089580911A0B9091AD
:100D60001B0B0E94918690937A0580937905809160
:100D70004C0890914D080E9491869093780580933D
:100D8000770580914A0890914B080E949186909334
:100D900076058093750508950F94982560936905ED
:100DA00070936A0580936B0590936C05809169053B
:100DB00090916A05A0916B05B0916C054091FF067A
:100DC000509100076091010770910207841B950BF9
:100DD000A60BB70B8093030790930407A093050716
:100DE000B0930607409103075091040760910507EF
:100DF000709106078091C7069091C806A091C90618
:100E0000B091CA06481759076A077B0708F442C21F
:100E10008091FF0690910007A0910107B091020711
:100E2000892B8A2B8B2B09F4CBC08091FB069091E8
:100E3000FC06A091FD06B091FE06892B8A2B8B2B18
:100E400009F4BEC02091FF063091000740910107D0
:100E5000509102078091FB069091FC06A091FD063F
:100E6000B091FE06281B390B4A0B5B0BA3E0B0E0E8
:100E70000F942A4C969587957795679560935B05B7
:100E800070935C0580935D0590935E054091030728
:100E900050910407609105077091060780915B05EA
:100EA00090915C05A0915D05B0915E058417950752
:100EB000A607B70708F0D6C08091150790911607CE
:100EC000A0911707B091180732E0880F991FAA1F49
:100ED000BB1F3A95D1F78093150790931607A093FF
:100EE0001707B09318078091150790911607A091E6
:100EF0001707B09118070196A11DB11D8093150722
:100F000090931607A0931707B093180780911107C5
:100F10009091120701969093120780931107809188
:100F20001107909112070196909312078093110771
:100F3000209111073091120780910F0790911007AF
:100F400028173907E8F1409115075091160760916D
:100F50001707709118074F3B5F4F6D4F7D4F09F09A
:100F6000BCC08091CB069091CC06059739F181E009
:100F700090E09093CE068093CD068BE090E0909326
:100F8000D0068093CF0683E190E09093D2068093C1
:100F9000D1068EE190E09093D4068093D30685E04D
:100FA00090E09093CC068093CB0684E08093CB1C9A
:100FB00084E290E09093100780930F070E940871DD
:100FC0008091FF0690910007A0910107B091020760
:100FD0008093FB069093FC06A093FD06B093FE065B
:100FE0008091690590916A05A0916B05B0916C059F
:100FF0008093FF0690930007A0930107B093020728
:101000008091460C86FF46C18091841E81FD42C1BD
:1010100020911107309112078091130790911407C6
:1010200021503109289FA001299F500D389F500D54
:1010300011248091BB1C9091BC1C840F951F0E94B1
:101040006DF29C019091C71C9C719C3021F48091A1
:10105000B806811112C16091110770911207C90180
:101060000C9423308091150790911607A0911707D3
:10107000B0911807880F991FAA1FBB1F80931507EF
:1010800090931607A0931707B09318078091150740
:1010900090911607A0911707B09118070196A11D0E
:1010A000B11D8093150790931607A0931707B0936F
:1010B00018078091110790911207019690931207DB
:1010C00080931107609103077091040780910507D1
:1010D000909106070E949A212BCF409115075091BD
:1010E000160760911707709118074F375B4F6F4FC6
:1010F0007D4D31F58091CB069091CC06049709F493
:101100005DCF88E090E09093CE068093CD068BE093
:1011100090E09093D0068093CF0689E190E0909381
:10112000D2068093D1068BE190E09093D406809311
:10113000D30684E090E09093CC068093CB0636CF24
:101140004091150750911607609117077091180785
:101150004F37574F6F4F7B4D11F58091CB069091D4
:10116000CC06039709F42ACF88E090E09093CE064E
:101170008093CD068AE090E09093D0068093CF06CE
:1011800088E190E09093D2068093D1068BE190E0C5
:101190009093D4068093D30683E090E002CF4091F1
:1011A00015075091160760911707709118074D3B6E
:1011B0005F4F674F7D4F11F58091CB069091CC0624
:1011C000029709F4FBCE81E090E09093CE068093E5
:1011D000CD068CE090E09093D0068093CF0681E11D
:1011E00090E09093D2068093D1068DE190E09093A9
:1011F000D4068093D30682E090E0D3CE40911507C9
:101200005091160760911707709118074D3F5F4F77
:10121000674F7F4FC9F48091CB069091CC06019720
:1012200009F4CCCE81E090E09093CE068093CD0679
:1012300022E130E03093D0062093CF069093CC0685
:101240008093CB0682E0B2CE209111073091120735
:1012500001968217930708F0B3CE8091341E8E7FDB
:101260008093341E8091811E8F7E8093811E809199
:10127000DC1E8F5F8093DC1EA3CE809111079091BE
:1012800012076091CA1C680F792F711DC901885916
:101290009E4FE6CE08950F9498256093690570934C
:1012A0006A0580936B0590936C0580916905909118
:1012B0006A05A0916B05B0916C054091D4075091DF
:1012C000D5076091D6077091D707841B950BA60BA5
:1012D000B70B8093030790930407A0930507B0937F
:1012E000060740910307509104076091050770912C
:1012F00006078091C7069091C806A091C906B091D3
:10130000CA06481759076A077B0708F481C180910C
:10131000B7068F5F8093B7068091D4079091D50769
:10132000A091D607B091D707892B8A2B8B2B09F474
:10133000F0C08091D0079091D107A091D207B091D1
:10134000D307892B8A2B8B2B09F4E3C08091D40718
:101350009091D507A091D607B091D7074091D007BB
:101360005091D1076091D2077091D307841B950BE0
:10137000A60BB70B880F991FAA1FBB1F80935B0595
:1013800090935C05A0935D05B0935E0540910307C3
:1013900050910407609105077091060780915B05E5
:1013A00090915C05A0915D05B0915E0548175907C5
:1013B0006A077B0708F4B2C08091B7068F5F8093FD
:1013C000B7068091B7068F5F8093B7068091B70606
:1013D0008C3099F08091341E8E7F8093341E8091E2
:1013E000DC1E8F5F8093DC1E81E08093B70681E076
:1013F00090E090931207809311078091D407909109
:10140000D507A091D607B091D7078093D0079093C6
:10141000D107A093D207B093D3078091690590912B
:101420006A05A0916B05B0916C058093D4079093E9
:10143000D507A093D607B093D7078091B7068C3015
:1014400069F08091FF0690910007A0910107B0918B
:101450000207892B8A2B8B2B09F0DAC080911107A8
:101460009091120701969093120780931107809133
:10147000440C807F803609F05CC080911107909108
:101480001207079709F05EC08091BF069091C006D1
:10149000A091C106B091C2068093B9069093BA0696
:1014A000A093BB06B093BC068091690590916A0534
:1014B000A0916B05B0916C058093BF069093C00618
:1014C000A093C106B093C2068091341E81608093C0
:1014D000341E8091A01E9091A11EA091A21EB091D9
:1014E000A31E0196A11DB11D8093A01E9093A11E65
:1014F000A093A21EB093A31E8091B80691E0892705
:101500008093B80681E090E09093120780931107D2
:1015100019C080E091EEA5EFB5E030CF60910307F0
:101520007091040780910507909106070E949A2107
:1015300064CF803439F48091110790911207059798
:1015400009F4A2CF81E08093B7068091FF069091C5
:101550000007A0910107B09102078093FB069093CA
:10156000FC06A093FD06B093FE068091690590915C
:101570006A05A0916B05B0916C058093FF0690936E
:101580000007A0930107B09302078091460C86FFE5
:101590003FC08091841E81FD3BC020911107309196
:1015A0001207809113079091140721503109289F49
:1015B000A001299F500D389F500D11248091BB1C14
:1015C0009091BC1C840F951F0E946DF29C0190911C
:1015D000C71C9C719C3041F48091B806882321F08F
:1015E0008091C01C81FF07C06091110770911207A4
:1015F000C9010C94233080911107909112076091DA
:10160000CA1C680F792F711DC90188599E4FF1CFEF
:101610000895CF92DF92EF92FF920F931F930F9452
:1016200098256093690570936A0580936B05909384
:101630006C05E091A306F091A40680819091A2062A
:101640008923B9F08091690590916A05A0916B0595
:10165000B0916C058093D4079093D507A093D607DB
:10166000B093D7071F910F91FF90EF90DF90CF902D
:1016700008958091690590916A05A0916B05B091DC
:101680006C054091FF065091000760910107709131
:101690000207841B950BA60BB70B8093030790934F
:1016A0000407A0930507B0930607409103075091E4
:1016B000040760910507709106078091C706909115
:1016C000C806A091C906B091CA06481759076A070B
:1016D0007B0740F280911107909112070196909339
:1016E00012078093110780912A0B806280932A0B46
:1016F0008091FF0690910007A0910107B091020729
:10170000892B8A2B8B2B09F40FC28091FB069091B9
:10171000FC06A091FD06B091FE06892B8A2B8B2B2F
:1017200009F402C28091110790911207419771F05C
:101730008091110790911207839741F08091341E98
:1017400080FDE3C18091811E84FDDFC18091FF0691
:1017500090910007A0910107B09102070091FB064C
:101760001091FC062091FD063091FE064091030782
:10177000509104076091050770910607801B910B3B
:10178000A20BB30B880F991FAA1FBB1F84179507C5
:10179000A607B70708F0A6C11092C7061092C806A0
:1017A0001092C9061092CA0680912A0B8F7B8093F3
:1017B0002A0B4091D4075091D5076091D6077091BC
:1017C000D707C090FF06D0900007E0900107F09087
:1017D00002078091690590916A05A0916B05B0910F
:1017E0006C050091D4071091D5072091D607309150
:1017F000D7074C195D096E097F09801B910BA20B5D
:10180000B30B481759076A077B0708F0F6C081E059
:1018100090E090931207809311078091BF069091FA
:10182000C006A091C106B091C2068093B9069093FC
:10183000BA06A093BB06B093BC068091690590914F
:101840006A05A0916B05B0916C058093BF069093DB
:10185000C006A093C106B093C2068091341E80FFDB
:10186000C3C08091A01E9091A11EA091A21EB09114
:10187000A31E0196A11DB11D8093A01E9093A11ED1
:10188000A093A21EB093A31E8091C71C8C718C30B4
:1018900029F08091460C8073803341F58091440C8F
:1018A000807F803409F0B0C08091110790911207B9
:1018B000019761F48091BD069091BE060197A1F059
:1018C0008091BD069091BE06029771F0809111073C
:1018D00090911207439709F0E3C08091BD06909163
:1018E000BE06049709F0DCC01092B8068091341E41
:1018F00081608093341E8091811E8F7E8093811E33
:101900008091FB069091FC06A091FD06B091FE0629
:101910004091FF0650910007609101077091020706
:101920000091690510916A0520916B0530916C0555
:10193000800F911FA21FB31F841B950BA60BB70B23
:101940008093FB069093FC06A093FD06B093FE06E1
:101950008091690590916A05A0916B05B0916C0525
:101960008093FF0690930007A0930107B0930207AE
:101970008091460C86FF76CE8091841E81FD72CECA
:10198000209111073091120780911307909114074D
:1019900021503109289FA001299F500D389F500DDB
:1019A00011248091BB1C9091BC1C840F951F0E9438
:1019B0006DF29C019091C71C9C719C3041F4809108
:1019C000B806882321F08091C01C81FFB6C06091C9
:1019D000110770911207C9011F910F91FF90EF90AD
:1019E000DF90CF900C9423301092A01E1092A11E75
:1019F0001092A21E1092A31E47CF83E190E0909315
:101A000012078093110740CF803609F0A3C0809160
:101A1000110790911207019751F48091B706813018
:101A200009F462CF8091B706823009F45DCF8091CE
:101A3000110790911207439751F48091B7068230B5
:101A400009F452CF8091B706833009F44DCF8091CD
:101A5000110790911207019741F48091B7068430E5
:101A6000B9F18091B706853099F180911107909175
:101A70001207439741F48091B706853049F1809170
:101A8000B706863029F18091341E80FD25C08091F3
:101A9000341E8E7F8093341E8091811E80612ECFF4
:101AA0008091110790911207019731F48091BD0642
:101AB0009091BE06059761F08091110790911207F1
:101AC000439709F78091BD069091BE060797D9F616
:101AD00081E08093B8060ACF8091DC1E8F5F8093EF
:101AE000DC1ED5CF8091341E80FF05C08091DC1EA6
:101AF0008F5F8093DC1E8091341E8E7F8093341E16
:101B00008091811E8F7E8093811E6091030770916A
:101B1000040780910507909106070E949A21809101
:101B20002A0B806480932A0B8091FF069091000716
:101B3000A0910107B091020703CF80911107909106
:101B400012076091CA1C680F792F711DC90188594D
:101B50009E4F42CF803809F096CF80911107909127
:101B60001207019751F48091B706813009F4BCCE79
:101B70008091B706823009F4B7CE80911107909119
:101B80001207439751F48091B706833009F4ACCE25
:101B90008091B706843009F4A7CE80911107909107
:101BA0001207019751F48091B706853009F490CF60
:101BB0008091B706863009F48BCF80911107909100
:101BC0001207439709F05FCF8091B706873009F479
:101BD0007FCF8091B706883009F055CF79CF0F9429
:101BE00098256093690570936A0580936B059093BF
:101BF0006C058091690590916A05A0916B05B09183
:101C00006C054091FF0650910007609101077091AB
:101C10000207841B950BA60BB70B809303079093C9
:101C20000407A0930507B09306074091030750915E
:101C3000040760910507709106078091C70690918F
:101C4000C806A091C906B091CA06481759076A0785
:101C50007B0708F4BAC08091110790911207019692
:101C6000909312078093110780912A0B80628093D2
:101C70002A0B8091FF0690910007A0910107B09177
:101C80000207892B8A2B8B2B61F08091FB069091A8
:101C9000FC06A091FD06B091FE06892B8A2B8B2BAA
:101CA00041F4109203071092040710920507109256
:101CB000060780911107909112074197E8F18091F2
:101CC000341E80FF39C081E090E09093120780932A
:101CD00011078091BF069091C006A091C106B091F6
:101CE000C2068093B9069093BA06A093BB06B09340
:101CF000BC068091690590916A05A0916B05B09131
:101D00006C058093BF069093C006A093C106B09364
:101D1000C2068091A01E9091A11EA091A21EB0911A
:101D2000A31E0196A11DB11D8093A01E9093A11E1C
:101D3000A093A21EB093A31E1092C7061092C806CD
:101D40001092C9061092CA0680912A0B8F7B80934D
:101D50002A0B8091FF0690910007A0910107B09196
:101D600002078093FB069093FC06A093FD06B093B8
:101D7000FE068091690590916A05A0916B05B0916E
:101D80006C058093FF0690930007A0930107B09322
:101D900002078091460C86FF18C0E0911107F09170
:101DA0001207EE0FFF1FE753F94F20813181809119
:101DB000BB1C9091BC1C820F931F0E946DF260911E
:101DC0001107709112070C94233008950F949825F1
:101DD0006093690570936A0580936B0590936C0519
:101DE0008091690590916A05A0916B05B0916C0591
:101DF0004091FF0650910007609101077091020722
:101E0000841B950BA60BB70B8093030790930407D5
:101E1000A0930507B093060740910307509104076C
:101E200060910507709106078091C7069091C806DA
:101E3000A091C906B091CA06481759076A077B07DF
:101E400008F45EC18091110790911207019690935A
:101E500012078093110780912A0B806280932A0BCE
:101E60008091B706811120C08091FF0690910007F4
:101E7000A0910107B09102074091FB065091FC062A
:101E80006091FD067091FE06841B950BA60BB70BA7
:101E9000880F991FAA1FBB1F80935B0590935C0559
:101EA000A0935D05B0935E058091FF0690910007B9
:101EB000A0910107B0910207892B8A2B8B2B61F02F
:101EC0008091FB069091FC06A091FD06B091FE0664
:101ED000892B8A2B8B2B41F4109203071092040755
:101EE00010920507109206074091030750910407CE
:101EF000609105077091060780915B0590915C05E4
:101F0000A0915D05B0915E0584179507A607B707F8
:101F100008F084C08091B706813009F069C08091D3
:101F2000440C807F803409F05DC083E190E09093A1
:101F30001207809311071092B7068091341E8160BA
:101F40008093341E80912A0B8F7B80932A0B1092F2
:101F5000C7061092C8061092C9061092CA06809150
:101F6000FF0690910007A0910107B09102078093AE
:101F7000FB069093FC06A093FD06B093FE068091AD
:101F8000690590916A05A0916B05B0916C058093ED
:101F9000FF0690930007A0930107B093020780917A
:101FA000460C86FFADC02091110730911207809139
:101FB00013079091140721503109289FA001299FF0
:101FC000500D389F500D11248091BB1C9091BC1C6A
:101FD000840F951F0E946DF2609111077091120796
:101FE0000C942330803609F0A6CF8CE090E09FCF90
:101FF00081E08093B70680911107909112070196B6
:102000009093120780931107809111079091120706
:102010000196909312078093110794CF8091110736
:1020200090911207859708F451C081E090E0909359
:102030001207809311078091B80691E08927809359
:10204000B8068091BF069091C006A091C106B091DC
:10205000C2068093B9069093BA06A093BB06B093CC
:10206000BC068091690590916A05A0916B05B091BD
:102070006C058093BF069093C006A093C106B093F1
:10208000C2068091A01E9091A11EA091A21EB091A7
:10209000A31E0196A11DB11D8093A01E9093A11EA9
:1020A000A093A21EB093A31E609103077091040732
:1020B00080910507909106070E949A2180912A0B32
:1020C000806480932A0B1092B70649CF8091B7069F
:1020D000813051F78091440C807F803461F483E239
:1020E00090E090931207809311078091341E8160D5
:1020F0008093341ED9CF8036B9F682E290E0F1CFDA
:1021000008950F9498256093690570936A058093EC
:102110006B0590936C058091690590916A05A0917B
:102120006B05B0916C054091FF06509100076091DE
:10213000010770910207841B950BA60BB70B8093C8
:10214000030790930407A0930507B09306074091F7
:10215000030750910407609105077091060780916D
:10216000C7069091C806A091C906B091CA06481743
:1021700059076A077B0708F492C180911107909173
:102180001207019690931207809311078091B7066A
:102190008F5F8093B70680912A0B806280932A0B11
:1021A0008091FF0690910007A0910107B09102076E
:1021B0008093FB069093FC06A093FD06B093FE0669
:1021C0008091690590916A05A0916B05B0916C05AD
:1021D0008093FF0690930007A0930107B093020736
:1021E00080911107909112070E9770F010921207CC
:1021F000109211078091341E8E7F8093341E80913F
:10220000DC1E8F5F8093DC1E8091BD069091BE0620
:1022100081309105C1F008F442C08230910581F10E
:10222000039709F46DC08091341E8E7F8093341E15
:1022300080912A0B8F7B80932A0B8091DC1E8F5F0D
:102240008093DC1E28C0809111079091120705979A
:10225000E9F080911107909112070B97B9F08091E6
:10226000341E8E7F8093341E8091DC1E8F5F80939E
:10227000DC1E85E090E090931207809311070BC05D
:102280008091110790911207089769F58091341E8B
:1022900081608093341E1092BE061092BD0680911C
:1022A000341E80FFFCC08091841E81FF41C080915C
:1022B000C71C87FF3DC080911107909112070197BD
:1022C00099F18091110790911207079769F1809118
:1022D000110790911207049709F0A5C00E9435DC00
:1022E0000E9425DB25C08091341E8E7F8093341E92
:1022F0008091DC1E8F5F8093DC1E88E090E0BBCF76
:102300008091110790911207029709F4BFCF809135
:10231000341E8E7F8093341E8091DC1E8F5F8093ED
:10232000DC1E82E090E0A7CF0E94D7DC0E94ADDBEC
:1023300080911107909112070D97C8F181E090E00C
:1023400090931207809311078091BF069091C00669
:10235000A091C106B091C2068093B9069093BA06C7
:10236000A093BB06B093BC068091690590916A0565
:10237000A0916B05B0916C058093BF069093C00649
:10238000A093C106B093C2068091A01E9091A11E99
:10239000A091A21EB091A31E0196A11DB11D809314
:1023A000A01E9093A11EA093A21EB093A31E809185
:1023B0001107909112070197F1F587E390E0909350
:1023C00014078093130780912A0B806480932A0B53
:1023D0008091460C86FF63C08091841E81FD5FC0A2
:1023E000E0911107F09112078091C71C8C718C301D
:1023F00009F444C0E0911107F0911207EE0FFF1F9E
:10240000E753F94F808191810E946DF2209111076D
:102410003091120760911107709112072730310532
:1024200050F50C94233080911107909112070A9770
:1024300009F07ECF53CF8091110790911207029738
:1024400019F48DE590E0BBCFA0911107B091120770
:10245000E0911107F0911207AA0FBB1FA753B94FC4
:10246000EE0FFF1FE953F94F8D919C91208131812F
:10247000821B930BA4CF66507109D3CF60911107D3
:1024800070911207EE0FFF1FE753F94F2081318142
:102490008091BB1C9091BC1C820F931FC2CF0895EA
:1024A000CF92DF92EF92FF920F9498256093690587
:1024B00070936A0580936B0590936C058091690514
:1024C00090916A05A0916B05B0916C054091FF0653
:1024D000509100076091010770910207841B950BD2
:1024E000A60BB70B8093030790930407A0930507EF
:1024F000B0930607409103075091040760910507C8
:10250000709106078091C7069091C806A091C906F0
:10251000B091CA06481759076A077B0768F480918B
:10252000A01E9091A11EA091A21EB091A31E892B66
:102530008A2B8B2B09F0AFC2809111079091120763
:102540000196909312078093110780912A0B806265
:1025500080932A0B8091FF0690910007A0910107BC
:10256000B09102078093FB069093FC06A093FD06B2
:10257000B093FE068091690590916A05A0916B0564
:10258000B0916C058093FF0690930007A09301071C
:10259000B09302074091030750910407609105072B
:1025A000709106078091070790910807A09109078D
:1025B000B0910A0784179507A607B70700F1409165
:1025C0000707509108076091090770910A078091E9
:1025D0000B0790910C07A0910D07B0910E0784177F
:1025E0009507A607B70758F086E090E0909312078A
:1025F000809311078091341E81608093341E8091F6
:10260000070790910807A0910907B0910A078093E6
:102610000B0790930C07A0930D07B0930E078091C2
:10262000030790910407A0910507B09106078093D6
:10263000070790930807A0930907B0930A078091B2
:102640000F07909110070196209111073091120702
:102650008217930721F42091341E20FD60C0209141
:102660001107309112078217930708F492C08091E6
:102670001107909112078330910529F008F0A0C04E
:10268000019709F0A1C040910307509104076091A0
:102690000507709106078091070790910807A091A0
:1026A0000907B0910A0784179507A607B707C0F472
:1026B0008091341E8E7F8093341E8091DC1E8F5F4C
:1026C0008093DC1E1092C7061092C8061092C906AD
:1026D0001092CA0682E090E090931207809311074F
:1026E0008091341E80FFD7C1E0911107F09112074D
:1026F0003197E730F10508F0C5C19091C71C92955C
:10270000969593708827E857FC468F4F0D948A4C16
:10271000DD940F94DD940F94B6947D94B69481E08B
:1027200090E090931207809311078091BF069091DB
:10273000C006A091C106B091C2068093B9069093DD
:10274000BA06A093BB06B093BC0680916905909130
:102750006A05A0916B05B0916C058093BF069093BC
:10276000C006A093C106B093C2068091A01E9091AE
:10277000A11EA091A21EB091A31E0296A11DB11D83
:102780008093A01E9093A11EA093A21EB093A31E9F
:102790006ECF8091341E8E7F8093341E8091DC1E1C
:1027A0008F5F8093DC1E1092C7061092C8061092AD
:1027B000C9061092CA06109212071092110757CF3D
:1027C0000597029708F45FCF4091030750910407E3
:1027D000609105077091060780910707909108079F
:1027E000A0910907B0910A07481759076A077B07A4
:1027F00008F076CF8091341E8E7F8093341E8091B6
:10280000DC1E8F5F8093DC1E1092C7061092C806F4
:102810001092C9061092CA0681E090E05DCF923016
:1028200081F008F050C0913009F02CC1609103078D
:102830007091040780910507909106070E940F2967
:102840008CC06091030770910407809105079091F7
:1028500006070E940F296B017C01609103077091AC
:10286000040780910507909106070E940029C60E73
:10287000D71EE81EF91EC092C706D092C806E09285
:10288000C906F092CA068091460C86FF04C1E09109
:102890001107F0911207EE0FFF1FE553F94F20814A
:1028A00031818091BB1C9091BC1C820F931F0E94B0
:1028B0006DF26091110770911207FF90EF90DF9019
:1028C000CF900C942330C0900307D0900407E09081
:1028D0000507F09006076091030770910407809147
:1028E0000507909106070E94002942E0F694E794BC
:1028F000D794C7944A95D1F7BACF9230A9F008F58A
:10290000913009F0BFC08091030790910407A09116
:102910000507B09106078093C7069093C806A09359
:10292000C906B093CA06AFCF809103079091040700
:10293000A0910507B0910607880F991FAA1FBB1F1A
:10294000EACF209103073091040740910507509189
:102950000607A3E0B0E00F942A4C6093C70670937B
:10296000C8068093C9069093CA068DCF9230A9F00D
:1029700008F459CFC0900307D0900407E0900507F2
:10298000F090060760910307709104078091050796
:10299000909106070E940F29A8CF8091030790917C
:1029A0000407A0910507B091060722E0B695A79508
:1029B000979587952A95D1F7AECF9230D9F0B0F59B
:1029C000913009F05FC0C0900307D0900407E090F9
:1029D0000507F09006076091030770910407809146
:1029E0000507909106070E940F29F694E794D79463
:1029F000C7943DCF8091030790910407A0910507EC
:102A0000B0910607409103075091040760910507B4
:102A100070910607E2E0B695A79597958795EA9598
:102A2000D1F7840F951FA61FB71F75CF40910307DD
:102A3000509104076091050770910607C090030745
:102A4000D0900407E0900507F090060780910307F7
:102A500090910407A0910507B091060722E0B69572
:102A6000A795979587952A95D1F776956795579568
:102A70004795840F951FA61FB71F8C0D9D1DAE1D7A
:102A8000BF1D49CF1092C7061092C8061092C90602
:102A90001092CA06F8CEFF90EF90DF90CF90089585
:102AA0008091A11F23E0829FC001112420911A0769
:102AB00030911B072817390780F56091510D6095FB
:102AC00061708091BD070F94E52260E08091B707A7
:102AD0000F94E52261E08091BC070F94E5220F94EA
:102AE000982560935F0770936007809361079093C8
:102AF000620781E090E090935E0780935D0780918C
:102B00001A0790911B07019690931B0780931A0751
:102B100081E08093570780E0089581E00895209137
:102B20005B0730915C078091590790915A07281BE9
:102B3000390B8091A21F682F772761950CF470954F
:102B40002617370724F0821713060CF040C0909127
:102B5000510D8091BD07692F617037FF30C0692F1B
:102B6000609561700F94E5228091590790915A0702
:102B7000019790935A078093590760E08091B707B7
:102B80000F94E52261E08091BC070F94E5220F9439
:102B9000982560935F077093600780936107909317
:102BA000620781E090E090935E0780935D078093D9
:102BB00057078091801E80648093801E08950F9433
:102BC000E5228091590790915A070196D2CF8091C2
:102BD000801E8F7BF1CFCF93DF9380915D07909123
:102BE0005E07019751F080915D0790915E07029713
:102BF00021F080E0DF91CF91089580915D07909161
:102C00005E07C0911F07D0912007019721F0C09166
:102C10001D07D0911E070F949825AB01BC01809130
:102C20005F0790916007A0916107B09162078C0FD8
:102C30009D1FA11DB11D84179507A607B70708F5AD
:102C400080915D0790915E07019711F560E080919A
:102C5000BC070F94E5220F94982560935F0770934B
:102C60006007809361079093620780911D079091A0
:102C70001E07892B41F082E090E090935E078093DD
:102C80005D0781E0B7CF10925E0710925D07F9CF24
:102C900010925E0710925D078091510D87FDA9CFBC
:102CA0004091590750915A0780915B0790915C07BA
:102CB0002091A21F30E0BC01621B730B461757071F
:102CC0000CF497CF820F931F841795070CF491CFC4
:102CD00061E08091B7070F94E5228BCFCF93DF930C
:102CE0001092FA07109219089091CA1C911103C012
:102CF00094E09093CA1C8E3111F40C945CA008F0FF
:102D000002C1863011F40C94FD9E08F05FC0823041
:102D100011F40C94209E833011F40C94899E813020
:102D200009F05EC088E08093CA0789E08093C907F4
:102D30008AE08093C8078BE08093C7078CE080937C
:102D4000C6078CE18093C50788E18093C40788E2B9
:102D50008093C30784E28093C20782E28093C10715
:102D600084E18093DB0785E18093E00783E0809333
:102D7000DD0788E380931C0889E380932E0886E3AF
:102D80008093C60A87E380932D088EE38093820A9E
:102D90008AE38093C80A81E38093C0078EE1809321
:102DA000BF078FE18093BE0780E18093BD0781E17B
:102DB0008093BC078FE28093BB0784E080936E080A
:102DC00082E08093DF078BE20C945D9F893011F4E1
:102DD0000C94B79F08F050C0883011F40C94609F99
:102DE00088E08093CA0789E08093C9078AE08093CE
:102DF000C8078BE08093C7078CE08093C6078CE1FF
:102E00008093C50788E18093C40788E28093C30755
:102E100084E28093C20782E28093C10784E18093B9
:102E2000DB0785E18093E00788E380931C0889E352
:102E300080932E0886E38093C60A87E380932D084B
:102E40008AE38093C80A80E18093BD0781E1809383
:102E5000BC078FE28093BB0784E080936E0881E318
:102E60008093C00783E08093DF0785E08093BA07F3
:102E700086E08093BF07A7CF8A3011F40C9410A08E
:102E8000843109F0ADCF98E09093CA0799E0909310
:102E9000C9079AE09093C8079BE09093C7079CE00E
:102EA0009093C6079CE19093C50798E19093C4075F
:102EB00098E29093C30794E29093C20792E29093B2
:102EC000C1078093DB0785E18093E0078EE3809361
:102ED000820A8AE38093C80A89E380932E0888E3F4
:102EE00080931C0887E380932D0886E38093C60AAD
:102EF0008FE28093BB0784E080936E0881E3809328
:102F0000C0070C945AA08A3211F40C947BA108F0EB
:102F10008FC0883211F40C94AFA010F00C9413A160
:102F20008F3109F05DCF98E09093CA0799E09093B4
:102F3000C9079AE09093C8079BE09093C7079CE06D
:102F40009093C60792E39093B60797E29093B407E5
:102F50009AE29093B30798E29093C50796E2909314
:102F6000C40794E39093C30790E39093C20794E25D
:102F70009093C10792E29093B2079EE29093B107BB
:102F800095E39093B00793E19093DB0792E19093E0
:102F9000E00794E19093DD0798E390931C0899E390
:102FA00090932E0895E490931A0896E39093C60A9E
:102FB00097E390932D089EE39093820A9AE390936F
:102FC000C80A9BE39093D40A91E39093C00795E0DD
:102FD0009093BF0796E09093BE0797E09093BA074F
:102FE00094E09093B9079AE19093B8079DE290938B
:102FF0006E0890E19093BD0791E19093BC0798E132
:103000009093B7079FE29093BB0793E39093940A42
:1030100092E09093DF079BE29093100B93E09093E4
:10302000E1078093A60681E280935A0B83E2E2C611
:10303000893308F06EC0873308F06EC08D3209F016
:10304000CFCE9AE09093CA079BE09093C9079CE08B
:103050009093C80799E09093C70797E29093C507AC
:103060009DE19093C4079CE19093C3079BE19093EB
:10307000C2079AE19093C10793E19093DB0792E135
:103080009093E00795E19093DD0794E19093DF073B
:1030900099E390931C0898E390932E0895E49093FD
:1030A000D40A91E49093C60A9AE390932D0892E48F
:1030B0009093820A9BE39093930A97E39093C80AB4
:1030C00098E19093940A96E29093C0079AE29093C5
:1030D000BF079BE29093BE0799E290936E089CE233
:1030E0009093B90790E39093B80790E29093BD074F
:1030F0009FE19093BC079EE19093B7078093BA0736
:1031000081E28093C60782E28093B60788E20C943E
:1031100077A18C3309F064CE80915B1F8F7329F007
:10312000873308F0895F8093940A8091FA1C982F66
:103130009E7739F086958F73873308F0895F809387
:10314000A00C8091300C8F7329F0873308F0895FD1
:103150008093C0078091C11C982F9E7739F0869587
:103160008F73873308F0895F80936E088091A31F67
:10317000982F9C7F39F086958695873308F0895F74
:103180008093BB07C091391F8C2F8F7329F0873331
:1031900008F0895F8093BA079091381F892F8F7349
:1031A00029F0873308F0895F8093B90796FF08C03C
:1031B0008091671F82958F700F94192C8093D40A89
:1031C000C7FF08C080917C1D82958F700F94192CC9
:1031D00080931A088091F11D8F7329F0873308F0CE
:1031E000895F8093D50A8091311E8F7329F08733D0
:1031F00008F0895F8093D60A8091860C982F9C7F77
:1032000039F086958695873308F0895F8093E107CA
:10321000C091FB1DC0FF07C08091FC1D8F710F94F2
:10322000192C8093D20AC1FF08C08C2F86958695F1
:1032300086950F94192C8093D30A8091111E982F94
:103240009E7739F086958F73873308F0895F809376
:10325000A6068091101E982F9E7739F086958F7361
:10326000873308F0895F80935A0B8091121E9FEF7D
:10327000980F953428F4873308F0895F8093A5066A
:103280008091211E8F7329F0873308F0895F809326
:10329000B80780915F0A807C41F08091670A8F7344
:1032A000873308F0895F8093AF078091590C8F7343
:1032B000873308F0895F8093B5078091960C8695D7
:1032C0008695873308F0895F8093AE0780917B0CE9
:1032D0008F73873308F0895F80931B088091600BA0
:1032E0008F7329F0873308F0895F8093AD07809151
:1032F0006B0B8F7329F0873308F0895F8093AC07DD
:103300008091610B8F7329F0873308F0895F809378
:10331000AB079091C51C892F837031F1892F8C7F69
:1033200041F0892F86958695873308F0895F8093D1
:10333000100B93709093110B8091811E8E7F809360
:10334000811E8091100B923011F40C94CBA110F0DF
:103350000C94D5A160E0913011F40C94D6A161E0F9
:103360008091100B0F943C2561E08091C0070F9471
:103370003C2561E08091BF070F943C2561E080917E
:10338000BE070F943C2561E08091AE070F943C2569
:1033900061E080916E080F943C2561E08091BB074D
:1033A0000F943C2561E08091BD070F943C2561E0BE
:1033B0008091BC070F943C2561E08091B7070F9482
:1033C0003C2561E08091BA070F943C2561E0809133
:1033D000B9070F943C2561E08091B8070F943C2514
:1033E0008091FA1C80FF05C061E08091A00C0F94D1
:1033F0003C258091460C82FF05C061E080912E083B
:103400000F94E522809119088111D9C061E0809163
:10341000C5070F943C2561E08091C4070F943C25BB
:1034200061E08091C3070F943C2561E08091C20761
:103430000F943C2561E08091C1070F943C25809159
:10344000C50790E0FC01E155F84EE491F0E0EE0F85
:10345000FF1FE558F84E259134913093FC072093D7
:10346000FB07FC01EB5FF74EE491E093FD078091D1
:10347000C40790E0FC01E155F84EE491F0E0EE0F56
:10348000FF1FE558F84E259134913093FF072093A4
:10349000FE07FC01EB5FF74EE491E093000880919A
:1034A000C30790E0FC01E155F84EE491F0E0EE0F27
:1034B000FF1FE558F84E2591349130930208209370
:1034C0000108FC01EB5FF74EE491E0930308809163
:1034D000C20790E0FC01E155F84EE491F0E0EE0FF8
:1034E000FF1FE558F84E259134913093080820933A
:1034F0000708FC01EB5FF74EE491E0930908809127
:10350000C10790E0FC01E155F84EE491F0E0EE0FC8
:10351000FF1FE558F84E2591349130930B08209306
:103520000A08FC01EB5FF74EE491E0930C088091F0
:10353000B20790E0FC01E155F84EE491F0E0EE0FA7
:10354000FF1FE558F84E2591349130930E082093D3
:103550000D08FC01EB5FF74EE491E0930F088091BA
:10356000B10790E0FC01E155F84EE491F0E0EE0F78
:10357000FF1FE558F84E25913491309311082093A0
:103580001008FC01EB5FF74EE491E0931208809184
:10359000B00790E0FC01E155F84EE491F0E0EE0F49
:1035A000FF1FE558F84E259134913093170820936A
:1035B0001608FC01EB5FF74EE491E0931808809148
:1035C000FA078111D4C061E08091CA070F943C25AD
:1035D00061E08091C9070F943C2561E08091C807A4
:1035E0000F943C2561E08091C7070F943C258091A2
:1035F000CA0790E0FC01E155F84EE491F0E0EE0FCF
:10360000FF1FE558F84E259134913093E30720933E
:10361000E207FC01EB5FF74EE491E093E407809151
:10362000C90790E0FC01E155F84EE491F0E0EE0F9F
:10363000FF1FE558F84E259134913093E60720930B
:10364000E507FC01EB5FF74EE491E093E70780911B
:10365000C80790E0FC01E155F84EE491F0E0EE0F70
:10366000FF1FE558F84E259134913093E9072093D8
:10367000E807FC01EB5FF74EE491E093EA078091E5
:10368000C70790E0FC01E155F84EE491F0E0EE0F41
:10369000FF1FE558F84E259134913093EC072093A5
:1036A000EB07FC01EB5FF74EE491E093ED078091AF
:1036B000C60790E0FC01E155F84EE491F0E0EE0F12
:1036C000FF1FE558F84E259134913093EF07209372
:1036D000EE07FC01EB5FF74EE491E093F007809179
:1036E000B60790E0FC01E155F84EE491F0E0EE0FF2
:1036F000FF1FE558F84E259134913093F20720933F
:10370000F107FC01EB5FF74EE491E093F307809142
:10371000B40790E0FC01E155F84EE491F0E0EE0FC3
:10372000FF1FE558F84E259134913093F50720930B
:10373000F407FC01EB5FF74EE491E093F60780910C
:10374000B30790E0FC01E155F84EE491F0E0EE0F94
:10375000FF1FE558F84E259134913093F8072093D8
:10376000F707FC01EB5FF74EE491E093F9078091D6
:1037700019088A3029F08091FA078A3009F0CEC002
:103780008FEA97E1FC012491E22FF0E0EE0FFF1F9A
:10379000E558F84E2591349130930508209304089C
:1037A00025E038E1F901449140930608FC01849139
:1037B000E82FF0E0EE0FFF1FE558F84E8591949149
:1037C0009093140880931308F9012491209315080D
:1037D0001092AA071092A9071092A8071092A707A3
:1037E00061E080E00F943C2561E080E00F943C258F
:1037F000CFB7F8948091A607811127C0E4EEF7E1D6
:103800008491EAE3F8E19491E82FF0E0EE0FFF1FD6
:10381000EF59F84EA591B491EC91E92321F461E0C0
:1038200085E30F94E52261E085E30F943C258CB598
:1038300080618CBD8CB580648CBD61E084E30F94A5
:103840003C2561E083E30F943C258091A6078F5FC0
:103850008093A607CFBF80E58CBD1DBC8091060874
:10386000E0910408F0910508908180958923808378
:1038700080E09FE10E94546E80910608E091040868
:10388000F09105089081892B808380911508E09143
:103890001308F0911408908180958923808380E03B
:1038A0009FE10E94546E80911508E0911308F091F9
:1038B00014089081892B808380910608E091040888
:1038C000F0910508908180958923808380EF98E2AC
:1038D0000E94546E80910608E0910408F09105085A
:1038E0009081892B808380911508E0911308F091D5
:1038F0001408908180958923808380EF98E20E944C
:10390000546E80911508E0911308F091140890818D
:10391000892B808361E08DE00F943C258091C00766
:1039200090E0FC01E155F84EE491F0E0EE0FFF1F4E
:10393000E558F84E2591349130937408209373081C
:10394000FC01EB5FF74EE491E093750880916E08FF
:1039500090E0FC01E155F84EE491F0E0EE0FFF1F1E
:10396000E558F84E259134913093AC0C2093AB0C74
:10397000FC01EB5FF74EE491E093AD0C8091460CB7
:1039800081FF0BC0C091DF078C2F0E94D26F811185
:1039900004C060E08C2F0F943C258091860C8370CE
:1039A000823058F0C091E1078C2F0E94D26F8111B4
:1039B00004C060E08C2F0F943C2580915B1F86FF34
:1039C0000FC0C091940A8C2F0E94D26F811108C041
:1039D0008091671F62E080FF60E08C2F0F943C2590
:1039E000D091590CD7FF0DC0C091B5078C2F0E9404
:1039F000D26F811106C062E0D6FD60E08C2F0F947B
:103A00003C25D0917B0CD7FF0DC0C0911B088C2F9B
:103A10000E94D26F811106C062E0D6FD60E08C2F5B
:103A20000F943C258091EE1D8873803279F4C0910B
:103A3000D50A8C2F0E94D26F811108C08091F11D90
:103A400062E087FF60E08C2F0F943C2580912E1E52
:103A50008873803279F4C091D60A8C2F0E94D26F7D
:103A6000811108C08091311E62E087FF60E08C2FD9
:103A70000F943C258091FB1D80FF0BC0C091D20AA2
:103A80008C2F0E94D26F811104C060E08C2F0F94A4
:103A90003C258091FB1D81FF0BC0C091D30A8C2F68
:103AA0000E94D26F811104C060E08C2F0F943C25DE
:103AB00080915F0A807C59F0C091AF078C2F0E94E3
:103AC000D26F811104C060E08C2F0F943C2580914F
:103AD000091E80FF28C061E08091A5060F943C2557
:103AE0008091101E80FF0EC061E080915A0B0F94F0
:103AF0003C258091101E87FF05C061E080915A0B24
:103B00000F94E522D091111ED0FF0DC0C091A606E2
:103B10008C2F0E94D26F811106C062E0D7FD60E059
:103B20008C2F0F943C258091AD07882339F090911C
:103B30005F0B90FF03C061E00F943C25C091AB0781
:103B4000CC2379F0D0915F0BD0FF0BC08C2F0E945B
:103B5000D26F811106C060E0D2FF62E08C2F0F941B
:103B60003C258091AC07882341F090915F0B9171C7
:103B7000913119F461E00F943C258091DB0790E0CE
:103B8000FC01E155F84EE491F0E0EE0FFF1FEB561B
:103B9000F84E259134913093A4062093A306FC019E
:103BA000EB5FF74EE491E093A2068091E00790E08E
:103BB000FC01E155F84EE491F0E0EE0FFF1FEB56EB
:103BC000F84E259134913093A1062093A006FC0174
:103BD000EB5FF74EE491E0939F068091DD0790E064
:103BE000FC01E155F84EE491F0E0EE0FFF1FEB56BB
:103BF000F84E2591349130939E0620939D06FC014A
:103C0000EB5FF74EE491E0939C068091DF0790E034
:103C1000FC01E155F84EE491F0E0EE0FFF1FEB568A
:103C2000F84E259134913093350820933408FC01E7
:103C3000EB5FF74EE491E0933308DF91CF91089565
:103C400098E09093CA0799E09093C9079AE09093FF
:103C5000C8079BE09093C7079CE09093C6079CE140
:103C60009093C50798E19093C40798E29093C30797
:103C700094E29093C20792E29093C10793E19093EC
:103C8000DB0792E19093E00793E09093DD0798E3E0
:103C900090931C0899E390932E0896E39093C60A9C
:103CA00097E390932D089EE39093820A9AE3909372
:103CB000C80A91E39093C00795E09093BF0795E3FE
:103CC0009093BE0797E09093BA0796E09093B90758
:103CD00090E39093B80794E090936E0890E19093EE
:103CE000BD0791E19093BC079AE19093B70793E4E5
:103CF0009093BB0793E39093940A8093DF0782E34A
:103D00008093100B8BE38093D40A84E18093E107C6
:103D100003CA98E09093CA0799E09093C9079AE084
:103D20009093C8079BE09093C7079CE09093C607C9
:103D300092E39093B60728E22093C50726E22093EA
:103D4000C40724E32093C3079093C20792E29093A1
:103D5000C10793E19093DB0792E19093E007809392
:103D6000DD0788E380931C0889E380932E0886E3AF
:103D70008093C60A87E380932D088EE38093820A9E
:103D80008AE38093C80A81E38093C00785E080932B
:103D9000BF0786E08093BE0787E08093BA0784E080
:103DA0008093B90780E38093B8078DE280936E0813
:103DB00080E18093BD0781E18093BC0788E1809317
:103DC000B7078FE28093BB0783E38093940A82E076
:103DD0008093DF078BE28093100B8BE38093D40AF0
:103DE00084E18093E1078EE28093A6068CE28093C3
:103DF0005A0B8AE28093A5068FC98CE28093CA078A
:103E00008EE28093C9078FE28093C8078DE280938A
:103E1000C7078EE08093C6078AE28093C5078BE2CE
:103E20008093C40780E28093C30781E28093C20736
:103E300082E28093C10783E18093DB0782E1809374
:103E4000E00782E08093DD0788E380931C088BE322
:103E500080932E0886E38093C60A87E380932D081B
:103E600089E38093820A8AE38093C80A87E180937A
:103E7000C00785E08093BF0784E08093BA079BE08A
:103E80009093B90790E39093B8078093BE0788E2B8
:103E900080936E0880E18093BD0781E18093BC0729
:103EA00088E18093B70789E28093BB078CE0809319
:103EB000940A83E08093DF0787E28093100B2CC97C
:103EC0009BE09093CA079AE09093C90799E090937A
:103ED000C8078093C7078EE08093C60787E2809368
:103EE000C50789E28093C40780E28093C30781E21B
:103EF0008093C20782E28093C10783E18093DB074E
:103F000082E18093E00788E380931C088BE3809331
:103F10002E0886E38093C60A87E380932D0889E301
:103F20008093820A8AE38093C80A8FE38093C00754
:103F300082E08093BF0784E08093BA078093BE0736
:103F400081E380936E0880E18093BD0781E18093D7
:103F5000BC0788E18093B70783E28093BB0785E2C3
:103F60008093940A83E08093DF078CE2A6CF9BE0E6
:103F70009093CA079AE09093C9078093C80788E096
:103F80008093C7078EE08093C60787E28093C507BA
:103F900089E28093C40780E28093C30781E2809323
:103FA000C20782E28093C10783E18093DB0782E14D
:103FB0008093E00788E380931C088BE380932E08AE
:103FC00086E38093C60A87E380932D0889E3809374
:103FD000820A8AE38093C80A81E38093C00782E063
:103FE0008093BF0784E08093BA078093BE0785E281
:103FF00080936E088FE08093B70780E18093BD07C0
:1040000081E18093BC0783E28093BB078CE08093BF
:10401000940A83E08093DF078CE28093100B75CEC7
:1040200094E09093CA0795E09093C90796E0909327
:10403000C80797E09093C70798E09093C60799E068
:104040009093B6078093B4078BE08093B30788E121
:104050008093C5078CE18093C40784E28093C307F3
:1040600088E28093C20782E28093C10782E1809355
:10407000DB0783E18093E00788E380931C0889E3F2
:1040800080932E0886E38093C60A87E380932D08E9
:104090008AE38093820A8DE38093C80A8AE2809340
:1040A0006E088FE28093BB0781E38093C00782E0B4
:1040B0008093DF078AE101CF88E08093CA0789E017
:1040C0008093C9078AE08093C8078BE08093C70775
:1040D0008CE08093C60788E28093C50786E28093D0
:1040E000C40782E38093C30784E38093C20782E21C
:1040F0008093C10783E18093DB0782E18093E0072F
:1041000081E18093DD0788E380931C0889E3809335
:104110002E0886E38093C60A87E380932D088EE3FA
:104120008093820A8FE38093930A8AE38093C80A7C
:1041300081E38093C00785E08093BF078DE2809381
:104140006E0884E18093BD0785E18093BC0787E01A
:104150008093BA078FE28093BB070C948C9888E019
:104160008093CA0789E08093C9078BE08093C807D2
:104170008CE08093C7078DE08093C60787E180932A
:10418000C50786E18093C40782E08093C30783E07C
:104190008093C2078EE28093C10783E18093DB079F
:1041A00082E18093E00785E18093DD0789E38093D6
:1041B0001C0886E380932E088BE38093C60A8AE36B
:1041C00080932D0888E38093820A87E38093C80A4E
:1041D0008CE38093D40A86E28093C00785E08093C5
:1041E000BF078FE28093BE0787E08093BA0786E01F
:1041F0008093B90780E38093B80784E080936E08CA
:1042000089E18093BD0788E18093BC078BE18093AF
:10421000B7078AE08093940A84E18093DF078EE1F8
:104220008093BB0747CF88E08093CA0787E08093DD
:10423000C90786E08093C80785E08093C7078DE2B1
:104240008093C60783E28093C50784E28093C40706
:1042500081E28093C30782E28093C2078CE280935D
:10426000C10783E18093DB0782E18093E00783E06D
:104270008093DD0784E18093DF0789E380931C0846
:1042800086E380932E088DE38093D40A8BE380939A
:10429000C60A8AE380932D0887E38093820A8FE31E
:1042A0008093930A88E38093C80A85E28093940AF6
:1042B00086E18093C00789E08093BF078AE08093FE
:1042C000BE0787E180936E088BE08093B90780E397
:1042D0008093B80780E28093BD078FE18093BC078D
:1042E0008EE18093B7078CE08093BA0788E18093D2
:1042F000BB078EE2E2CD86E08093CA0787E0809319
:10430000C90788E08093C80789E08093C70788E1E0
:104310008093C50789E18093C40787E18093C30731
:1043200086E18093C20783E18093DB0782E180937B
:10433000E00784E18093DF0786E380931C0888E32D
:104340008093820A89E38093C60A8AE380932D08CA
:104350008DE380932E088CE38093C80A8BE38093CF
:10436000D40A8FE38093930A82E08093940A8AE0D0
:104370008093C0078BE08093BF078EE08093BE07D9
:1043800083E080936E088FE08093B90785E0809387
:10439000BA078CE0ACCF61E00F94E5228091811EDA
:1043A00081608093811E0C94AF9961E00F94E522A7
:1043B0008091811E8E7FF5CF8F929F92AF92BF9298
:1043C000CF92DF92EF92FF92CF93DF938091341ED2
:1043D00080FF86C08091CC1C24E6829FC0011124FE
:1043E0002091351E3091361E2817390708F06BC012
:1043F0008091FF0690910007A0910107B0910207FC
:10440000892B8A2B8B2B09F46BC08091FB06909132
:10441000FC06A091FD06B091FE06892B8A2B8B2B02
:1044200009F45EC0F894C0911307D091140760910D
:10443000BF067091C0068091C1069091C206C090DF
:10444000B906D090BA06E090BB06F090BC066C1995
:104450007D098E099F090E94A923C090FF06D09074
:104460000007E0900107F09002078091FB06909111
:10447000FC06A091FD06B091FE06C81AD90AEA0A08
:10448000FB0A7894DE0120E83DE84BE550E00F940C
:10449000354C4B015C01A4E2B0E0A70196010F94FA
:1044A0002A4C9B01AC01C501B4010F943D4CC901DC
:1044B000DF91CF91FF90EF90DF90CF90BF90AF90C2
:1044C0009F908F90089580E0DF91CF91FF90EF90C3
:1044D000DF90CF90BF90AF909F908F900C94A326C9
:1044E00090E080E0E5CF0C94DCA1462F2091BB1C2E
:1044F0003091BC1C821B930B6091130770911407C1
:10450000242F30E02C5D3F4F0F94B44BCB0101972B
:10451000181619062CF0820F931F642F0C94B920E3
:1045200028173907D4F7821B930BF7CFCF938091CD
:10453000C71C8C718C3021F48091C01CC4E281FDB9
:10454000C0E06C2F80911A0B90911B0B0E9475A2FA
:1045500090937A05809379056C2F80914C08909107
:104560004D080E9475A290937805809377056C2F73
:1045700080914A0890914B080E9475A2909376050D
:10458000809375056C2F80914808909149080E948E
:1045900075A29093680580936705CF910895CF9396
:1045A000C62F2091BB1C3091BC1C821B930B6091C9
:1045B0001307709114070F94B44BCB016C2F019724
:1045C0000E94CF206C2FCF910C94B920CF93809173
:1045D000C71C8C718C3029F48091C01CC091CA1CFE
:1045E00081FDC0E06C2F80911A0B90911B0B0E94F3
:1045F000CFA290937A05809379056C2F80914C0817
:1046000090914D080E94CFA29093780580937705F2
:104610009093AE1E8093AD1E6C2F80914A089091AE
:104620004B080E94CFA290937605809375056C2F5E
:1046300080914808909149080E94CFA29093680504
:10464000809367056C2F80913608909137080E94FF
:10465000CFA290935A0580935905CF910895262FA4
:104660004091BB1C5091BC1C841B950B609113079F
:10467000709114070F94B44BCB01622F01970E94E5
:10468000CF209C01215131092230310580F0225187
:1046900031092230310570F02251310922303105C3
:1046A00060F08734910558F086E490E0089580E149
:1046B00090E0089582E290E0089584E390E0089508
:1046C000CF938091C71C8C718C3029F48091C01CD1
:1046D000C091CA1C81FDC0E06C2F80911A0B909193
:1046E0001B0B0E942FA390937A05809379056C2F62
:1046F00080914C0890914D080E942FA390937805CB
:10470000809377056C2F80914A0890914B080E9406
:104710002FA390937605809375056C2F80914808A0
:10472000909149080E942FA3909368058093670594
:10473000CF9108958091460C80738033E1F588E62F
:1047400091E090932702809326028091530B9091E1
:10475000540B969587959093540B8093530B8091AF
:10476000440C82958F70863009F472C0883009F449
:1047700095C0843001F58091361D867009F053C0D4
:1047800087E39FED9093E2108093E1108BEF9EED15
:104790009093E4108093E3108EEB9EED9093CB10FA
:1047A0008093CA1082E89EED9093CD108093CC1038
:1047B00082E0809320028091C71C8C718C3009F0BC
:1047C000F4C088E691E090931F0280931E028091CE
:1047D000440C82958F70282F30E0359527952093D3
:1047E0002102863009F48CC0883009F4AEC08430D0
:1047F00009F0DBC083E79DED90937B1080937A10E6
:1048000083E29DED90937D1080937C1081ED9CED73
:1048100090935B1080935A108DE79CED90935D1000
:1048200080935C10089583E39FED9093E210809352
:10483000E11087EF9EED9093E4108093E3108AEBF4
:104840009EED9093CB108093CA108EE79EEDACCF77
:1048500083E39FED9093E2108093E11087EF9EED4C
:104860009093E4108093E31088E193E09093CB1051
:104870008093CA1082E893E09093CD108093CC107F
:104880008AEC95E09093B4108093B31088E496E09E
:104890009093B6108093B51083E08BCF86EF90E0B5
:1048A0009093E2108093E11084E391E09093E41000
:1048B0008093E31084E095E09093CB108093CA102E
:1048C00086E396E09093CD108093CC1086EA92E038
:1048D0009093B4108093B31084E191E09093B6105C
:1048E0008093B5108EE293E090939D1080939C107E
:1048F00088E093E090939F1080939E1084E059CFBE
:104900008FE69DED90937B1080937A108FE19DED63
:1049100090937D1080937C108DEC9CED90935B10B8
:1049200080935A1089E79CED90935D1080935C1002
:1049300084E693E090933B1080933A1088E592E0F0
:1049400090933D1080933C1008958BE69DED9093DD
:104950007B1080937A108BE19DED90937D10809376
:104960007C108AE891E090935B1080935A108EEF50
:1049700090E090935D1080935C108AEB91E09093AF
:104980003B1080933A1080EF9FEF90933D108093FF
:104990003C1088EA9FEF90931B1080931A108DE6CD
:1049A0009FEF90931D1080931C100895F8948091B0
:1049B000460C8073803309F070C08091260290917C
:1049C0002702803D924009F468C08091DD109091EB
:1049D000DE10039709F461C08091C6109091C71052
:1049E000039709F45AC08091AF109091B0100397CB
:1049F00009F453C08091981090919910039709F48D
:104A00004CC080ED92E09093270280932602809123
:104A1000530B9091540B880F991F9093540B8093D4
:104A2000530B8FEF9EED9093E2108093E11082EC98
:104A30009EED9093E4108093E31086E89EED9093B2
:104A4000CB108093CA1089E49EED9093CD10809393
:104A5000CC1085E19EED9093B4108093B31080EE5E
:104A60009DED9093B6108093B5108CEA9DED9093D8
:104A70009D1080939C1087E79DED90939F108093ED
:104A80009E108091440C82958F70863021F0883082
:104A900011F0843011F48093200278948091C71C27
:104AA0008C718C3009F0ADC080911E0290911F0274
:104AB000803D924009F4A5C08091781090917910C2
:104AC000039709F49EC08091581090915910039754
:104AD00009F497C08091381090913910039709F428
:104AE00090C08091181090911910039709F489C013
:104AF0008091F80F9091F90F039709F482C080ED2F
:104B000092E090931F0280931E028091440C829544
:104B10008F70809321028630F9F0883009F441C00B
:104B2000843009F06EC087E29DED90937B108093F6
:104B30007A1087ED9CED90937D1080937C1089E82E
:104B40009CED90935B1080935A1085E39CED9093BD
:104B50005D1080935C10089587E29DED90937B102B
:104B600080937A1087ED9CED90937D1080937C105C
:104B700089E89CED90935B1080935A1085E39CED3F
:104B800090935D1080935C1081EF9BED90933B10B0
:104B900080933A108DEA9BED90933D1080933C10EA
:104BA000089587E29DED90937B1080937A1087EDB6
:104BB0009CED90937D1080937C1089E89CED909300
:104BC0005B1080935A1085E39CED90935D10809369
:104BD0005C1081EF9BED90933B1080933A108DEA2F
:104BE0009BED90933D1080933C1089E69BED909354
:104BF0001B1080931A1085E29BED90931D108093FB
:104C00001C100895BF92CF92DF92EF92FF920F9304
:104C10001F93CF93DF938091DB07EDEFE80FC0E0A8
:104C2000E33120F4F0E0EA5BFD4FC081E091E00762
:104C3000E350D0E0E33120F4F0E0EA5BFD4FD081B7
:104C4000E091DD07E35000E0E33120F4F0E0EA5BBF
:104C5000FD4F008160E00F943C2560E08091E0070B
:104C60000F943C2560E08091DD070F943C258C2F4C
:104C70000F94E4288D2F0F94E428802F0F94E428BC
:104C80001092DA071092DE071092DC071091C01C18
:104C9000E12FE695E695E695EC3110F00C9445B8D9
:104CA000F0E08827E95AF9458F4F0D948A4C73A696
:104CB00097A73DA873A8CCA8E6A9E4AA94AB0AAC30
:104CC000DAACB2AD42AEC4AE37AFF1AF9AB0F4B029
:104CD00080B10DB2E0B219B3BDB348B470B5F8B548
:104CE00087B653B75BAC80912A0B8D7F80932A0BDC
:104CF000E090CA1CF12C88E691E0B7010F94B44B08
:104D00007093140760931307812F8270B82E11FFE0
:104D10000EC080ED92E0B7010F94B44B709314076E
:104D20006093130780912A0B826080932A0BC090B6
:104D3000CB1CD12CC7018C199D099093100780932F
:104D40000F078CE291E0E89E9001E99E300DF89EFD
:104D5000300D112450E040E060E472E48FE090E018
:104D60000F940B4C2093C7063093C8064093C90696
:104D70005093CA068091C31C8F77813009F0CAC056
:104D800080EA91E0A0E0B0E08093C3069093C4066F
:104D9000A093C506B093C60680912A0B8E7F8093A0
:104DA0002A0BF594E794E092CF071092FB0610923D
:104DB000FC061092FD061092FE0610921207109249
:104DC00011071092BE061092BD061092A80610920E
:104DD000A7061092BF061092C0061092C10610924C
:104DE000C2061092B9061092BA061092BB06109233
:104DF000BC062091130730911407A5E0BDE00F9485
:104E00005F4C9B01AC01D60111960F942A4C609324
:104E10000402709305028093060290930702B1107A
:104E20007EC08091C71C8C718C3049F08091460CFB
:104E30008073803321F080912B1F85FF70C080919B
:104E40002A0B886080932A0B8CE89AE390930902DE
:104E50008093080283ED95E190930D0280930C02FC
:104E60008AEF94E190930B0280930A0288E998E21A
:104E7000909329028093280283E59EE29093230277
:104E80008093220281E591E290932502809324028F
:104E900083E010FD82E08093DA078091C11C80FDE1
:104EA00042C083E08093DE078091211E87FD3DC0D4
:104EB00083E08093DC074091DA0750E06CE87AE306
:104EC0008C2F0F94132980912A0B83FF0AC04091E5
:104ED000DE0750E060910C0270910D028D2F0F944F
:104EE00013298091211E86FD02C00C9461B8409167
:104EF000DC0750E060910A0270910B02802FDF9175
:104F0000CF911F910F91FF90EF90DF90CF90BF90C6
:104F10000D94132985E09DE0A0E0B0E035CF8091AD
:104F20002A0B877F8FCF82E0BDCF82E0C2CF8091F6
:104F3000440CD82FD295DF702D2F30E0211531058C
:104F400009F495C03093100720930F0760910F0765
:104F50007091100782FD8EC080ED92E00F94C84BD7
:104F600070931407609313072D2F30E050E040E05A
:104F700065E07DE080E090E00F943D4C2093C70613
:104F80003093C8064093C9065093CA068091C7065D
:104F90009091C806A091C906B091CA06B695A7958A
:104FA000979587958093C7069093C806A093C906E6
:104FB000B093CA061092C7061092C8061092C9068E
:104FC0001092CA0680912A0B8E7F80932A0B8091C3
:104FD0002A0B8D7F80932A0B80912A0B877F8093E9
:104FE0002A0B109212071092110780912A0B8061F0
:104FF00080932A0B80912A0B806480932A0B209146
:10500000130730911407ABE3B7E0D53010F0A5E0FB
:10501000BDE00F945F4C609304027093050280938F
:1050200006029093070282E498E39093090280932A
:10503000080280E498E290932902809328028BE58D
:105040009FE290932302809322028EE599E1909350
:1050500025028093240283E010FD82E08093DA072A
:105060004091DA0750E062E478E38C2F48CF21E0EA
:1050700030E068CF88E691E071CF0E9450208FE643
:1050800099E390930902809308028CEF93E1909347
:105090000D0280930C028EE798E290932902809390
:1050A000280288ED9DE2909323028093220281EFF3
:1050B00090E290932502809324028091C01C80FF8F
:1050C00002C00C9445B483E08093DA078091C11C40
:1050D00080FD58C683E08093DE074091DA0750E0F8
:1050E0006FE679E334C18CE390E0909314078093EA
:1050F000130780912A0B8E7F80932A0B80912A0BB5
:105100008D7F80932A0B80912A0B877F80932A0BB7
:105110002091130730911407A5E0BDE00F945F4C78
:105120006093040270930502809306029093070235
:105130008BE097E3909309028093080285E398E25D
:1051400090932902809328028EE69DE29093230299
:10515000809322028FED9DE090932502809324029C
:1051600043E050E010FF02C042E050E06BE077E324
:105170008C2F0F9413298091C01C80FD0BC083E0FD
:105180008093DA074091DA0750E06091080270914D
:1051900009026BCF82E0F4CF84EB90E09093140788
:1051A0008093130783E690E0909312078093110792
:1051B00080912A0B8E7F80932A0B80912A0B82602C
:1051C00080932A0B80912A0B806180932A0B809117
:1051D0002A0B806480932A0B80912A0B886080932D
:1051E0002A0B8BE498E9A5E0B0E080930402909349
:1051F0000502A0930602B09307028091341E81FD40
:105200000AC00F9498256093FF067093000780935F
:105210000107909302078091440C807F803609F04B
:10522000A2C08BEC92E09093CC068093CB068DE2EB
:1052300090E09093CE068093CD0683E790E0909324
:10524000D0068093CF0685EA90E09093D2068093B3
:10525000D1068BEE90E09093D4068093D3068DE137
:1052600091E09093D6068093D50683E691E09093E3
:10527000D8068093D70685E991E09093DA0680936B
:10528000D9068BED91E09093DC068093DB068DE0F0
:1052900092E09093DE068093DD0683E592E09093A2
:1052A000E0068093DF0685E892E09093E206809323
:1052B000E1068CE090E09093100780930F078CED4F
:1052C00095E0A0E0B0E08093C7069093C806A09355
:1052D000C906B093CA0681E493E0A0E0B0E08093F1
:1052E000C3069093C406A093C506B093C606109259
:1052F000CB071092CC071092CD071092CE078BE906
:1053000093E3909309028093080284E093E19093E1
:105310000D0280930C0285EE97E290932902809310
:1053200028028FEF9EE2909323028093220285E968
:105330009DE0909325028093240281E08093DA0718
:1053400082E08093DE0741E050E06BE973E38C2F4D
:105350000F9413294091DE0750E060910C02709188
:105360000D028D2FCCCD8BEC92E09093CC068093E8
:10537000CB0689E690E09093CE068093CD068FEA27
:1053800090E09093D0068093CF068DE191E09093CA
:10539000D2068093D10683E691E09093D406809361
:1053A000D30681ED91E09093D6068093D50687E1F0
:1053B00092E09093D8068093D70685E892E0909388
:1053C000DA068093D90688E090E075CF8FE090E010
:1053D00090931407809313078CE090E09093CC0691
:1053E0008093CB0682E190E09093CE068093CD0629
:1053F00081E290E09093D0068093CF0680E390E026
:105400009093D2068093D1068FE390E09093D406D8
:105410008093D3068EE490E09093D6068093D506D1
:1054200086E690E09093D8068093D7068CE690E0CD
:105430009093DA068093D9068BE790E09093DC0690
:105440008093DB068AE890E09093DE068093DD0689
:1054500082EA90E09093E0068093DF0681EB90E093
:105460009093E2068093E10687EB90E09093E40648
:105470008093E30686EC90E09093E6068093E50641
:105480008EED90E09093E8068093E7068DEE90E035
:105490009093EA068093E9068CEF90E09093EC06F7
:1054A0008093EB0682E091E09093EE068093ED0608
:1054B0008AE191E09093F0068093EF0680E291E01C
:1054C0009093F2068093F10688E391E09093F406BE
:1054D0008093F30687E491E09093F6068093F506B7
:1054E00086E591E09093F8068093F70685E691E0D3
:1054F0009093FA068093F9062091130730911407D0
:10550000A5E0BDE00F945F4C609304027093050228
:1055100080930602909307028091341E81FD10C093
:1055200089E190E090931207809311070F949825DA
:105530006093FF0670930007809301079093020722
:1055400080912A0B8E7F80932A0B80912A0B826098
:1055500080932A0B80912A0B806480932A0B809180
:105560002A0B886080932A0B8BE492E190930902C6
:10557000809308028DE89DE090930D0280930C02C9
:105580008EE398E2909329028093280289E09DE2BD
:1055900090932302809322028CE89DE09093250251
:1055A000809324028091C01C80FD0CC083E0809316
:1055B000DA0781E08093DE074091DA0750E06BE480
:1055C00072E1C5CE82E0F3CF109214071092130758
:1055D0008EEA90E09093CC068093CB0682EC90E02C
:1055E0009093CE068093CD0686ED90E09093D00602
:1055F0008093CF068AEE90E09093D2068093D106F6
:1056000086E291E09093D4068093D3068AE391E0FA
:105610009093D6068093D5068EE491E09093D806B9
:105620008093D70682E691E09093DA068093D906BC
:105630008EE991E09093DC068093DB0682EB91E0AB
:105640009093DE068093DD0686EC91E09093E00671
:105650008093DF068AED91E09093E2068093E10665
:105660008CE29DE0A3E0B0E08093040290930502F9
:10567000A0930602B09307028091341E81FD10C0F2
:105680008DE090E090931207809311070F94982576
:105690006093FF06709300078093010790930207C1
:1056A00080912A0B8E7F80932A0B80912A0B8D7F0D
:1056B00080932A0B80912A0B806480932A0B80911F
:1056C0002A0B886080932A0B86EC92E29093090261
:1056D0008093080287E89DE090930D0280930C026E
:1056E0008CE398E290932902809328028AEA9CE254
:1056F000909323028093220286E89DE090932502F6
:10570000809324028091C01C80FD0CC083E08093B4
:10571000DA0781E08093DE074091DA0750E066EC1B
:1057200072E215CE82E0F3CF88E090E09093140708
:10573000809313078FEF90E09093120780931107E7
:105740001092B70688E190E0A0E0B0E08093C70631
:105750009093C806A093C906B093CA0681E493E06B
:10576000A0E0B0E08093C3069093C406A093C50662
:10577000B093C6062091130730911407A5E0BDE051
:105780000F945F4C609304027093050280930602AD
:105790009093070280912A0B8E7F80932A0B809131
:1057A0002A0B826080932A0B80912A0B806480935D
:1057B0002A0B80912A0B886080932A0B8AED91E254
:1057C000909309028093080281E59DE090930D0279
:1057D00080930C028AE398E2909329028093280236
:1057E00084E39CE2909323028093220280E59DE073
:1057F000909325028093240283E010FD82E0809341
:10580000DA0783E08093DE074091DA0750E06AED23
:1058100071E29DCD8EE190E0909314078093130781
:105820002091130730911407A5E0BDE00F945F4C61
:10583000609304027093050280930602909307021E
:1058400080912A0B8E7F80932A0B80912A0B8D7F6B
:1058500080932A0B80912A0B877F80932A0B87E6FF
:1058600091E190930902809308028FE49DE0909368
:105870000D0280930C0288E398E2909329028093B2
:1058800028028CEC9BE290932302809322028EE408
:105890009DE0909325028093240283E010FD82E036
:1058A0008093DA0781E08093DE074091DA0750E0C9
:1058B00067E671E14CCD8FE090E090931407809300
:1058C00013072091130730911407AAE1B1E40F9454
:1058D0005F4C6093040270930502809306029093DC
:1058E000070280912A0B8E7F80932A0B80912A0BCE
:1058F0008D7F80932A0B80912A0B877F80932A0BC0
:105900008AE890E0A0E0B0E08093C7069093C806D4
:10591000A093C906B093CA061092FF061092000722
:1059200010920107109202071092120710921107AD
:105930001092BF061092C0061092C1061092C206C5
:105940001092B9061092BA061092BB061092BC06CD
:105950001092AB061092AC061092AD061092AE06F5
:105960001092B80681E994E29093090280930802AC
:105970008DE49DE090930D0280930C0282E69AE103
:1059800090932902809328028CE59BE29093230256
:10599000809322028CE49DE0909325028093240260
:1059A00083E08093DA078093DE0743E050E061E90B
:1059B00074E2CDCC8AE590E09093140780931307AE
:1059C00083E690E0909312078093110780912A0B51
:1059D0008E7F80932A0B80912A0B826080932A0B02
:1059E00088E090E09093100780930F078091341E19
:1059F00081FDABC01092BE061092BD060F94982593
:105A00006093FF067093000780930107909302074D
:105A10001092FB061092FC061092FD061092FE06F4
:105A200086EC92E09093CC068093CB0684E690E0DF
:105A30009093CE068093CD068AEA90E09093D006AC
:105A40008093CF0688E191E09093D2068093D106AF
:105A50008EE591E09093D4068093D3068CEC91E090
:105A60009093D6068093D50682E192E09093D80673
:105A70008093D70680E892E09093DA068093D90667
:105A80002091130730911407A5E0BDE00F945F4CFF
:105A900060930402709305028093060290930702BC
:105AA0008CED95E0A0E0B0E08093C7069093C80627
:105AB000A093C906B093CA061092C3061092C406FA
:105AC0001092C5061092C60680912A0B80618093C1
:105AD0002A0B80912A0B806480932A0B80912A0BD9
:105AE000886080932A0B86E391E390930902809368
:105AF000080286EB90E190930D0280930C0285E9F9
:105B000097E2909329028093280287E09BE290938A
:105B100023028093220285EF9CE0909325028093DC
:105B200024028091C01C80FD19C083E08093DA07B5
:105B30008091C11C80FD14C083E08093DE074091FA
:105B4000DA0750E066E371E302CC1092FF06109290
:105B5000000710920107109202075ACF82E0E6CFA9
:105B600082E0EBCF8CE690E09093140780931307CC
:105B700083E690E090931207809311071092BE067F
:105B80001092BD0680912A0B8E7F80932A0B809104
:105B90002A0B826080932A0B8CE591E09093CC06CF
:105BA0008093CB0680E690E09093CE068093CD065E
:105BB00088EA90E09093D0068093CF0684E191E04C
:105BC0009093D2068093D106209113073091140749
:105BD000A5E0BDE00F945F4C609304027093050252
:105BE00080930602909307028CED95E0A0E0B0E070
:105BF0008093C7069093C806A093C906B093CA06BF
:105C000081E493E0A0E0B0E08093C3069093C406E3
:105C1000A093C506B093C60680912A0B806180933D
:105C20002A0B80912A0B886080932A0B8CE199E2E1
:105C3000909309028093080285E190E190930D0210
:105C400080930C0287E497E29093290280932802C4
:105C50008BEA9AE2909323028093220284EF9CE0E5
:105C6000909325028093240283E010FD82E08093CC
:105C7000DA0782E08093DE074091DA0750E06CE1BA
:105C800079E265CBE091CA1CF0E04091BF1C28E6A8
:105C900031E0429FC001439F900D1124BF010F943A
:105CA000C84B70931407609313078FEF90E09093A5
:105CB0001207809311078CE291E0E89F9001E99F21
:105CC000300DF89F300D112450E040E060E472E4A4
:105CD0008FE090E00F940B4C2093C7063093C806DA
:105CE0004093C9065093CA0681E493E0A0E0B0E077
:105CF0008093C3069093C406A093C506B093C606CE
:105D000080912A0B8E7F80932A0B80912A0B8260D0
:105D100080932A0B80912A0B886080932A0B209114
:105D2000130730911407A5E0BDE00F945F4C60931A
:105D300004027093050280930602909307028FE697
:105D400099E390930902809308028CEF93E190937A
:105D50000D0280930C0287E297E2909329028093D0
:105D6000280287E49AE2909323028093220283EF31
:105D70009CE0909325028093240283E010FD82E052
:105D80008093DA0782E0A7C989E090E0A0E0B0E064
:105D90008093C7069093C806A093C906B093CA061D
:105DA00081E493E0A0E0B0E08093C3069093C40642
:105DB000A093C506B093C6061092BE061092BD060B
:105DC00080912A0B8E7F80932A0B80912A0B826010
:105DD00080932A0B80912A0B886080932A0B81E0A4
:105DE00090E0909312078093110782E090E09093E7
:105DF0001407809313072091130730911407A5E02F
:105E0000BDE00F945F4C6093040270930502809391
:105E10000602909307028AE790E390930902809329
:105E2000080289E59FE090930D0280930C028DE0BB
:105E300094E290932902809328028FED9EE0909344
:105E40002302809322028DE89CE0909325028093A8
:105E5000240283E010FD82E08093DA0781E08093E2
:105E6000DE074091DA0750E06AE770E370CA89E024
:105E700090E0A0E0B0E08093C7069093C806A0939E
:105E8000C906B093CA061092C3061092C4061092B7
:105E9000C5061092C6061092BE061092BD068091ED
:105EA0002A0B8E7F80932A0B80912A0B826080932D
:105EB0002A0B80912A0B886080932A0B81E090E066
:105EC000909312078093110782E090E0909314075B
:105ED0008093130780912A0B8F7B80932A0B10925B
:105EE000B70681ED9AEBA4E0B0E0809304029093B2
:105EF0000502A0930602B093070286EC92E090930D
:105F0000CC068093CB0683E590E09093CE068093F9
:105F1000CD0683E790E09093D0068093CF068AEA7F
:105F200090E09093D2068093D10687E091E0909321
:105F3000D4068093D30687E291E09093D6068093AF
:105F4000D5068EE591E09093D8068093D7068BEB2B
:105F500091E09093DA068093D9068BED91E09093CF
:105F6000DC068093DB0682E192E09093DE0680936C
:105F7000DD068FE692E09093E0068093DF068FE8DF
:105F800092E09093E2068093E10681E890E9909395
:105F900009028093080284EF94E790930D028093A6
:105FA0000C0280E691E8909329028093280281E711
:105FB0009EE6909323028093220288E692E79093D4
:105FC00025028093240283E010FD82E08093DA07AB
:105FD00082E08093DE074091DA0750E061E870E9E3
:105FE000B6C9D091440C2D2F22952F70622F70E0EE
:105FF0006F5F7F4F7093100760930F0780ED92E003
:106000000F94C84B709314076093130730E050E06F
:1060100040E065E07DE080E090E00F943D4C20930F
:10602000C7063093C8064093C9065093CA068091AC
:10603000C7069091C806A091C906B091CA06B69548
:10604000A795979587958093C7069093C806A093C8
:10605000C906B093CA0680912A0B8E7F80932A0BC3
:1060600080912A0B826080932A0B80912A0B877F74
:1060700080932A0B2091130730911407ACEEBCE1FA
:106080000F945F4C609304027093050280930602A4
:1060900090930702D07F1092CC061092CB068EE12F
:1060A00090E09093CE068093CD06D03381F580EFBB
:1060B00090E09093D0068093CF0680EE91E090938D
:1060C000D2068093D10680ED9CE7909309028093DD
:1060D000080286E391E8909329028093280282E7E0
:1060E00091E8909323028093220287E692E79093AF
:1060F00025028093240283E010FD82E08093DA077A
:106100004091DA0750E060ED7CE70C9435A884EB11
:1061100090E09093D0068093CF0688E691E090932C
:10612000D2068093D1068CE192E09093D4068093BE
:10613000D306C9CF109214071092130780912A0B2F
:106140008E7F80932A0B80912A0B8D7F80932A0B60
:1061500080912A0B877F80932A0B8CE29DE0A3E03D
:10616000B0E08093040290930502A0930602B093DE
:1061700007028091341E81FD0AC00F949825609318
:10618000FF067093000780930107909302078CED40
:1061900095E0A0E0B0E08093C7069093C806A09376
:1061A000C906B093CA0686E29EE7909309028093DF
:1061B00008028CED91EA909329028093280283EDE6
:1061C00091E8909323028093220286E692E79093CF
:1061D00025028093240283E08093DA0743E050E0B5
:1061E00066E27EE70C9435A88AE090E0909314076D
:1061F000809313078EE190E09093100780930F0730
:106200008CE590E0A0E0B0E08093C7069093C806CC
:10621000A093C906B093CA0680912A0B8E7F809303
:106220002A0B80912A0B8D7F80932A0B80912A0B59
:10623000886080932A0B8091CA1C90E09595879581
:106240008093CF071092FB061092FC061092FD0679
:106250001092FE0610921207109211071092BF06BC
:106260001092C0061092C1061092C2061092B90692
:106270001092BA061092BB061092BC06209113072A
:1062800030911407AAE0BAE10F945F4C60930402C6
:1062900070930502809306029093070286EE9EE8B3
:1062A000909309028093080285E692E790930D028D
:1062B00080930C0286EE92E8909329028093280244
:1062C00083E59EE2909323028093220287EF91E779
:1062D000909325028093240283E010FD82E0809356
:1062E000DA078091C11C80FD09C083E08093DE073E
:1062F0004091DA0750E066EE7EE829C882E0F6CFEA
:106300008AE090E0909314078093130781E290E075
:106310009093100780930F078CE590E0A0E0B0E029
:106320008093C7069093C806A093C906B093CA0687
:1063300080912A0B8E7F80932A0B80912A0B8D7F70
:1063400080932A0B80912A0B886080932A0B80917E
:10635000CA1C90E0959587958093CF071092FB0615
:106360001092FC061092FD061092FE061092120783
:10637000109211071092BF061092C0061092C1062B
:106380001092C2061092B9061092BA061092BB067D
:106390001092BC062091130730911407AAE0BAE1CD
:1063A0000F945F4C60930402709305028093060281
:1063B000909307028DE095E890930902809308027C
:1063C00083ED95E190930D0280930C0287E993E8A9
:1063D000909329028093280283E59EE29093230202
:1063E0008093220283E79EE6909325028093240205
:1063F00083E010FD82E08093DA078091C11C80FD6C
:106400000AC083E08093DE074091DA0750E06DE038
:1064100075E80C94A7A982E0F5CF89E090E0A0E0B0
:10642000B0E08093C7069093C806A093C906B093C6
:10643000CA061092C3061092C4061092C5061092A6
:10644000C6061092BE061092BD0680912A0B8E7F62
:1064500080932A0B80912A0B826080932A0B809173
:106460002A0B886080932A0B81E090E090931207BA
:106470008093110784E190E09093140780931307B1
:1064800080912A0B8F7B80932A0B1092B70681EDA7
:106490009AEBA4E0B0E08093040290930502A093ED
:1064A0000602B093070287EC92E09093CC068093AB
:1064B000CB068FE690E09093CE068093CD0683E8DE
:1064C00090E09093D0068093CF0687E990E0909378
:1064D000D2068093D1068BEA90E09093D406809305
:1064E000D30683E291E09093D6068093D50687E3A6
:1064F00091E09093D8068093D7068BE491E0909337
:10650000DA068093D9068FE591E09093DC068093BC
:10651000DB0687ED91E09093DE068093DD068BEE3F
:1065200091E09093E0068093DF068FEF91E09093E7
:10653000E2068093E10683E192E09093E406809383
:10654000E3068BE892E09093E6068093E5068FE9F8
:1065500092E09093E8068093E70683EB92E09093B5
:10656000EA068093E9068FEE9DE8909309028093F6
:10657000080287EB91E790930D0280930C028DE562
:1065800091E8909329028093280280E89EE69093F8
:1065900023028093220285E891E79093250280935D
:1065A000240283E010FD82E08093DA0782E080938A
:1065B000DE074091DA0750E06FEE7DE80C94A7A962
:1065C0000E94502083EB93E8909309028093080285
:1065D0008FE79BE790930D0280930C028EE798E281
:1065E000909329028093280288ED9DE290932302E4
:1065F0008093220281EF90E29093250280932402FF
:106600008091C01C80FD11C083E08093DA078091E7
:10661000C11C80FD0CC083E08093DE074091DA0747
:1066200050E063EB73E80C94A7A982E0EECF82E020
:10663000F3CF84E28093CA1C81E08093CB1C40910D
:10664000C01C4D7F4093C01C8AE090E090931407DB
:106650008093130783E290E09093100780930F07D5
:106660008CE590E0A0E0B0E08093C7069093C80668
:10667000A093C906B093CA0680ED90E0A0E0B0E018
:106680008093C3069093C406A093C506B093C60634
:1066900080912A0B8E7F80932A0B80912A0B826037
:1066A00080932A0B80912A0B886080932A0B82E1C9
:1066B0008093CF071092FB061092FC061092FD0605
:1066C0001092FE0610921207109211071092BE0649
:1066D0001092BD061092BF061092C0061092C1061D
:1066E0001092C2061092B9061092BA061092BB061A
:1066F0001092BC062091130730911407AAE0BAE16A
:106700000F945F4C6093040270930502809306021D
:10671000909307028CE89AE3909309028093080211
:1067200086E995E790930D0280930C028FE793E83A
:10673000909329028093280282E89EE69093230298
:106740008093220286E992EA9093250280932402A4
:1067500083E040FD82E08093DA078091C11C80FDD8
:106760000AC083E08093DE074091DA0750E06CE8CE
:106770007AE30C94A7A982E0F5CFE091CA1CF0E07F
:1067800088E691E0BF010F94B44B709314076093B7
:10679000130711FF09C080ED92E0BF010F94B44BC5
:1067A00070931407609313078FEF90E09093120794
:1067B000809311078CE291E0E89F9001E99F300DF2
:1067C000F89F300D112450E040E060E472E48FE067
:1067D00090E00F940B4C2093C7063093C80640936B
:1067E000C9065093CA0682E896E0A0E0B0E0809324
:1067F000C3069093C406A093C506B093C6068091C5
:106800002A0B8E7F80932A0B80912A0B82608093C3
:106810002A0B80912A0B806480932A0B80912A0B8B
:10682000886080932A0B2091130730911407A5E00C
:10683000BDE00F945F4C6093040270930502809357
:106840000602909307028FE699E3909309028093E2
:1068500008028DED96E790930D0280930C028EE76F
:1068600098E2909329028093280288ED9DE290930C
:1068700023028093220281EF90E29093250280937D
:10688000240210FD02C00C9463A882E00C9464A85A
:1068900080912A0B8E7F80932A0B80912A0B826035
:1068A00080932A0B80912A0B886080932A0B84E2C4
:1068B0008093CA1C8AE090E090931407809313079A
:1068C000609113077091140788E691E00F94C84B0C
:1068D0009B0150E040E065E07DE080E090E00F94B7
:1068E0000B4C2093C7063093C8064093C9065093BB
:1068F000CA0610921207109211071092BF0610924A
:10690000C0061092C1061092C2061092B9061092EB
:10691000BA061092BB061092BC061092FB061092AB
:10692000FC061092FD061092FE061092D4071092FB
:10693000D5071092D6071092D707209113073091F0
:106940001407AAE0BAE10F945F4C609304027093BD
:10695000050280930602909307028091440C807F89
:106960004AE952E060E070E0803421F048E851E00C
:1069700060E070E04093C3065093C4066093C50680
:106980007093C6061092BE061092BD061092B7060E
:106990001092D0071092D1071092D2071092D3070D
:1069A0001092B3061092B4061092B5061092B60675
:1069B0001092AF061092B0061092B1061092B20675
:1069C000803609F052C041E050E05093CC0640932D
:1069D000CB0623E030E03093CE062093CD065093D3
:1069E000D0064093CF0662E070E07093D2066093C9
:1069F000D1063093D4062093D3067093D6066093C5
:106A0000D5065093D8064093D7063093DA062093E4
:106A1000D90629E03BE830930902209308022AE6D0
:106A200033E8309329022093280223E53EE2309395
:106A300023022093220220E633EA3093250220939A
:106A4000240291E09093DA07803409F03FC026E9F0
:106A500037E730930D0220930C029093DE0741E05C
:106A600050E069E07BE80C94A7A9803891F643E0F8
:106A700050E05093CC064093CB0621E030E03093B9
:106A8000CE062093CD063093D0062093CF0662E049
:106A900070E07093D2066093D1065093D406409371
:106AA000D3067093D6066093D5067093D80660938C
:106AB000D7063093DA062093D9065093DC0640932C
:106AC000DB063093DE062093DD06A3CF89EF98E73F
:106AD00090930D0280930C0282E08093DE07BFCF7B
:106AE000109214071092130780912A0B8E7F8093C7
:106AF0002A0B80912A0B8D7F80932A0B80912A0B81
:106B0000877F80932A0B8CE29DE0A3E0B0E0809326
:106B1000040290930502A0930602B09307028091AD
:106B2000341E81FD0AC00F9498256093FF06709370
:106B3000000780930107909302078CED95E0A0E099
:106B4000B0E08093C7069093C806A093C906B0939F
:106B5000CA0680912A0B806280932A0B1092CE067F
:106B60001092CD0688E290E09093D0068093CF06F5
:106B70008EE690E09093D2068093D10684EB90E06D
:106B80009093D4068093D3068CED90E09093D60634
:106B90008093D50682E291E09093D8068093D70641
:106BA0008DE39FE7909309028093080283E792EABE
:106BB000909329028093280287E292E8909323021F
:106BC0008093220284E891E7909325028093240227
:106BD0008091C01C80FD09C081E08093DA0741E00C
:106BE00050E06DE37FE70C9435A81092DA07F7CFF9
:106BF0008091440C807F803409F06EC08AE590E07B
:106C0000909314078093130784E08093CA1C10921A
:106C1000CB1C84E090E09093100780930F078BE4E7
:106C200090E0A0E0B0E08093C7069093C806A093E0
:106C3000C906B093CA062091130730911407A5E046
:106C4000BDE00F945F4C6093040270930502809343
:106C500006029093070280912A0B877F80932A0B6C
:106C600081E08093B70681E090E0909312078093D3
:106C700011071092FF061092000710920107109260
:106C800002078BE499E8909309028093080288E94F
:106C900098E2909329028093280283E59EE29093E4
:106CA00023028093220286EE92EA9093250280933B
:106CB000240283E010FD82E08093DA078091C11CFA
:106CC00080FD23C083E08093DE074091DA0750E027
:106CD0006BE479E80C9435A8803609F0ACCF8CE3EE
:106CE00090E0909314078093130786E08093CA1C6A
:106CF0001092CB1C86E090E09093100780930F07D2
:106D000082E390E0A0E0B0E08ECF82E0DCCF109292
:106D1000BF061092C0061092C1061092C206809162
:106D2000BF069091C006A091C106B091C2060A9715
:106D3000A105B10518F58091BF069091C006A091FC
:106D4000C106B091C206880F991F8553994FFC0167
:106D5000118210828091BF069091C006A091C10659
:106D6000B091C2060196A11DB11D8093BF069093FC
:106D7000C006A093C106B093C206D1CF8CE590E0C7
:106D8000A0E0B0E08093C7069093C806A093C90620
:106D9000B093CA0685E09DE0A0E0B0E08093C30612
:106DA0009093C406A093C506B093C60684E2809370
:106DB000CA1C8AE090E0909314078093130784E242
:106DC00090E09093100780930F071092FB061092AB
:106DD000FC061092FD061092FE0610921207109209
:106DE00011071092BE061092BD061092D90710929C
:106DF000D8071092BF061092C0061092C1061092DA
:106E0000C2061092B9061092BA061092BB061092F2
:106E1000BC061092B8062091130730911407AAE01F
:106E2000BAE10F945F4C6093040270930502809363
:106E300006029093070280912A0B886080932A0BA8
:106E40008CEC96E890930902809308028DE293E817
:106E5000909329028093280284E89EE6909325026D
:106E60008093240285E29AE790930D0280930C02AE
:106E700083E59EE2909323028093220283E010FD3B
:106E800082E08093DA078091C11C80FD0AC083E014
:106E90008093DE074091DA0750E06CEC76E80C94C2
:106EA000A7A982E0F5CF8AE590E09093140780933C
:106EB000130783E690E09093120780931107809167
:106EC000C01C82608093C01C87E090E09093100704
:106ED00080930F0781E090E0909312078093110751
:106EE00010920B0710920C0710920D0710920E07CC
:106EF00010920707109208071092090710920A07CC
:106F000010920307109204071092050710920607CB
:106F10008091341E81FDAEC00F9498256093FF06CA
:106F20007093000780930107909302071092FB066D
:106F30001092FC061092FD061092FE068AEB9FEF5F
:106F40009093CC068093CB061092CE061092CD067D
:106F50008AEA90E09093D0068093CF0680EF90E08D
:106F60009093D2068093D1068AE991E09093D4065B
:106F70008093D30680EE91E09093D6068093D50659
:106F800083E092E09093D8068093D7068AE892E057
:106F90009093DA068093D90680ED92E09093DC0618
:106FA0008093DB062091130730911407A5E0BDE024
:106FB0000F945F4C60930402709305028093060265
:106FC000909307028CED95E0A0E0B0E08093C706B7
:106FD0009093C806A093C906B093CA061092C30640
:106FE0001092C4061092C5061092C60680912A0B14
:106FF0008F7E80932A0B80912A0B8F7B80932A0BA4
:1070000080912A0B877F80932A0B8091811E8F7E2F
:107010008093811E80912A0B8E7F80932A0B809112
:107020002A0B826080932A0B80E592E990930902F3
:107030008093080289E391E89093290280932802C3
:107040008CE792E890932302809322028DEA96E8DF
:1070500090932502809324028091C01C80FD13C070
:1070600083E08093DA074091DA0750E060E572E947
:107070000C9435A81092FF06109200071092010799
:107080001092020753CF82E0ECCF8CE89AE3909302
:1070900009028093080288E998E29093290280937C
:1070A000280283E59EE2909323028093220243E02C
:1070B00050E010FF02C042E050E06CE87AE30C942C
:1070C00035A8DF91CF911F910F91FF90EF90DF9046
:1070D000CF90BF9008951F920F920FB60F92112478
:1070E0000BB60F922F933F934F935F938F939F9382
:1070F000EF93FF939091810780919F1FE0917E070E
:10710000F0917F07992309F44DC087FD38C0809125
:107110008007908180958923808380919F1F86FFBF
:1071200009C090917D07E0917B07F0917C078081F9
:10713000892B80838091840090918500209177072E
:10714000309178074091790750917A07840F951F05
:10715000821B930B90938D0080938C00109281077B
:10716000FF91EF919F918F915F914F913F912F915F
:107170000F900BBE0F900FBE0F901F90189590911F
:1071800080078081892B808380919F1F86FFD2CFCB
:1071900080917D07E0917B07F0917C07908180953D
:1071A0008923C7CF87FD29C0909180078081892BD3
:1071B000808380919F1F86FF0AC080917D07E091A8
:1071C0007B07F0917C079081809589238083809153
:1071D0008400909185002091730730917407820F8D
:1071E000931F90938D0080938C00309378072093A9
:1071F000770781E080938107B3CF809180079081EA
:1072000080958923808380919F1F86FFE0CF909196
:107210007D07E0917B07F0917C078081892BD6CF99
:1072200090919F1F892F87702EEF280F2230C8F56D
:1072300080916F00877F80936F00E0917E07F091CF
:107240007F0797FD1BC080918007908180958923DF
:10725000808380919F1F86FF09C090917D07E091F8
:107260007B07F0917C078081892B80838091801E31
:107270008F7B8093801E1092AA1E089590918007A4
:107280008081892B808380919F1F86FFEFCF809123
:107290007D07E0917B07F0917C07908180958923A1
:1072A000E4CF9CEF980F923010F08730F9F60E94EF
:1072B000EB958111DBCF0E9450958130B9F660913A
:1072C000531E7091541E685D7F4F83E697E00E94C5
:1072D000CDE89C01220F331F820F931F90935C0710
:1072E00080935B072091771E222341F020915A0C56
:1072F000820F911D90935C0780935B078091520DE4
:1073000023E0829FC001112420915B0730915C072C
:107310008217930724F490935C0780935B07809116
:107320005B0790915C07880F991F880F991F092EA2
:10733000000CAA0BBB0B8093F4109093F510A09354
:10734000F610B093F71092CF8F929F92AF92BF92A8
:10735000CF92DF92EF92FF920F931F93CF93282F3C
:1073600080916F00877F80936F008091BF0790E0CE
:10737000FC01E155F84EE491F0E0EE0FFF1FE558F7
:10738000F84EA591B491B0937F07A0937E07FC01BE
:10739000EB5FF74EE491E09380078091BE0790E0A9
:1073A000FC01E155F84EE491F0E0EE0FFF1FE558C7
:1073B000F84E4591549150937C0740937B07FC0114
:1073C000EB5FF74EE491E0937D0790919F1FE92FCB
:1073D000E770E150E73008F5F0E08827ED50F6441B
:1073E0008F4F0D948A4CFAB949BA0EBB8CBBE3BBE4
:1073F00085BA72BC8091531E9091541E889620913C
:10740000A01F2817190649F044F0909180078C912D
:10741000892B8C9381E0809357078091960C81FF94
:10742000F6C21092020281E0809358078091590CB5
:1074300087FF06C0609158078091AE070F94E52240
:107440001092ED1E8091AE0790E0FC01E155F84EE0
:10745000E491F0E0EE0FFF1FE558F84E25913491CE
:10746000FC01EB5FF74EE491E093190780919F1FB9
:107470008770809303021092AA1ECF911F910F91E3
:10748000FF90EF90DF90CF90BF90AF909F908F9044
:1074900008958AE08093380788E0809336078093C8
:1074A00037072FE73FE130933A072093390729E860
:1074B0003FE130933C0720933B0794E090934907CA
:1074C000809347078093480787E99FE190934B0794
:1074D00080934A078BE99FE190934D0780934C0777
:1074E00020915A1F80E2289F9001112450E040E033
:1074F00060E472E48FE090E00F940B4C30937A07D5
:10750000209379070E94C36F88CF8AE08093380761
:1075100088E080933607809337072FE73FE1309369
:107520003A072093390729E83FE130933C0720933D
:107530003B0794E09093490780934707809348075F
:1075400087E99FE190934B0780934A078BE99FE17E
:1075500090934D0780934C0720915A1F80E2289FFB
:107560009001112450E040E060E472E48FE090E08C
:107570000F940B4C30937A07209379078901000F01
:10758000111F000F111F20915E0C30E0D8010F94E5
:107590005F4C6E5C7F4F8F4F9F4FC4E6CC2ED12C3B
:1075A000E12CF12CA70196010F943D4C49015A01A1
:1075B00020915D0C30E0D8010F945F4C6E5C7F4FE2
:1075C0008F4F9F4FA70196010F943D4CBA01A9011F
:1075D0009501840188EF90E10F94802B2091621F28
:1075E00030E04091611F50E06091601F70E088EFD3
:1075F00090E10F94082088EF90E10F94722B109285
:10760000F4101092F5101092F6101092F71088EF07
:1076100090E10F94312B10923507FFCE84E08093D8
:10762000490788E0809347078093480787E99FE1EF
:1076300090934B0780934A078BE99FE190934D0706
:1076400080934C0720915A1F80E2289F90011124BB
:1076500050E040E060E472E48FE090E00F940B4C67
:1076600030937A07209379078901000F111F000FCB
:10767000111F20915E0C30E0D8010F945F4C6E5CBE
:107680007F4F8F4F9F4FA4E6CA2ED12CE12CF12CB7
:10769000A70196010F943D4C49015A0120915D0CC0
:1076A00030E0D8010F945F4C6E5C7F4F8F4F9F4F3F
:1076B000A70196010F943D4CBA01A90195018401DF
:1076C00088EF90E10F94802B2091621F30E0409171
:1076D000611F50E06091601F70E088EF90E10F94AF
:1076E000082088EF90E10F94722B6091531E7091E7
:1076F000541E685D7F4F87E497E00E94CDE8092E15
:10770000000CAA0BBB0B8093F4109093F510A09380
:10771000F610B093F7107BCF8AE08093230788E0C0
:10772000809321078093220745E75FE15093250767
:107730004093240749E85FE15093270740932607C9
:1077400034E030936507809363078093640743E9CF
:107750005FE150936707409366074BE95FE1509301
:10776000690740936807969596959695977048EEA9
:1077700053E0949FB001959F700D112470932007E2
:1077800060931F078091510D86958770849FB0018B
:10779000859F700D112470931E0760931D0722238F
:1077A00061F010921B0710921A0710925A0710925C
:1077B000590710925E0710925D078091671F8D7FB9
:1077C0008093671F2ACE84E08093650788E08093CA
:1077D00063078093640743E95FE150936707409331
:1077E00066074BE95FE150936907409368079695F8
:1077F00096959695977048EE53E0949FB001959FAB
:10780000700D11247093200760931F078091510D14
:1078100086958770849FB001859F700D11247093A9
:107820001E0760931D07222361F010921B07109220
:107830001A0710925A071092590710925E07109279
:107840005D076AEF70E088EF90E10F94EC2B0091F8
:107850005E0CC3E00C9F80011124000F111F000F6C
:10786000111F012E000C220B330B40915D0C4C9F1D
:10787000A0011124440F551F440F551F052E000C65
:10788000660B770B88EF90E10F94802B2091621F9D
:1078900030E04091611F50E06091601F70E088EF20
:1078A00090E10F94082088EF90E10F94722B809163
:1078B000671F8D7F8093671F8091761E8C9FC0010C
:1078C0001124092E000CAA0BBB0B8093F41090938B
:1078D000F510A093F610B093F71088EF90E10F9495
:1078E000312B9BCD8AE08093230788E0809321078A
:1078F0008093220745E75FE15093250740932407D3
:1079000049E85FE1509327074093260734E030931E
:107910006507809363078093640743E95FE15093B1
:107920006707409366074BE95FE15093690740930F
:107930006807969596959695977048EE53E0949FB4
:10794000B001959F700D11247093200760931F075D
:107950008091510D86958770849FB001859F700D31
:10796000112470931E0760931D07222361F010926B
:107970001B0710921A0710925A071092590710927B
:107980005E0710925D076AEF70E088EF90E10F9458
:10799000EC2B00915E0C83E0089F80011124000F06
:1079A000111F000F111F012E000C220B330B4091F1
:1079B0005D0C489FA0011124440F551F440F551F13
:1079C000052E000C660B770B88EF90E10F94802B4F
:1079D0002091621F30E04091611F50E06091601F74
:1079E00070E088EF90E10F94082088EF90E10F9409
:1079F000722B8091671F8D7F8093671F1092F41008
:107A00001092F5101092F6101092F71066CF81E0E8
:107A1000809302021092580709CD2F923F924F9205
:107A20005F926F927F928F929F92AF92BF92CF920E
:107A3000DF92EF92FF920F931F93CF93DF93CDB717
:107A4000DEB768970FB6F894DEBF0FBECDBF80914A
:107A5000341E8F7E8093341E8091341E8F7D8093E0
:107A6000341E61E08DE00F943C2560E08DE00F94C2
:107A7000E5220E9498E90F94D60F1092C41C8091C1
:107A8000B80C8D7F8093B80C8AEB9EE09093B70C76
:107A90008093B60C109281001092850010928400A1
:107AA0001092800014E0109381000FE206BB209139
:107AB000581F50E2259F9001112450E040E080E4DF
:107AC000C82E82E4D82E8FE0E82EF12CC701B60133
:107AD0000F940B4C30937C0520937B052091591F0C
:107AE00080E2289F9001112450E040E0C701B601D8
:107AF0000F940B4C30939106209390061092B10096
:107B000083E88093B20081E0809370001092B0000F
:107B100085E08093B10087E087BB109291001092BE
:107B20009500109294001092900083E08093910051
:107B300008BB10922101109225011092240110928D
:107B40002001809321010ABB1092A1001092A50090
:107B50001092A4001092A0008093A10009BB109283
:107B6000700810926F081092830810928208109289
:107B700081081092800810927F0810927E0810925F
:107B80007D0810927C081092770810927608E09198
:107B9000670FF091680F82E08083E091630FF091AE
:107BA000640F1082E091650FF091660F40E1408311
:107BB00010926F0FE0916B0FF0916C0F36E03083F5
:107BC000E091690FF0916A0F808188698083E0916C
:107BD000690FF0916A0F80818F7D808387E59FE038
:107BE00090939B0680939A068091821E8068809372
:107BF000821E28E020937D0620937E0610937F0648
:107C000086ED9CE1909381068093800682ED9CE155
:107C100090938306809382068FEF9FE79093890667
:107C200080938806909385068093840690938706B8
:107C30008093860620936D0620936E0610936F0640
:107C400062E17DE170937106609370066EE07DE104
:107C5000709373066093720690937906809378060A
:107C600090937506809374069093770680937606BA
:107C700020935D0620935E065AE050935F0664E20F
:107C80007CE070936106609360066AED7CE170931E
:107C900063066093620690936906809368069093EA
:107CA000650680936406909367068093660620932A
:107CB0004D0620934E0610934F0667E67CE07093C6
:107CC0005106609350066FE67CE070935306609314
:107CD00052069093590680935806909355068093C8
:107CE0005406909357068093560620933D062093A2
:107CF0003E0610933F06EBE6FCE0F0934106E0936E
:107D00004006709343066093420690934906809321
:107D100048069093450680934406909347068093C7
:107D2000460620934E0820934F081093500863E7AF
:107D30007CE0709352086093510867E77CE0709391
:107D400054086093530890935A088093590890936D
:107D500056088093550890935808809357082093AD
:107D60002D0620932E0610932F0668E77DE1709371
:107D700031066093300664E77DE1709333066093CB
:107D80003206909339068093380690933506809397
:107D9000340690933706809336062093DF0A2093AB
:107DA000E00A3093E10A65EE7CE17093E30A6093A8
:107DB000E20A6AE37FE17093E50A6093E40A909334
:107DC000EB0A8093EA0A9093E70A8093E60A90937D
:107DD000E90A8093E80A20931D0620931E0630933B
:107DE0001F06E0E4FFE1F0932106E0932006709384
:107DF0002306609322069093290680932806909389
:107E000025068093240690932706809326062093C8
:107E10000D0620930E0669E060930F066FE47FE184
:107E2000709311066093100666E47FE17093130669
:107E30006093120690931906809318069093150686
:107E40008093140690931706809316062093FD05E1
:107E50002093FE052093FF056FE17DE170930106FD
:107E60006093000667E17DE170930306609302066C
:107E70009093090680930806909305068093040664
:107E800090930706809306062093ED052093EE0558
:107E90003093EF0561EF7CE17093F1056093F0059D
:107EA0006BEE7CE17093F3056093F2059093F90516
:107EB0008093F8059093F5058093F4059093F7056A
:107EC0008093F6052093DD052093DE053093DF05D2
:107ED00068E07DE17093E1056093E00562E07DE19B
:107EE0007093E3056093E2059093E9058093E805BC
:107EF0009093E5058093E4059093E7058093E6056C
:107F000020930C0C20930D0C50930E0C6BE67FE12C
:107F10007093100C60930F0C69E87FE17093120C62
:107F20006093110C9093180C8093170C9093140C81
:107F30008093130C9093160C8093150C2093CD0511
:107F40002093CE053093CF056DE27DE17093D1058E
:107F50006093D00567E27DE17093D3056093D2050D
:107F60009093D9058093D8059093D5058093D40537
:107F70009093D7058093D60520933808209339082D
:107F800020933A086DE77DE170933C0860933B08CD
:107F900065E87DE170933E0860933D089093440846
:107FA000809343089093400880933F089093420841
:107FB000809341082093BD052093BE053093BF05F3
:107FC0006CEA7DE17093C1056093C00566EA7DE1CE
:107FD0007093C3056093C2059093C9058093C8054B
:107FE0009093C5058093C4059093C7058093C605FB
:107FF0002093AD052093AE053093AF0568EB7DE18E
:108000007093B1056093B00562EB7DE17093B305A9
:108010006093B2059093B9058093B8059093B50528
:108020008093B4059093B7058093B60520939D0582
:1080300020939E0530939F0568E27EE17093A10531
:108040006093A00562E27EE17093A3056093A205B0
:108050009093A9058093A8059093A5058093A40506
:108060009093A7058093A6052093000B2093010B06
:108070001093020B65E07EE17093040B6093030B99
:1080800061E07EE17093060B6093050B90930C0BFF
:1080900080930B0B9093080B8093070B90930A0B24
:1080A0008093090B2093EF0A2093F00A3093F10A92
:1080B0006FE57DE07093F30A6093F20A65E67DE078
:1080C0007093F50A6093F40A9093FB0A8093FA0A7E
:1080D0009093F70A8093F60A9093F90A8093F80A2E
:1080E00020935E0820935F08109360086AE57DE0A6
:1080F000709362086093610867EA7FE17093640897
:108100006093630890936A08809369089093660867
:1081100080936508909368088093670820938D0585
:1081200020938E0530938F0569E17EE17093910570
:108130006093900563E17EE17093930560939205EF
:108140009093990580939805909395058093940555
:10815000909397058093960520932B0B10932C0BEF
:1081600010932D0B62E77BE070932F0B60932E0B27
:108170006EE67BE07093310B6093300B9093370B7E
:108180008093360B9093330B8093320B9093350B87
:108190008093340B4093430B2093440B1093450B77
:1081A0006CE37CE07093470B6093460B6FE77CE0D9
:1081B0007093490B6093480B90934F0B80934E0B39
:1081C00090934B0B80934A0B90934D0B80934C0BE9
:1081D00040937D0520937E0530937F056AE97DE11C
:1081E000709381056093800564E97DE17093830558
:1081F0006093820590938905809388059093850507
:108200008093840590938705809386052093920739
:1082100020939307309394076BED7DE1709396075D
:108220006093950765ED7DE17093980760939707DC
:1082300090939E0780939D0790939A078093990748
:1082400090939C0780939B0720938207209383073A
:1082500030938407E1EEFDE1F0938607E093850714
:10826000709388076093870790938E0780938D079C
:1082700090938A078093890790938C0780938B074C
:1082800040931D0840931E0830E230931F0868E8B1
:1082900079E0709321086093200868E479E0709396
:1082A00023086093220890932908809328089093CC
:1082B00025088093240890932708809326084093EC
:1082C000B60A4093B70A3093B80A68E079E0709331
:1082D000BA0A6093B90A68EC78E07093BC0A6093BC
:1082E000BB0A9093C20A8093C10A9093BE0A8093FE
:1082F000BD0A9093C00A8093BF0A2093830A4093DB
:10830000840A3093850A22E93DE03093870A20935E
:10831000860A28E838E03093890A2093880A9093E7
:108320008F0A80938E0A90938B0A80938A0A909387
:108330008D0A80938C0AB9018FE99EE00E9472E950
:1083400092E9E92E9DE0F92E0FED1EE0C8010F9491
:10835000F54BD7018D937D010F5F1F4F0F3FBEE09F
:108360001B07A1F768EC78E08FEF9EE00E9472E9AE
:1083700068E079E08FE39FE00E9472E968E479E0C9
:108380008FE79FE00E9472E968E879E08FEB9FE059
:108390000E9472E980912F0C9FEF980F9E3F50F141
:1083A00011E0612FCE0101960F941D0B8A859B85EC
:1083B00083309105D9F0892B41F44885598570E0C7
:1083C00060E089819A810F94AD4CBE016F5F7F4F51
:1083D000CE010C960F94F6078BE0FE013C96DE0171
:1083E000119601900D928A95E1F7E0CF1F5F103151
:1083F000C1F683E00E946E968091B80C80FF1FC08A
:10840000E091B60CF091B70CA089B18982E08C9311
:10841000A485B5851C92A685B78580E18C93108EC6
:10842000A489B58986E08C93A289B3898C918869E7
:108430008C930288F389E02D80818F7D80830E9458
:10844000D7DC0E9435DC0E94ADDB0E9425DB0E9458
:108450009DDA0E94C2DE0E9449DE0E94E0DD0E9499
:1084600077DD0F94060261E08091C0070F94E5224A
:108470001092DE101092DD10E091EE10F091EF10EE
:1084800019951092C7101092C610E091D710F09174
:10849000D81019951092B0101092AF10E091C01042
:1084A000F091C11019951092991010929810E091C6
:1084B000A910F091AA10199584E790E10E942DFF70
:1084C00084E590E10E942DFF84E390E10E942DFF5E
:1084D00084E190E10E942DFF84EF9FE00E942DFF38
:1084E00084EF9FE00E942DFF85E798ED9093E210C6
:1084F0008093E1109093E4108093E3109093CB105D
:108500008093CA109093CD108093CC109093B410A8
:108510008093B3109093B6108093B51090939D10F4
:1085200080939C1090939F1080939E1090937B104B
:1085300080937A1090937D1080937C101092270B7B
:108540001092260B10921B0B10921A0B10921D0BFF
:1085500010921C0B90935B1080935A1090935D10B7
:1085600080935C101092250B1092240B10924D08F2
:1085700010924C081092190B1092180B90933B100C
:1085800080933A1090933D1080933C101092230BEF
:108590001092220B10924B0810924A081092170B5F
:1085A0001092160B90931B1080931A1090931D102D
:1085B00080931C101092210B1092200B10924908EE
:1085C000109248081092150B1092140B9093FB0F09
:1085D0008093FA0F9093FD0F8093FC0F10921F0B66
:1085E00010921E0B10923708109236081092130B3F
:1085F0001092120B1092420B1092410B1092400BF2
:1086000010923F0B10923E0B10923D0B10923C0BC0
:1086100010923B0B81E00E94A4B98091BB0790E0CF
:10862000FC01E155F84EE491F0E0EE0FFF1FE55834
:10863000F84E259134913093580B2093570BFC0141
:10864000EB5FF74EE491E093590B9FB7F89480915C
:10865000A31FE091570BF091580B80FFE3C280916C
:10866000590B2081822B80839FBF8091821E877F40
:108670008093821E1092F21E80915F0B80FFE7C2F2
:108680002091AB07222309F4E2C28091AD07882331
:1086900009F4DDC21092A30A1092A20A10929D0A58
:1086A0001092990A1092980A9091FD1E90789093DA
:1086B000FD1E30E0F901E155F84EE491F0E0EE0FD7
:1086C000FF1FEB56F84E459154915093970A4093F3
:1086D000960AF901EB5FF74EE491E093950A90E07A
:1086E000FC01E155F84EE491F0E0EE0FFF1FE55874
:1086F000F84E2591349130939B0A20939A0AFC01FD
:10870000EB5FF74EE491E0939C0A9FB7F894809159
:108710005F0BE0919A0AF0919B0A81FF89C28091D8
:108720009C0A2081822B80838091FD1E8D7F809307
:10873000FD1E9FBF80915F0B84FF86C28091AC07B6
:10874000882309F481C290E0FC01E155F84EE491E0
:10875000F0E0EE0FFF1FE558F84E2591349130936D
:108760009F0A20939E0AFC01EB5FF74EE491E09391
:10877000A00A9FB7F89480915F0BE0919E0AF09158
:108780009F0A85FF5BC28091A00A2081822B808393
:108790008091FD1E8F7B8093FD1E9FBF81E08093A3
:1087A000A10A81E08093A40A8091BA0790E0FC01BD
:1087B000E155F84EE491F0E0EE0FFF1FE558F84E5A
:1087C000259134913093940620939306FC01EB5F3E
:1087D000F74EE491E09392068091B90790E0FC0196
:1087E000E155F84EE491F0E0EE0FFF1FE558F84E2A
:1087F000259134913093A50C2093A40CFC01EB5FE0
:10880000F74EE491E093A60C8091B80790E0FC014C
:10881000E155F84EE491F0E0EE0FFF1FE558F84EF9
:10882000259134913093A20C2093A10CFC01EB5FB5
:10883000F74EE491E093A30C9091C41D292F2F7360
:1088400030E0F901E155F84EE491F0E0EE0FFF1F42
:10885000E558F84E459154915093CD0A4093CC0A77
:10886000F901EB5FF74EE491E093CE0A2091CA1D27
:108870002F7330E0F901E155F84EE491F0E0EE0F8E
:10888000FF1FE558F84E459154915093CA0A409302
:10889000C90AF901EB5FF74EE491E093CB0A4091EE
:1088A000BF1D842F86958695282F30E0F901E1556C
:1088B000F84EE491F0E0EE0FFF1FEB56F84E659195
:1088C00074917093D10A6093D00AF901EB5FF74E6F
:1088D000E491E093CF0A2091C21D2F3F19F44C7F01
:1088E0004093BF1D2091BF1D237029F062E096FFC9
:1088F00060E00F943C2580914B0C90E0B0E0A0E04C
:1089000040915F0C50E070E060E0481759076A073B
:108910007B0784F44093231F5093241F6093251FEB
:108920007093261F8093271F9093281FA093291FC1
:10893000B0932A1F8091381F87FD8CC141E061E010
:1089400081E00F94742080912B1F85FFA1C01092AD
:10895000E21E1092E11E1092F51E1092F41E20915C
:10896000591FE0E22E9F9001112450E040E060E4A6
:1089700072E48FE090E00F940B4C309391062093BB
:1089800090068091311F8370823009F04EC00091B3
:10899000201E10E030E020E040911F1E50E070E00B
:1089A00060E083E49DE10F94802B2091F51D30E081
:1089B0004091F41D50E06091F31D70E083E49DE16F
:1089C0000F94082061E270E083E49DE10F94EC2BAA
:1089D00083E49DE10F94722B8091211E86FF25C0B8
:1089E0000091201E10E030E020E040911F1E50E07A
:1089F00070E060E08AE89CE10F94802B2091F51DE7
:108A000030E04091F41D50E06091F31D70E08AE881
:108A10009CE10F94082061E270E08AE89CE10F94E9
:108A2000EC2B8AE89CE10F94722B1092780A10923A
:108A3000790A10927A0A10927B0A10927E0A10929A
:108A40007F0A1092800A1092810A80916F008460E0
:108A500080936F008091821E8D7F8093821E809113
:108A6000821E8B7F8093821E1092750A8091391D21
:108A70008852990B2091531E3091541E28173907A4
:108A80001CF081E080938F0680912B1F85FD32C002
:108A90008091091E80FF2EC02091591FF0E22F9F68
:108AA0009001112450E040E060E472E48FE090E037
:108AB0000F940B4C30939106209390068091821E68
:108AC0008E7F8093821E1092F31E1092780A10926D
:108AD000790A10927A0A10927B0A10927E0A1092FA
:108AE0007F0A1092800A1092810A80916F00846040
:108AF00080936F001092A91E1092A81E10928E06ED
:108B00001092E41E1092E51E1092E61E1092E71ECF
:108B10001092F71E1092F81E1092F91E1092FA1E73
:108B200010928D061092D01E1092391C10923A1C91
:108B300010923B1C10923C1C10923D1C10923E1C4B
:108B400010923F1C1092401C1092351C1092361C43
:108B50001092371C1092381C8091791C811102C030
:108B60000F942A2211E01093791C0F942A2210925C
:108B7000791C0F942A221093791C1092741E84E69B
:108B800080936C1E1092AA0C1092A90C8091831EE7
:108B9000877F8093831E8091831E8F7E8093831EA8
:108BA0001093DE1E1092990610929506109296066A
:108BB00010929706109298068DE78093641E80911C
:108BC000F11E8F778093F11E80917A0084608093EC
:108BD0007A0080917A008D7F80937A0080917A006C
:108BE0008E7F80937A0010925B0B99EBE92E9CE0CC
:108BF000F92E00E0DD24D3940093CB1ED7018D9194
:108C00007D01282F2C709091B80C392F31702430B1
:108C100041F5311104C0492F4670463021F5D092FC
:108C20005B0B4BC08091590B2081809582231BCD1B
:108C300080919C0A20818095822375CD8091A00A25
:108C4000208180958223A3CD1092A10AAACD1092F3
:108C5000A40AAACD4091661F6091651F8091641F90
:108C600070CE311104C0492F4670463011F42830BF
:108C700089F0592F5770543021F4482F43704230F7
:108C800049F0492F457009F0AFC2682F6370623018
:108C900009F0AAC2F701E958FF4F80818F730F9442
:108CA000192C182F812F0E94DD70882309F4B3C27C
:108CB0008091F11E80688093F11E0F5F003109F0F2
:108CC0009BCF8091FB1C813F30F082E38093FB1CA3
:108CD00084E00E9470EA8091FC1C813F30F084EBBC
:108CE0008093FC1C84E00E9470EA8091FD1C813F0F
:108CF00030F084EB8093FD1C84E00E9470EA809148
:108D0000FE1C813F30F080E88093FE1C84E00E94CE
:108D100070EA8091FF1C813F30F080E88093FF1C57
:108D200084E00E9470EA8091001D813F30F084E170
:108D30008093001D84E00E9470EA8091011D813FB4
:108D400030F080E48093011D84E00E9470EA8091FD
:108D5000381D813F30F08BE48093381D84E00E9401
:108D600070EA0F94982560932F08709330088093D1
:108D70003108909332081092B50AECE7FDE086E1E5
:108D8000DF011D928A95E9F78091381F86FF48C25E
:108D90008091D40A0E9415F30E948EF3BAEDCB2E77
:108DA000B9E0DB2E12EE812E19E0912EECEEF9E007
:108DB000F88FEF8BF12CE12CAA24A394B12C412C39
:108DC000512C32014394D6011D926D01F401119290
:108DD0004F01AF89B88D2D90B88FAF8B222049F10C
:108DE00085010E2C01C0000F0A94EAF727FE26C267
:108DF0004091FB1E2091EA0930E00E2C02C036950E
:108E000027950A94E2F7842F20FD3CC2D301C201CA
:108E10000E2C04C0880F991FAA1FBB1F0A94D2F7FB
:108E2000809584238093FB1E80916A0A082B00930F
:108E30006A0ABFEFEB1AFB0AE8E0EE16F10419F636
:108E40008091460C81FF19C09091DF07992399F01A
:108E500080E0923051F081E0933039F08EEE890F4E
:108E6000843008F023C287E1891B41E050E060EDC7
:108E700079ED0F9413291092791E8091860C8370DE
:108E80008230B8F09091E107992399F080E0923018
:108E900051F081E0933039F08EEE890F843008F084
:108EA00007C287E1891B43E050E066EB79ED0F9440
:108EB00013298091D01D982F9370913049F5869594
:108EC00086959091D11D62E091FF60E00F943C2562
:108ED0008091D01D982F9C7FD9F02091D11D20FD2D
:108EE000EFC1983009F4E6C19C3009F4E5C18695DC
:108EF00086959EE2980F9F73943008F0DFC197E14A
:108F0000981B892F43E050E065ED77ED0F9413290E
:108F10002091380C94E6299F900111243093540B32
:108F20002093530B80913B0C899FC0011124909397
:108F3000560B8093550B80917C1D82FF25C040917C
:108F4000901D5091911D0091921D1091931D9A01B9
:108F5000200F311FA4E6B0E00F945F4C6B017C0141
:108F60009A0150E040E00F943D4C3093DA0A209390
:108F7000D90A980150E040E0C701B6010F943D4C7A
:108F80003093D80A2093D70A8091C31C982F9F77DB
:108F9000923069F49091C01C987F49F487FB882730
:108FA00080F99091C11C80FB90F99093C11C1092A4
:108FB000361E1092351E8091341E8E7F8093341E93
:108FC0008091811E8F7E8093811E1092951E10923B
:108FD000961E1092A01E1092A11E1092A21E109218
:108FE000A31E1092DC1E10929F1E10929A1E80915A
:108FF000CC1CFAE08F9FC00111249093CD1E80936A
:10900000CC1E1092DB1E1092F11E1092C706109219
:10901000C8061092C9061092CA064091E41C28EEB8
:1090200033E0429FC001439F900D112490937B0831
:1090300080937A0885E48093D21E1092C70A10921A
:109040008408109285081092860810928708109262
:10905000290B1092280B1092A2071092A3071092CE
:10906000A4071092A50710921D0C10921C0C0E94D0
:10907000B328F8940E9402A68091860C83708230F7
:10908000E8F09091E1078091E007981317C0809174
:109090002A0B83FD13C080E0923051F081E09330C1
:1090A00039F08EEE890F843008F021C187E1891BE9
:1090B00043E050E066EB79ED0F9413298091460C64
:1090C00081FF1DC09091DF078091E007981317C0C2
:1090D00080912A0B83FD13C080E0923051F081E033
:1090E000933039F08EEE890F843008F002C187E1A9
:1090F000891B41E050E060ED79ED0F9413298091D8
:10910000440C82FD0AC08091530B9091540B9695AC
:1091100087959093540B8093530B0F9498256093ED
:10912000B20C7093B30C8093B40C9093B50C109266
:109130007B0D10927A0D6091390C3091440C6111C5
:10914000DAC082E08093D11E8091D11E811103C0CC
:1091500081E08093D11E88E691E090931F02809376
:109160001E0221E02093200210921B0B10921A0B7A
:1091700010924D0810924C0810924B0810924A0819
:109180001092490810924808109237081092360839
:10919000F090D11E0F2D10E0232F2470E22E32FD0F
:1091A00002C080ED92E0B8010F94B44B7093270297
:1091B00060932602E32FE295EF70E1502091460C78
:1091C0004091C71CE83008F022C4F0E08827E45141
:1091D000F7438F4F0D948A4C85C903CA67CA47CBA2
:1091E0000ACC73CC07CDB8CC311103C09670963041
:1091F00011F42C3031F0543059F48370833009F07D
:109200005CCDF701E957FF4F10811F731F5F4ACDF7
:10921000411153CDF2CF60E0812F0F943C25FFCC5C
:109220008EE99EE00F94542C9FEB980F9C3208F02F
:1092300084E68093441E0E942CF4B0CD822D0E94BF
:10924000DD7081112EC061E0822D0F943C2560916C
:10925000EA0970E00E2C02C0769567950A94E2F751
:109260006170822D0F94E5222091EA0930E00E2CE6
:1092700002C0369527950A94E2F73091FB1E20FF35
:1092800003C0832F802BCECDD301C2010E2C04C08E
:10929000880F991FAA1FBB1F0A94D2F780958323BA
:1092A000C1CD009580916A0A0823C1CD8FEFDDCD35
:1092B0008FEFF9CD80E026CE81E024CE8FEF22CE55
:1092C000983079F09C3079F0869586959EE2980FDB
:1092D0009F73943050F497E1981B892F42E050E03F
:1092E00013CE80E0FBCF81E0F9CF8FEFF7CF8FEF88
:1092F000DFCE8FEFFECE832F82958F7090E070E0EF
:109300000F94B44B6093D11E1FCF10921D0B10927F
:109310001C0B1092420B1092410B81E080932102B2
:10932000842F8C718C3041F4E11006C080ED92E006
:1093300090931F0280931E02822F80738033A9F4C2
:10934000E11013C080ED92E09093270280932602F3
:1093500081E08093D11E8091530B9091540B880F24
:10936000991F9093540B8093530B80917C1D82FF27
:1093700007C082E0809320021092400B10923F0BB6
:109380009091811E8091D11E682F70E0FB0155E005
:10939000EE0FFF1F5A95E1F79E2B9093811E8330AD
:1093A00011F0853051F432FD08C080ED92E00F9449
:1093B000C84B7093270260932602229523702130B8
:1093C00009F430C38FEF9EED9093E2108093E1108B
:1093D00082EC9EED9093E4108093E31086E89EED7E
:1093E0009093CB108093CA1089E49EED9093CD109A
:1093F0008093CC1085E19EED9093B4108093B310D0
:1094000080EE9DEDADC310921D0B10921C0B1092BF
:10941000420B1092410B82E0809321028093200244
:10942000522F517084EB90E020FF04C08091530CC8
:109430009091540C9093190B8093180B842F8C717E
:109440008C3041F4E11006C080ED92E090931F0251
:1094500080931E02822F80738033A9F4E11013C021
:1094600080ED92E0909327028093260281E0809322
:10947000D11E8091530B9091540B880F991F90939C
:10948000540B8093530B84EB90E0552321F0809193
:10949000530C9091540C9093400B80933F0B809110
:1094A0003A0C80FD04C01092400B10923F0B80914B
:1094B0007C1D82FF65CF84E08093200210923E0BDA
:1094C00010923D0B80913F0B9091400B73C0109216
:1094D0001D0B10921C0B83E08093210280932002CD
:1094E00020FD7AC0842F8471843009F068C0E110B7
:1094F00066C080EF90E09093190B8093180B80EE7C
:1095000091E09093170B8093160B80ED92E090936F
:109510001F0280931E0225FD6CC01092420B109218
:10952000410B88E790E09093400B80933F0B80EFD6
:1095300090E090933E0B80933D0B33FD0DC082E095
:109540008093D11E88E691E032FF02C084EB90E068
:109550009093270280932602E091D11EE33098F089
:10956000F0E080EF90E0BF010F94B44B7093400B9C
:1095700060933F0B80EE91E0BF010F94B44B70936A
:109580003E0B60933D0B80913A0C80FD08C0109219
:10959000400B10923F0B10923E0B10923D0B8091AE
:1095A0007C1D82FFEDCE84E0809320028091410BF0
:1095B0009091420B90933C0B80933B0BE1CE88E75C
:1095C00090E09093190B8093180B80EF90E09093AC
:1095D000170B8093160B9FCF8091530C9091540CD6
:1095E0009093190B8093180B8091550C9091560C09
:1095F000EECF822F80738033C9F581E08093D11E36
:1096000032FF17C01092420B1092410B88E790E096
:109610009093400B80933F0B80EF90E090933E0B34
:1096200080933D0B88E691E0909327028093260279
:10963000B6CF8091530B9091540B880F991F909344
:10964000540B8093530B1092420B1092410B80EFFE
:1096500090E09093400B80933F0B80EE91E09093CD
:109660003E0B80933D0B80ED92E0DECF1092420BDB
:109670001092410B88E790E09093400B80933F0B52
:1096800080EF90E090933E0B80933D0B88CF10923B
:109690001D0B10921C0B1092420B1092410B82E09A
:1096A000809321028093200220FD5CC084EB90E037
:1096B0009093190B8093180B542F5C715C30C1F49C
:1096C000E11028C088E691E09093170B8093160B69
:1096D0008CE192E09093150B8093140B80ED92E057
:1096E00090931F0280931E0284E08093210212C097
:1096F000503181F41092170B1092160B9093150BAA
:109700008093140B84E0809321028091C01C8B7F96
:109710008093C01C25FF02C032FF4BC084EB90E059
:109720009093400B80933F0B80913A0C80FD33C0A7
:109730001092420B1092410B1092400B10923F0B73
:1097400080917C1D82FF1CCE84E08093200224FD4A
:1097500017CE8091410B9091420B90933E0B8093DA
:109760003D0BB0CE8091530C9091540C9093190BFB
:109770008093180B8091550C9091560C9093170B79
:109780008093160B8091570C9091580C9093150B69
:109790008093140BA9CF52E05F1590F66F2D70E007
:1097A00088E691E00F94B44B7093400B60933F0BAD
:1097B000C7CF822F8073803349F584EB90E090937C
:1097C000400B80933F0B88E691E090933E0B809393
:1097D0003D0B8CE192E090933C0B80933B0B84E03B
:1097E0008093200280ED92E09093270280932602DE
:1097F00081E08093D11E8091530B9091540B880F80
:10980000991F9093540B8093530B9ACF82E08093CF
:10981000200296CF10921D0B10921C0B88E490E052
:109820009093190B8093180B60E970E07093170BFD
:109830006093160B88ED90E09093150B8093140BBA
:1098400080E291E09093130B8093120B55E05093BC
:10985000210254E050932002542F5C715C30D1F40B
:109860007093190B6093180B9093170B8093160B42
:1098700080EB91E09093150B8093140B80E492E0C1
:109880009093130B8093120B80ED92E090931F0244
:1098900080931E0225FF03C0EE2009F471CD809154
:1098A0003A0C1092420B1092410B80FD0DC01092A9
:1098B000400B10923F0B10923E0B10923D0B1092FA
:1098C0003C0B10923B0B5CCD88E490E09093400BF6
:1098D00080933F0B80E990E090933E0B80933D0B8B
:1098E00088ED90E067CE10921D0B10921C0B68E77C
:1098F00070E07093190B6093180B80EF90E09093D9
:10990000170B8093160B53E05093210250932002C3
:1099100025FD36CD1092420B1092410B7093400BF7
:1099200060933F0B90933E0B80933D0B50913A0C0C
:1099300050FD09C01092400B10923F0B10923E0B4D
:1099400010923D0B1DCDA2E0AF1508F019CDB80166
:109950000F94B44B7093400B60933F0B80EE91E0FB
:10996000B8010F94B44B70933E0B60933D0B08CD40
:1099700010921D0B10921C0BEAE5F0E0F093190B0E
:10998000E093180B84EB90E09093170B8093160BE9
:109990006EE071E07093150B6093140B54E05093DC
:1099A00021025093200225FDEBCC1092420B109225
:1099B000410BF093400BE0933F0B90933E0B809351
:1099C0003D0B70933C0B60933B0B50913A0C50FF56
:1099D0006ECFB2E0BF1508F0D3CCB8010F94B44BF2
:1099E0007093400B60933F0B88E691E0B8010F94B1
:1099F000B44B70933E0B60933D0B8CE192E0B80149
:109A00000F94B44B70933C0B60933B0BB9CC10920A
:109A1000420B1092410B84EB90E09093400B8093AB
:109A20003F0BAECC832F807F803409F077C08091CC
:109A3000361D867009F05DC087E39FED9093E210BC
:109A40008093E1108BEF9EED9093E4108093E310F0
:109A50008EEB9EED9093CB108093CA1082E89EED22
:109A60009093CD108093CC10469546954770423028
:109A700009F464C1443009F421C2413009F4D8C06A
:109A800087E29DED90937B1080937A1087ED9CED9B
:109A900090937D1080937C1089E89CED90935B10EF
:109AA00080935A1085E39CED90935D1080935C1039
:109AB00081EF9BED90933B1080933A108DEA9BEDE4
:109AC00090933D1080933C1089E69BED90931B1082
:109AD00080931A1085E29BED90931D1080931C10CB
:109AE00081EE9AED9093FB0F8093FA0F8DE99AED3A
:109AF000C7C083E39FED9093E2108093E11087EF5E
:109B00009EED9093E4108093E3108AEB9EED90938A
:109B1000CB108093CA108EE79EEDA2CF803569F5F9
:109B20008FEF9EED9093E2108093E11082EC9EED1A
:109B30009093E4108093E31086E89EED9093CB1011
:109B40008093CA1089E49EED9093CD108093CC1041
:109B500088EA91E09093B4108093B3108AEB95E07B
:109B60009093B6108093B5108CEA9DED90939D1064
:109B700080939C1087E79DED56C0803629F583E3DE
:109B80009FED9093E2108093E11087EF9EED90930C
:109B9000E4108093E31088E193E09093CB108093DE
:109BA000CA1082E893E09093CD108093CC108AEC99
:109BB00095E09093B4108093B31088E496E090936E
:109BC000B6108093B51050CF803809F0FBCB86EFEC
:109BD00090E09093E2108093E11084E391E0909301
:109BE000E4108093E31084E095E09093CB10809391
:109BF000CA1086E396E09093CD108093CC1086EA4D
:109C000092E09093B4108093B31084E191E090932C
:109C1000B6108093B5108EE293E090939D108093E0
:109C20009C1088E093E090939F1080939E101CCF2F
:109C300027E23DED30937B1020937A1087ED9CED69
:109C400090937D1080937C1030935B1020935A107A
:109C500090935D1080935C1030933B1020933A10EA
:109C600090933D1080933C1030931B1020931A105A
:109C700090931D1080931C103093FB0F2093FA0FCC
:109C80009093FD0F8093FC0F8091510C882309F471
:109C90009BC19FB7F8942091AD0CE091AB0CF09173
:109CA000AC0C8081822B80839FBF81E08093DB1E80
:109CB000789480E00E9422F380E00E94A2F39091C9
:109CC000230C8091341E94FB86F98093341E2091DE
:109CD000970C80912102289F9001112445E0429F1A
:109CE000C001439F900D112463E070E00F94B44BCA
:109CF00070937908609378088091341E8260809315
:109D0000341E61E08DE00F94E52268960FB6F8945A
:109D1000DEBF0FBECDBFDF91CF911F910F91FF909E
:109D2000EF90DF90CF90BF90AF909F908F907F90FB
:109D30006F905F904F903F902F900895303428F5AA
:109D400087E29DED90937B1080937A1087ED9CEDD8
:109D500090937D1080937C1089E89CED90935B102C
:109D600080935A1085E39CED90935D1080935C1076
:109D700081EF9BED90933B1080933A108DEA9BED21
:109D800090933D1080933C107FCF307F303459F555
:109D900083E79DED90937B1080937A1083E29DED95
:109DA00090937D1080937C1081ED9CED90935B10DF
:109DB00080935A108DE79CED90935D1080935C101A
:109DC00085E798ED90933B1080933A1090933D1067
:109DD00080933C1090931B1080931A1090931D1049
:109DE00080931C1051CF303699F58FE69DED9093FE
:109DF0007B1080937A108FE19DED90937D1080937E
:109E00007C108DEC9CED90935B1080935A1089E749
:109E10009CED90935D1080935C1084E693E09093AA
:109E20003B1080933A1088E592E090933D10809328
:109E30003C1085E798ED90931B1080931A10909337
:109E40001D1080931C109093FB0F8093FA0F18CF76
:109E5000303809F015CE8BE69DED90937B10809302
:109E60007A108BE19DED90937D1080937C108AE8B1
:109E700091E090935B1080935A108EEF90E0909356
:109E80005D1080935C108AEB91E090933B1080937F
:109E90003A1080EF9FEF90933D1080933C1088EA3A
:109EA0009FEF90931B1080931A108DE69FEF909375
:109EB0001D1080931C1085E798EDC5CF80917C1D07
:109EC000837039F527E23DED30937B1020937A10B3
:109ED00087ED9CED90937D1080937C1030935B1008
:109EE00020935A1090935D1080935C1085ED9CED4B
:109EF00090933B1080933A1025E83CED30933D1051
:109F000020933C1090931B1080931A1081E89CEDD5
:109F100065CF813049F527E23DED30937B102093EA
:109F20007A1087ED9CED90937D1080937C10309398
:109F30005B1020935A1090935D1080935C1089E819
:109F40009CED90933B1080933A1085E39CED9093A9
:109F50003D1080933C1081EF9BED90931B108093FC
:109F60001A108DEA9BED3ACF823009F08DCE87E250
:109F70009DED90937B1080937A1087ED9CED9093EC
:109F80007D1080937C1089E89CED90935B1080930A
:109F90005A1085E39CED90935D1080935C1081EFE7
:109FA0009BED90933B1080933A108DEA9BED90933C
:109FB0003D1080933C1089E69BED90931B1080939D
:109FC0001A1085E29BED0ACF8091341E8061809348
:109FD000341E6ECE8F929F92AF92BF92CF92DF923D
:109FE000EF92FF920F931F93CF93DF9380919F1F68
:109FF000877090910302891719F080E00E94A4B93C
:10A000008091351E9091361E892B19F48091671F1F
:10A0100081FD0E94C36F9091590C97FF3FC08091C2
:10A02000B50796FD07C00F94BC2221E0892B39F0BB
:10A0300020E005C00F94BC2221E0892BC9F32093B6
:10A04000771E8091960C80FF0DC08091AE07909195
:10A05000771E9923E1F0609102020F94E52281E0DE
:10A060008093ED1EE0919F1FE770E150E73008F00C
:10A0700038C0F0E08827E05CFF428F4F0D948A4C97
:10A0800051D0CFD06ED1A4D3A2D46FD2A2D460913C
:10A0900058070F94E5221092ED1EE4CF1092771E20
:10A0A000E1CF8091531E9091541E88962091A01F5D
:10A0B0002817190609F00CF459C090918007E09117
:10A0C0007E07F0917F078081892B808381E08093D8
:10A0D00057078091801E80648093801E84E6809361
:10A0E000AA1E80917F1E8295817080931C0790919B
:10A0F0009F1F892F87702EEF280F223010F0863097
:10A1000041F58091AA1E843608F459C68091801EBC
:10A1100080648093801E80916F00877F80936F00A2
:10A12000E0917E07F0917F0797FD36C690918007FA
:10A130008081892B808380919F1F86FF0AC0809138
:10A140007D07E0917B07F0917C07908180958923C2
:10A150008083DF91CF911F910F91FF90EF90DF905F
:10A16000CF90BF90AF909F908F90089580915707A8
:10A17000882309F4B6CF80918007E0917E07F091A3
:10A180007F07908180958923808310925707809163
:10A19000801E8F7B8093801E1092AA1EA2CF80917A
:10A1A000841E81FF3CC06091531E7091541E685DF7
:10A1B0007F4F87E497E00E94CDE88093AA1E10921B
:10A1C00046078091771E882339F080915A0C909130
:10A1D000AA1E890F8093AA1E8091AA1E853618F0A8
:10A1E00084E68093AA1E2091AA1EA0917907B091BF
:10A1F0007A0730E00F945F4C6E5C7F4F8F4F9F4F1C
:10A2000024E630E040E050E00F943D4C209373078B
:10A2100030937407409375075093760762CF80FDA3
:10A2200005C08091671F81FFCCCFBDCF6091531EC9
:10A230007091541E685D7F4F9091830C809146070A
:10A24000891708F044C086E397E00E94CDE8EC014E
:10A250006091531E7091541E685D7F4F87E497E0B4
:10A260000E94CDE86C01990FEE08FF081091460797
:10A270009E01DD0F440B550B2C193D094E095F095A
:10A28000A12FB0E00F942A4C2091830C30E050E0D5
:10A2900040E00F940B4CC20ED31EE41EF51EC0927C
:10A2A000AA1E8091780D82FF03C01F5F109346079E
:10A2B0009091660B992309F484CF8091FD1E84FF51
:10A2C00080CF8091AA1E890F8093AA1E7ACF86E341
:10A2D00097E00E94CDE88093AA1EEACF8091841E69
:10A2E00081FF3AC06091531E7091541E685D7F4F8C
:10A2F00087E497E00E94CDE88093AA1EA091790799
:10A30000B0917A07282F30E00F945F4C6E5C7F4F3E
:10A310008F4F9F4F24E630E040E050E00F943D4CDB
:10A320002093730730937407409375075093760713
:10A3300062E0220F331F441F551F6A95D1F7209307
:10A34000F4103093F5104093F6105093F71088EF07
:10A3500090E10F94312BC5CE80FD16C08091671F10
:10A3600081FFBFCE6091531E7091541E685D7F4F78
:10A3700087E497E00E94CDE88093AA1EA091790718
:10A38000B0917A07282F35CF8091761E2AE0829FE0
:10A39000C0011124B0E0A0E08093F0109093F11080
:10A3A000A093F210B093F3108091780D80FF0DC050
:10A3B0002091621F30E04091611F50E06091601F6A
:10A3C00070E088EF90E10F94082040E050E0BA017F
:10A3D00088EF90E10F94E125882309F47AC0C090BA
:10A3E000F410D090F510E090F610F090F710209156
:10A3F000660BC0917907D0917A07222339F18091B9
:10A40000FD1E84FF23C030E08E01000F111F000FDE
:10A41000111FD8010F945F4C6E5C7F4F8F4F9F4F81
:10A4200024E630E040E050E00F943D4CDA01C901F1
:10A430008C0D9D1DAE1DBF1D6801F12CE12C8C15EE
:10A440009D05AE05BF0514F46C017D018091771E5A
:10A45000882329F120915A0C30E08E01000F111F42
:10A46000000F111FD8010F945F4C6E5C7F4F8F4F10
:10A470009F4F24E630E040E050E00F943D4CDA017D
:10A48000C9018C0D9D1DAE1DBF1D6801F12CE12C75
:10A490008C159D05AE05BF0514F46C017D01A70167
:10A4A0009601B2E05595479537952795BA95D1F71E
:10A4B0002093730730937407409375075093760782
:10A4C000A4E6B0E00F942A4CAE010E94DEE3809334
:10A4D000AA1E809135078F5F8093350702CE809149
:10A4E000841E81FDFFCE80FF39CFC0917907D091C6
:10A4F0007A07CC0FDD1FCC0FDD1F6091531E7091CA
:10A50000541E685D7F4F86E397E00E94CDE8282FB8
:10A5100030E0DE010F945F4C6E5C7F4F8F4F9F4F9A
:10A52000A4E68A2E912CA12CB12CA50194010F94A4
:10A530003D4C69017A01C0923107D0923207E09216
:10A540003307F09234072091660B222369F1809142
:10A55000FD1E84FF29C0C0917907D0917A07CC0FE6
:10A56000DD1FCC0FDD1F30E0DE010F945F4C6E5C11
:10A570007F4F8F4F9F4FA50194010F943D4CC20E0A
:10A58000D31EE41EF51ECE01B0E0A0E08C159D05A3
:10A59000AE05BF050CF4C6C0C0923107D092320799
:10A5A000E0923307F09234078091771E8823A9F157
:10A5B000C0917907D0917A07CC0FDD1FCC0FDD1F3A
:10A5C00020915A0C30E0DE010F945F4C6E5C7F4F9F
:10A5D0008F4F9F4F24E630E040E050E00F943D4C19
:10A5E0008091310790913207A0913307B0913407E1
:10A5F000820F931FA41FB51FAE0170E060E04817E3
:10A6000059076A077B070CF496C080933107909333
:10A610003207A0933307B09334078091761E2AE067
:10A62000829FC0011124B0E0A0E08093F0109093CD
:10A63000F110A093F210B093F3108091780D80FF89
:10A640000DC02091621F30E04091611F50E0609189
:10A65000601F70E088EF90E10F9408204091351E54
:10A660005091361E70E060E08091F0109091F110F2
:10A67000A091F210B091F310481B590B6A0B7B0BA1
:10A6800080919A0C2AE0829FC0011124092E000CAF
:10A69000AA0BBB0B84179507A607B70734F0909158
:10A6A000451E8091990C891740F410921011109258
:10A6B0001111109212111092131140913107509103
:10A6C0003207609133077091340788EF90E10F945F
:10A6D000E125882309F4FDCE2091F4103091F51086
:10A6E0004091F6105091F71062E0559547953795D7
:10A6F00027956A95D1F72093730730937407409399
:10A70000750750937607A4E6B0E00F942A4C209189
:10A71000790730917A0750E040E00F943D4C209348
:10A72000AA1ED7CE8093310790933207A0933307A8
:10A73000B093340739CF4093310750933207609379
:10A7400033077093340769CF0E94EB958111C9CC10
:10A750000E945095813009F0C4CC8091841E80FD08
:10A7600045C06091531E7091541E685D7F4F83E613
:10A7700097E00E94CDE89C01220F331F820F931FA8
:10A7800090935C0780935B072091771E222341F012
:10A7900020915A0C820F911D90935C0780935B0768
:10A7A000109246078091520D23E0829FC001112430
:10A7B00020915B0730915C078217930724F49093F4
:10A7C0005C0780935B072091590730915A078F3FB0
:10A7D000910509F008F4B3C0C90197FD019695955C
:10A7E00087958093AA1E0E948F957BCC8091780DCF
:10A7F00082FFD8CF8091351E9091361E892B91F221
:10A800009091830C809146076091531E7091541E65
:10A81000685D7F4F891708F084C081E297E00E944D
:10A82000CDE88C016091531E7091541E685D7F4F7E
:10A8300083E697E00E94CDE86C01CC0CDD1CC80ECD
:10A84000D91E0D2C000CEE08FF08C0914607980198
:10A85000220F331F200F311F032E000C440B550B0A
:10A860002C193D094E095F09AC2FB0E00F942A4C1A
:10A870002091830C30E050E040E00F940B4CC20E6E
:10A88000D31EE41EF51ED0925C07C0925B07809138
:10A89000780D82FF03C0CF5FC09346078091771E7B
:10A8A000882369F080915A0C20915B0730915C07F6
:10A8B000820F932F911D90935C0780935B0780918B
:10A8C000660B882379F09091FD1E94FF0BC02091B8
:10A8D0005B0730915C07820F932F911D90935C076B
:10A8E00080935B0780919F1F8695869586958770DC
:10A8F00028EE33E0829FA001839F500D11245093D6
:10A90000200740931F078091510D86958770829F85
:10A91000A001839F500D112450931E0740931D07E3
:10A9200041CF81E297E00E94CDE89C01220F331FC6
:10A93000820F931F90935C0780935B07AFCF2093A8
:10A94000AA1E51CF0E94EB95811193C00E94509591
:10A95000813009F08EC08091841E80FDBAC0609164
:10A96000531E7091541E685D7F4F83E697E00E94EE
:10A97000CDE89C01220F331F820F931F90935C0739
:10A9800080935B072091771E222341F020915A0C7F
:10A99000820F911D90935C0780935B078091520D0D
:10A9A00023E0829FC001112420915B0730915C0756
:10A9B0008217930724F490935C0780935B071092AF
:10A9C000460780915B0790915C07880F991F880F5D
:10A9D000991F092E000CAA0BBB0B8093F4109093C7
:10A9E000F510A093F610B093F7101092101110927A
:10A9F000111110921211109213118093310790933C
:10AA00003207A0933307B09334078091771E8823D1
:10AA100069F080915A0C20915B0730915C07820F9E
:10AA2000932F911D90935C0780935B078091520D4B
:10AA300023E0829FC001112420915B0730915C07C5
:10AA40008217930724F490935C0780935B0720910F
:10AA5000590730915A078F3F910509F008F499C1C1
:10AA6000C90197FD0196959587958093AA1E0E942E
:10AA70008F958091780D80FF34CB2091621F30E05C
:10AA80004091611F50E06091601F70E088EF90E19D
:10AA90000F94082080919F1F8695869586958770D4
:10AAA00028EE33E0829FA001839F500D1124509324
:10AAB000200740931F078091510D86958770829FD4
:10AAC000A001839F500D112450931E0740931D0732
:10AAD00008CB8091780D82FF9DC02091761ECAE040
:10AAE00030E0AC2FB0E00F945F4C6093F0107093A7
:10AAF000F1108093F2109093F3109091830C809159
:10AB00004607891708F0DBC06091531E7091541EF0
:10AB1000685D7F4F83E697E00E94CDE8EC01CC0FA3
:10AB2000DD1FC80FD91FCE01880F991F880F991FED
:10AB3000B0E0A0E04091F4105091F5106091F61053
:10AB40007091F710481759076A077B0744F4809300
:10AB5000F4109093F510A093F610B093F710809135
:10AB6000F4109091F510A091F610B091F710E2E07A
:10AB7000B595A79597958795EA95D1F720919F1F51
:10AB80002770273079F46091531E7091541E685DD0
:10AB90007F4F81E297E00E94CDE89C01220F331F96
:10ABA000820F931F6E01F12CE12CD0914607B0E08B
:10ABB000A0E09C01AD012C193D094E095F09AD2FA4
:10ABC000B0E00F942A4C2091830C30E050E040E03C
:10ABD0000F940B4CDA01C9018C0D9D1DAE1DBF1DDC
:10ABE00062E0880F991FAA1FBB1F6A95D1F7809357
:10ABF000310790933207A0933307B0933407DF5F98
:10AC0000D09346078093F4109093F510A093F6101C
:10AC1000B093F7104091310750913207609133079C
:10AC20007091340788EF90E10F94E1259091451ED3
:10AC30008091990C891778F080911C0781110BC0C5
:10AC400080919F1F87708730B1F49091830C809121
:10AC50004607891780F48091310790913207A091BF
:10AC60003307B09134078093F4109093F510A093BC
:10AC7000F610B093F7108091F4109091F510A09118
:10AC8000F610B091F71032E0B595A7959795879596
:10AC90003A95D1F790935C0780935B072091660B00
:10ACA000222309F4B2CE3091FD1E34FFAECE30E047
:10ACB000820F931F90935C0780935B07A6CE8091D1
:10ACC0009F1F8770873009F053C06091531E7091A9
:10ACD000541E685D7F4F81E297E00E94CDE89C01A1
:10ACE000220F331F820F931F880F991F880F991F00
:10ACF000092E000CAA0BBB0B8093310790933207EF
:10AD0000A0933307B09334074091351E5091361EFF
:10AD100070E060E08091F0109091F110A091F2103D
:10AD2000B091F310481B590B6A0B7B0B80919A0C66
:10AD30008C9FC0011124092E000CAA0BBB0B841799
:10AD40009507A607B7075CF09091451E8091990C76
:10AD5000891728F080911C07882309F45BCF109293
:10AD6000101110921111109212111092131152CF52
:10AD70008091F4109091F510A091F610B091F71019
:10AD80008093310790933207A0933307B093340731
:10AD900041CF2093AA1E6BCE809180079081809531
:10ADA0008923808380919F1F86FFD3C990917D075F
:10ADB000E0917B07F0917C078081892BC9C98111C3
:10ADC0000EC0DF91CF911F910F91FF90EF90DF9018
:10ADD000CF90BF90AF909F908F900C9410B98091BE
:10ADE000801E80648093801E80916F0088608093B5
:10ADF0006F00AFC94F925F926F927F928F929F9236
:10AE0000AF92BF92CF92DF92EF92FF92F894C090F0
:10AE10001307D09014078090FF0690900007A09031
:10AE20000107B09002078091FB069091FC06A0916B
:10AE3000FD06B091FE06881A990AAA0ABB0A789400
:10AE4000A4E2B0E0A50194010F942A4C2B013C012F
:10AE50000D2C000CEE08FF08A8E6B1E00F942A4C78
:10AE6000A70196010F943D4CCA01B9010E94A92384
:10AE70008BE498E9A5E0B0E080930402909305028A
:10AE8000A0930602B0930702A701960160E87DE84F
:10AE90008BE590E00F946E4CA30192010F943D4C12
:10AEA000C901FF90EF90DF90CF90BF90AF909F903F
:10AEB0008F907F906F905F904F9008956091C01C2D
:10AEC000669561708091CA1C0C941F260F931F9386
:10AED000CF93DF93EC012C813D812330310571F458
:10AEE0000A851B852C853D8504171507260737071E
:10AEF00028F4E885F98519951D821C82DF91CF9190
:10AF00001F910F910895811521E0920721F4611599
:10AF100021E0720761F0869F9001879F300D969F18
:10AF2000300D1124B90160587F4F672F7727CB016F
:10AF300008956091590270915A0280915B0290913C
:10AF40005C02089590E0880F991F089597FD01967F
:10AF500095958795089590E00895089524E6829F39
:10AF6000C0011124089597FF07C0C29764E670E0FE
:10AF70000F94B44B862F0895C296F8CFFC014281FE
:10AF8000538124818091351E9091361E30E0892BAB
:10AF900031F081E02417350708F480E0089583E05C
:10AFA000220F331F8A95E1F7F4CF8091D31D90E0F3
:10AFB000880F991F092E000CAA0BBB0B40913E1E57
:10AFC00050913F1E6091401E7091411E48175907D5
:10AFD0006A077B07A4F49091371E8091D41D9817BF
:10AFE00070F48091831E83FD05C08091DE1E8F5F0B
:10AFF0008093DE1E8091831E80618093831E08955E
:10B00000E2E7F0E08081877F80830895E2E7F0E067
:10B0100080818D7F80830895E3E7F0E08081877FE2
:10B0200080830895E3E7F0E080818B7F808308953B
:10B03000E3E7F0E080818D7F80830895CB9AE2E79B
:10B04000F0E08081886080830895C99AE2E7F0E0AB
:10B050008081826080830895D39AE3E7F0E0808165
:10B06000886080830895D29AE3E7F0E0808184606D
:10B0700080830895D19AE3E7F0E080818260808345
:10B080000895E2E7F0E080818B7F80830895E1E717
:10B09000F0E08081877F80830895E1E7F0E08081A0
:10B0A0008B7F80830895E1E7F0E080818D7F80834E
:10B0B0000895CA9AE2E7F0E0808184608083089571
:10B0C000C39AE1E7F0E08081886080830895C29AA6
:10B0D000E1E7F0E08081846080830895C19AE1E730
:10B0E000F0E0808182608083089508958091391F07
:10B0F00086FF09C080917508E0917308F09174088B
:10B100009081892B808308958091391F86FF0BC021
:10B1100080917508E0917308F09174089081809592
:10B1200089238083089581E090E09093770880934D
:10B1300076080895FC019FEF6417750708F491E005
:10B14000908372836183692F660F770B460F571FB9
:10B1500054834383368325830895CF93DF93CDB7FC
:10B16000DEB7AA970FB6F894DEBF0FBECDBF63302F
:10B17000710509F46DC098F56230710509F44FC08E
:10B18000AC014F5B5F4FBC01695C7F4F21E030E059
:10B19000CE0101960E949AD887E0FE013196DE0129
:10B1A0005D9601900D928A95E1F787E0FE017D960C
:10B1B000DE01949601900D928A95E1F72CA13DA1B4
:10B1C0004EA15FA168A579A58AA590E0AA960FB6C1
:10B1D000F894DEBF0FBECDBFDF91CF9108956430EC
:10B1E000710509F44EC06530710551F6AC014B5B39
:10B1F0005E4FBC01695D7E4F21E030E0CE010896D4
:10B200000E949AD887E0FE013896DE0111960190DF
:10B210000D928A95E1F787E0FE013196C9CFAC0126
:10B220004B5D5F4FBC01615E7F4F21E030E0CE019E
:10B2300001960E949AD887E0FE013196DE0156966B
:10B2400001900D928A95E1F787E0FE017696B0CFE6
:10B25000AC014B595F4FBC01695A7F4F21E030E090
:10B26000CE0101960E949AD887E0FE013196DE0158
:10B270001F9601900D928A95E1F787E0FE013F96B7
:10B2800097CFAC014B595F4FBC01695A7F4F22E009
:10B2900030E0CE0101960E949AD887E0FE013196F7
:10B2A000DE01189601900D928A95E1F787E0FE0184
:10B2B00038967ECFCF93DF93CDB7DEB72E970FB6FC
:10B2C000F894DEBF0FBECDBFBC01625F7F4F21E0AF
:10B2D00030E0AC01CE0101960E949AD887E0FE01D1
:10B2E0003196DE01189601900D928A95E1F7288536
:10B2F00039854A855B856C857D858E8590E02E96A7
:10B300000FB6F894DEBF0FBECDBFDF91CF91089589
:10B31000CF93DF93CDB7DEB72E970FB6F894DEBF8D
:10B320000FBECDBFBC01625F7F4F30E020E0AC01BB
:10B33000CE0101960E949AD887E0FE013196DE0187
:10B34000189601900D928A95E1F7288539854A85EE
:10B350005B856C857D858E8590E02E960FB6F89482
:10B36000DEBF0FBECDBFDF91CF9108958091B50AAA
:10B370008F5F8093B50A8091B50A843011F41092E2
:10B38000B50A0F949825E091B50A24E0E29FF001F8
:10B390001124EB55F54F6083718382839383089565
:10B3A0008F929F92AF92BF92CF92DF92EF92FF92D5
:10B3B000E0913408F0913508808190913308892319
:10B3C00009F454C00F949825C0902F08D0903008ED
:10B3D000E0903108F09032088090CC099090CD092F
:10B3E000A090CE09B090CF09E091381D9B01AC012F
:10B3F0002C193D094E095F092115310581E04807E7
:10B40000510520F02FEF3FEF40E050E0A0E0B1E029
:10B41000AE1BB1090F942A4C6B017C01A50194016C
:10B4200044275527AE2FB0E00F942A4CC60ED71EE6
:10B43000E81EF91ECD2CDE2CEF2CFF24EE24FF2479
:10B44000C092CC09D092CD09E092CE09F092CF09FA
:10B450008091D0098F5F8093D009FF90EF90DF90AB
:10B46000CF90BF90AF909F908F9008950F949825A4
:10B4700060932F08709330088093310890933208BE
:10B48000ECCF90E080E00D94542CBF92CF92DF92ED
:10B49000EF92FF920F931F93CF93DF9300D000D0D2
:10B4A00000D01F92CDB7DEB76B010E831F832887B4
:10B4B00039874A877C01CE0106960E94BED7882331
:10B4C000D9F0CE14DF04C1F0F701B1907F010E81F5
:10B4D0001F81C8010F94542CB81649F06B2DC80178
:10B4E0000F94FD4B888599850196998788870F5F12
:10B4F0001F4F1F830E83DFCF85E0FE013696DE01EE
:10B50000119601900D928A95E1F729813A814B813C
:10B510005C816D8170E080E090E02A960FB6F8942F
:10B52000DEBF0FBECDBFDF91CF911F910F91FF9076
:10B53000EF90DF90CF90BF9008958091C01C8470F1
:10B54000909119089A3099F0E0910A08F0910B084F
:10B55000882329F090910C088081892B05C0809167
:10B560000C0890818095892380830C9476D8E09193
:10B570001308F09114088823D1F080911508908168
:10B580008095892380838091CB0980628093CB0949
:10B590008091CB0990E090630E94546E8093CA0919
:10B5A00090911508E0911308F0911408D5CF80917F
:10B5B000150890818095892380838091CB098F7DA8
:10B5C000E5CF8091C01C8470909119089A3099F051
:10B5D000E0910A08F0910B08882341F080910C0853
:10B5E00090818095892380830C9484D890910C0855
:10B5F0008081892BF8CFE0911308F09114088823FB
:10B60000D1F0809115089081809589238083809165
:10B61000CB098F7D8093CB098091CB0990E090631B
:10B620000E94546E8093CA0990911508E091130806
:10B63000F0911408DDCF80911508908180958923C1
:10B6400080838091CB098062E5CF8091C01C84709B
:10B65000909119089A3099F0E0910708F091080844
:10B66000882329F0909109088081892B05C0809159
:10B67000090890818095892380830C9476D8E09185
:10B680000408F09105088823D1F080910608908184
:10B690008095892380838091C90980618093C9093D
:10B6A0008091C90990E090630E94546E8093C8090C
:10B6B00090910608E0910408F0910508D5CF80919B
:10B6C000060890818095892380838091C9098F7EA7
:10B6D000E5CF8091C01C8470909119089A3099F040
:10B6E000E0910708F0910808882341F0809109084B
:10B6F00090818095892380830C9484D89091090847
:10B700008081892BF8CFE0910408F0910508882307
:10B71000D1F0809106089081809589238083809163
:10B72000C9098F7E8093C9098091C90990E090630F
:10B730000E94546E8093C80990910608E091040815
:10B74000F0910508DDCF80910608908180958923CE
:10B7500080838091C9098061E5CF8091C01C84708D
:10B76000909119089A3099F0E0910108F09102083F
:10B77000882329F0909103088081892B05C080914E
:10B78000030890818095892380830C9476D8E0917A
:10B790000408F09105088823D1F080910608908173
:10B7A0008095892380838091C90988608093C90925
:10B7B0008091C90990E090630E94546E8093C809FB
:10B7C00090910608E0910408F0910508D5CF80918A
:10B7D000060890818095892380838091C909877F9D
:10B7E000E5CF8091C01C8470909119089A3099F02F
:10B7F000E0910108F0910208882341F0809103084C
:10B8000090818095892380830C9484D8909103083B
:10B810008081892BF8CFE0910408F09105088823F6
:10B82000D1F0809106089081809589238083809152
:10B83000C909877F8093C9098091C90990E0906305
:10B840000E94546E8093C80990910608E091040804
:10B85000F0910508DDCF80910608908180958923BD
:10B8600080838091C9098860E5CF8091C01C847075
:10B87000909119089A3099F0E091FE07F091FF0736
:10B88000882329F0909100088081892B05C0809140
:10B89000000890818095892380830C9476D8E0916C
:10B8A0000408F09105088823D1F080910608908162
:10B8B0008095892380838091C90984608093C90918
:10B8C0008091C90990E090630E94546E8093C809EA
:10B8D00090910608E0910408F0910508D5CF809179
:10B8E000060890818095892380838091C9098B7F88
:10B8F000E5CF0E9435DC0C949DDA0E9435DC0C9477
:10B9000025DB0E9435DC0C94ADDB0E9435DC0C9409
:10B91000F1DB8091C01C8470909119089A3099F0E5
:10B92000E091FE07F091FF07882341F08091000825
:10B9300090818095892380830C9484D8909100080D
:10B940008081892BF8CFE0910408F09105088823C5
:10B95000D1F0809106089081809589238083809121
:10B96000C9098B7F8093C9098091C90990E09063D0
:10B970000E94546E8093C80990910608E0910408D3
:10B98000F0910508DDCF809106089081809589238C
:10B9900080838091C9098460E5CF0E9489DC0C9482
:10B9A000E1DA0E9489DC0C9469DB0C9489DC8091DB
:10B9B000C01C8470909119089A3099F0E091FB07AF
:10B9C000F091FC07882329F09091FD078081892B55
:10B9D00005C08091FD0790818095892380830C9418
:10B9E00076D8E0910408F09105088823D1F0809181
:10B9F000060890818095892380838091C90982609F
:10BA00008093C9098091C90990E090630E94546EA7
:10BA10008093C80990910608E0910408F091050808
:10BA2000D5CF80910608908180958923808380916D
:10BA3000C9098D7FE5CF0E94D7DC0C949DDA0E9466
:10BA4000D7DC0C9425DB0E94D7DC0C94ADDB809115
:10BA5000C01C8470909119089A3099F0E091FB070E
:10BA6000F091FC07882341F08091FD07908180953B
:10BA7000892380830C9484D89091FD078081892B41
:10BA8000F8CFE0910408F09105088823D1F0809167
:10BA9000060890818095892380838091C9098D7FD4
:10BAA0008093C9098091C90990E090630E94546E07
:10BAB0008093C80990910608E0910408F091050868
:10BAC000DDCF8091060890818095892380838091C5
:10BAD000C9098260E5CF0E9427DD0C94E1DA0E945B
:10BAE00027DD0C9469DB0E9427DD0C94F1DB80914B
:10BAF000FA078A3081F08091ED07E091EB07F09131
:10BB0000EC07908180958923808380917F1E877FB9
:10BB100080937F1E089580910608E0910408F091BB
:10BB2000050890818095892380838091C9098F7E43
:10BB30008093C9098091C90990E090630E94546E76
:10BB40008093C80980910608E0910408F0910508E7
:10BB50009081892B808308958091FA078A3079F04B
:10BB60009091ED07E091EB07F091EC078081892B34
:10BB7000808380917F1E886080937F1E08958091CE
:10BB80000608E0910408F0910508908180958923CA
:10BB900080838091C90980618093C9098091C90916
:10BBA00090E090630E94546E8093C80980910608CB
:10BBB000E0910408F09105089081892B8083089515
:10BBC0008091FA078A3081F08091EA07E091E807D6
:10BBD000F091E907908180958923808380917F1E71
:10BBE0008B7F80937F1E089580910608E091040862
:10BBF000F091050890818095892380838091C909FF
:10BC0000877F8093C9098091C90990E090630E9461
:10BC1000546E8093C80980910608E0910408F09161
:10BC200005089081892B808308958091FA078A30D6
:10BC300079F09091EA07E091E807F091E9078081B7
:10BC4000892B808380917F1E846080937F1E08955E
:10BC500080910608E0910408F09105089081809594
:10BC6000892380838091C90988608093C909809164
:10BC7000C90990E090630E94546E8093C809809136
:10BC80000608E0910408F09105089081892B8083D3
:10BC900008958091FA078A3081F08091E707E0915A
:10BCA000E507F091E6079081809589238083809154
:10BCB0007F1E8D7F80937F1E089580910608E091FE
:10BCC0000408F091050890818095892380838091F4
:10BCD000C9098B7F8093C9098091C90990E090635D
:10BCE0000E94546E8093C80980910608E091040870
:10BCF000F09105089081892B808308950E9449DE88
:10BD00000C94E0DD0E9449DE0C9477DD8091FA0707
:10BD10008A3079F09091E707E091E507F091E60726
:10BD20008081892B808380917F1E826080937F1E1B
:10BD3000089580910608E0910408F091050890812B
:10BD40008095892380838091C90984608093C90983
:10BD50008091C90990E090630E94546E8093C80955
:10BD600080910608E0910408F09105089081892BE4
:10BD7000808308950E9486DE0C9415DE0E9486DE84
:10BD80000C94ACDD8091FA078A3081F08091E40751
:10BD9000E091E207F091E307908180958923808309
:10BDA00080917F1E8E7F80937F1E0895809106086C
:10BDB000E0910408F09105089081809589238083A3
:10BDC0008091C9098D7F8093C9098091C90990E04C
:10BDD00090630E94546E8093C80980910608E09198
:10BDE0000408F09105089081892B808308950E94B2
:10BDF000C2DE0C9477DD0E94C2DE0C94E0DD8091FF
:10BE0000FA078A3079F09091E407E091E207F09127
:10BE1000E3078081892B808380917F1E81608093DE
:10BE20007F1E089580910608E0910408F0910508AE
:10BE300090818095892380838091C9098260809355
:10BE4000C9098091C90990E090630E94546E809363
:10BE5000C80980910608E0910408F09105089081D6
:10BE6000892B808308950E94FFDE0C94ACDD0E9434
:10BE7000FFDE0C9415DE0F931F93CF93DF93CDB7A6
:10BE8000DEB765970FB6F894DEBF0FBECDBF8C014D
:10BE9000FC0160817181AB01495D5E4F6B5B7E4F40
:10BEA00021E030E0CE0108960E949AD887E0FE019A
:10BEB0003896DE01119601900D928A95E1F787E0A0
:10BEC000FE013196DE01189601900D928A95E1F7F8
:10BED00087E0FE013896DE011F9601900D928A954B
:10BEE000E1F7F80162816051CE010F960E94634C28
:10BEF000FC018181928165960FB6F894DEBF0FBE7A
:10BF0000CDBFDF91CF911F910F9108950F931F9394
:10BF1000CF93DF93CDB7DEB765970FB6F894DEBF4A
:10BF20000FBECDBF8C01FC0160817181AB01495F07
:10BF30005E4F6B5D7E4F30E020E0CE0108960E94A0
:10BF40009AD887E0FE013896DE01119601900D9295
:10BF50008A95E1F787E0FE013196DE01189601909F
:10BF60000D928A95E1F787E0FE013896DE011F9673
:10BF700001900D928A95E1F7F8016281CE010F964A
:10BF80000E94634CFC018181928165960FB6F89402
:10BF9000DEBF0FBECDBFDF91CF911F910F910895EE
:10BFA0000F931F93CF93DF93CDB7DEB765970FB68F
:10BFB000F894DEBF0FBECDBF8C01FC0160817181A2
:10BFC000AB01495A5F4F6B597F4F22E030E0CE0101
:10BFD00008960E949AD887E0FE013896DE011196F5
:10BFE00001900D928A95E1F787E0FE013196DE011E
:10BFF000189601900D928A95E1F787E0FE01389638
:10C00000DE011F9601900D928A95E1F7F801628199
:10C010006854CE010F960E94634CFC01818192818D
:10C0200065960FB6F894DEBF0FBECDBFDF91CF91FE
:10C030001F910F9108950F931F93CF93DF9300D01B
:10C0400000D01F92CDB7DEB78C01FC0180819181B9
:10C05000895B9F4F0E9488D929833A834B835C83F5
:10C060006D837E838F83F80162816054CE010196D7
:10C070000E94634CFC018181928127960FB6F8944F
:10C08000DEBF0FBECDBFDF91CF911F910F910895FD
:10C090000F931F93CF93DF9300D000D01F92CDB7A3
:10C0A000DEB78C01FC0180819181895A9F4F0E94EB
:10C0B0005AD929833A834B835C836D837E838F8334
:10C0C000F80162816854CE0101960E94634CFC0124
:10C0D0008181928127960FB6F894DEBF0FBECDBF47
:10C0E000DF91CF911F910F9108950F931F93CF93DD
:10C0F000DF93CDB7DEB765970FB6F894DEBF0FBEFE
:10C10000CDBF8C01FC0160817181AB01415E5F4F4D
:10C110006B5D7F4F21E030E0CE0108960E949AD8F7
:10C1200087E0FE013896DE01119601900D928A9506
:10C13000E1F787E0FE013196DE01189601900D923D
:10C140008A95E1F787E0FE013896DE011F9601909F
:10C150000D928A95E1F7F80162816451CE010F9644
:10C160000E94634CFC018181928165960FB6F89420
:10C17000DEBF0FBECDBFDF91CF911F910F9108950C
:10C180000F931F93CF93DF93CDB7DEB765970FB6AD
:10C19000F894DEBF0FBECDBF8C01FC0160817181C0
:10C1A000AB01495E5F4F635E7F4F30E020E0CE0120
:10C1B00008960E949AD887E0FE013896DE01119613
:10C1C00001900D928A95E1F787E0FE013196DE013C
:10C1D000189601900D928A95E1F787E0FE01389656
:10C1E000DE011F9601900D928A95E1F7F8016281B8
:10C1F0006051CE010F960E94634CFC0181819281B7
:10C2000065960FB6F894DEBF0FBECDBFDF91CF911C
:10C210001F910F9108950F931F93CF93DF93CDB785
:10C22000DEB765970FB6F894DEBF0FBECDBF8C01A9
:10C23000FC0160817181AB01495C5F4F6F5B7F4F97
:10C2400021E030E0CE0108960E949AD887E0FE01F6
:10C250003896DE01119601900D928A95E1F787E0FC
:10C26000FE013196DE01189601900D928A95E1F754
:10C2700087E0FE013896DE011F9601900D928A95A7
:10C28000E1F7F80162816A52CE010F960E94634C79
:10C29000FC018181928165960FB6F894DEBF0FBED6
:10C2A000CDBFDF91CF911F910F9108950F931F93F1
:10C2B000CF93DF93CDB7DEB765970FB6F894DEBFA7
:10C2C0000FBECDBF8C01FC0160817181AB01455D6A
:10C2D0005F4F6B5C7F4F30E020E0CE0108960E94FC
:10C2E0009AD887E0FE013896DE01119601900D92F2
:10C2F0008A95E1F787E0FE013196DE0118960190FC
:10C300000D928A95E1F787E0FE013896DE011F96CF
:10C3100001900D928A95E1F7F80162816452CE0195
:10C320000F960E94634CFC018181928165960FB645
:10C33000F894DEBF0FBECDBFDF91CF911F910F915B
:10C3400008956091341E5091801E4091801E262FCA
:10C35000217030E031952195310925272078332748
:10C3600024272093801E8B37910508F025C2FC01FD
:10C370008827E254FE418F4F0D948A4C39E23DE20A
:10C3800040E243E24DE250E253E257E25BE25EE21A
:10C3900061E264E267E26AE26DE270E273E276E231
:10C3A00079E27CE27FE282E285E28EE291E294E24F
:10C3B00099E29FE2A7E2AFE2B6E2BFE2C2E2C7E2E1
:10C3C000CDE2D0E2D3E2D6E2D9E2DCE2DFE2E2E2A1
:10C3D000E5E2E8E2EBE2EEE2F1E2F4E2F7E2FAE2D1
:10C3E000FDE200E303E306E309E30CE30FE312E3FA
:10C3F00015E318E31BE31EE321E324E327E32AE329
:10C400002DE330E333E336E339E33CE33FE342E358
:10C41000DCE345E348E34BE34EE351E354E357E306
:10C420005AE35DE360E363E366E369E36CE36FE3D0
:10C4300072E375E378E381E384E387E38AE38DE3E2
:10C4400090E393E396E399E39CE39FE3A2E3A5E300
:10C45000A8E3ABE3AEE3B1E3B4E3B7E3BBE3BEE32E
:10C46000C1E3C4E3C7E3CAE3CDE3D0E3D3E3D6E358
:10C47000D9E36091961E862F089560917F1EFBCFB1
:10C480006091841EF8CF80915F1E9091601EC296CD
:10C4900064E670E00F94C84BEECF60913E1EEBCF88
:10C4A00060913F1EE8CF6091571E685DE4CF6091B8
:10C4B000531E685DE0CF60916E1EDDCF6091641EFB
:10C4C000DACF6091511ED7CF60916C1ED4CF6091AE
:10C4D0006F1ED1CF60916D1ECECF6091351ECBCF38
:10C4E0006091361EC8CF60916A1EC5CF6091681EEC
:10C4F000C2CF60914E1EBFCF6091751EBCCF6091C0
:10C50000851EB9CF6091861EB6CF8091471E90914F
:10C51000481E6AE070E00F94B44BADCF6091651E89
:10C52000AACF6091451EA7CF6091971E7091981E6B
:10C53000A2CF8091971E9091981E692F9CCF0E9448
:10C54000C84F80939B1E90939C1E682F94CF0E948F
:10C55000C84F80939B1E90939C1E692F8CCF609137
:10C56000A41E7091A51E7695679585CF8091A81E13
:10C570009091A91E64E670E00F94C84B7CCF609147
:10C58000801E79CF60914C1E70914D1E74CF8091AA
:10C590004C1E90914D1E692F6ECF6091791E6BCF0E
:10C5A0006091721E68CF6091741E65CF6091AA1E63
:10C5B00062CF6091A61E5FCF6091521E5CCF6091EA
:10C5C000441E59CF6091AB1E56CF6091AC1E53CF25
:10C5D0006091AD1E50CF6091AE1E4DCF6091AF1EE9
:10C5E0004ACF6091B01E47CF6091B11E44CF609199
:10C5F000B21E41CF6091B31E3ECF6091B41E3BCFBF
:10C600006091B51E38CF6091B61E35CF6091B71ED0
:10C6100032CF6091B81E2FCF6091B91E2CCF6091A0
:10C62000BA1E29CF6091BB1E26CF6091BC1E23CFBE
:10C630006091BD1E20CF6091BE1E1DCF6091BF1EB8
:10C640001ACF6091C01E17CF6091C11E14CF6091A8
:10C65000C21E11CF6091C31E0ECF6091C41E0BCFBE
:10C660006091C51E08CF6091C61E05CF6091C71EA0
:10C6700002CF6091C81EFFCE6091C91EFCCE6091B2
:10C68000CA1EF9CE6091461EF6CE6091711EF3CEA1
:10C690006091871EF0CE6091881EEDCE6091891E5C
:10C6A000EACE60918A1EE7CE60918B1EE4CE609147
:10C6B0008C1EE1CE6091811EDECE6091F11EDBCE3C
:10C6C0006091D31ED8CE6091D41ED5CE6091D71E76
:10C6D000D2CE6091D81ECFCE6091E81ECCCE6091B4
:10C6E000E91EC9CE6091AA1EC6CE6091761EC3CE49
:10C6F00080914A1E90914B1E6AE070E00F94B44BFB
:10C70000BACE6091E11EB7CE6091E31EB4CE6091C7
:10C71000E41EB1CE6091CE1EAECE6091CF1EABCEE8
:10C720006091701EA8CE6091EA1EA5CE6091EB1EAE
:10C73000A2CE6091EC1E9FCE6091EE1E9CCE6091C9
:10C74000EF1E99CE6091F01E96CE6091F31E93CEAF
:10C750006091821E90CE6091F41E8DCE6091F61E87
:10C760008ACE6091F71E87CE6091FB1E84CE6091C9
:10C770007A1E685D80CE6091731E7DCE60914F1EE3
:10C780007ACE6091501E77CE6091661E74CE609115
:10C79000671E71CE6091D01E6ECE6091FC1E6BCE76
:10C7A0006091421E68CE6091431E65CE6091F21E7C
:10C7B00062CE6091FD1E5FCE60E05DCE0F934115AD
:10C7C0005105A9F08417950790F4DC01CB0100E135
:10C7D000880F991FAA1FBB1F18F0A417B50718F0E0
:10C7E000A41BB50B81600A9599F70F9108958FEFFF
:10C7F0009FEFFBCF70E06F5F7F4F660F771F640F77
:10C80000751FFB012081318128173907B9F062506B
:10C810007109FB01408151818417950791F0421BFA
:10C82000530BBC01621B730B072E000C880B990B7A
:10C83000982F872F762F66270C94DEE390E080E018
:10C84000089580E091E008952F923F924F925F9279
:10C850006F927F928F929F92AF92BF92CF92DF9210
:10C86000EF92FF920F931F93CF93DF9300D000D0EE
:10C87000CDB7DEB7DC01FA82E982DC82CB826C2C98
:10C880007D2CEE2DFF2D12968D919C911397861580
:10C89000970511F514968D919C9115978E179F070A
:10C8A000D9F416968C9126960FB6F894DEBF0FBE7B
:10C8B000CDBFDF91CF911F910F91FF90EF90DF904F
:10C8C000CF90BF90AF909F908F907F906F905F9030
:10C8D0004F903F902F90089569015A01862E7D0157
:10C8E00013967C926E9212971596FC93EE93149782
:10C8F00099249A94960E2C91492DB601CE01039657
:10C900000F949B1FD7018C9311962C91492DB80140
:10C91000CE0101960F949B1F982EF7018183889E6C
:10C92000802D11246081482D461B2EEF240F30E00E
:10C93000F501E80FF11DDF01A20FB31F5C9041501C
:10C9400050E0E40FF51F4080880E882D90E02A0DFE
:10C950003B1DF901E80FF91F20812D83A40EB51EA0
:10C960008A0D9B1DDC01BC91BE83541008C052127D
:10C9700006C05B1204C0F7015682D70192CFA60110
:10C980008B819C810E94FAE36C01A801692D898149
:10C990009A810E94FAE35C0100E011E048018C18E2
:10C9A0009D08BC01C4010E9483D73C01B501C601AA
:10C9B0000E9483D71C010A191B09B801C4010E94F7
:10C9C00083D75C01B801C6010E9483D7569C9001B1
:10C9D000579C300D1124429CA001439C500D112402
:10C9E000240F351F6E81AC01649FC001659F900DBF
:10C9F0001124280F391FAD81AA9DC001AB9D900D58
:10CA00001124280F391FF7013683B7CF009749F457
:10CA100060915D0270915E0280915F029091600270
:10CA20000895019711F40C9499D760916102709167
:10CA3000620280916302909164020895EF92FF92E6
:10CA40000F931F93CF93DF9300D000D01F92CDB7E9
:10CA5000DEB729833A834B835C836D837E838F8328
:10CA60008E819F810E9406E578018C012C813D8199
:10CA70008A819B812817390789F0C7010F94542CAC
:10CA8000F8011995EA81FB8191838083FFEFEF1A0A
:10CA9000FF0ACE0101960E94714CE8CFC70127968C
:10CAA0000FB6F894DEBF0FBECDBFDF91CF911F91BF
:10CAB0000F91FF90EF900895CF92DF92EF92FF9247
:10CAC0000F931F93CF93DF93CDB7DEB761970FB668
:10CAD000F894DEBF0FBECDBF2E833F8348875987B2
:10CAE0006A877B878C87CD86DE86EF86F88A098BFE
:10CAF0008B859C850E9406E57B01CE010D960E94E8
:10CB0000BED7882329F1EF81F88589859A858E170C
:10CB10009F07F1F080819181F7011995D82E0D853D
:10CB20001E85C8010F94542CD81649F06D2DC801EC
:10CB30000F94FD4B8F8598890196988B8F870F5F97
:10CB40001F4F1E870D87CE0106960E94714CD5CFD0
:10CB500085E0FE013D96DE01119601900D928A95C9
:10CB6000E1F729813A814B815C816D8170E080E041
:10CB700090E061960FB6F894DEBF0FBECDBFDF9197
:10CB8000CF911F910F91FF90EF90DF90CF9008957C
:10CB9000CF93DF93CDB7DEB7A3970FB6F894DEBF80
:10CBA0000FBECDBF6330710509F47DC0A0F46130C4
:10CBB000710589F16230710509F45CC08FEF8D8FCA
:10CBC0001F8E1E8E8EEF9FEF99A388A382E090E0C8
:10CBD0009BA38AA33EC06430710509F470C0653020
:10CBE000710561F7AC01495D5E4FBC016B5B7E4F27
:10CBF00021E030E0CE0108960E949AD887E0FE013D
:10CC00003896DE01119601900D928A95E1F787E042
:10CC1000FE01319618C0AC01495C5F4FBC016F5BEF
:10CC20007F4F21E030E0CE0101960E949AD887E044
:10CC3000FE013196DE01569601900D928A95E1F73C
:10CC400087E0FE017696DE015D9601900D928A9551
:10CC5000E1F72D8D3E8D4F8D58A169A17AA18BA151
:10CC600090E0A3960FB6F894DEBF0FBECDBFDF9164
:10CC7000CF910895AC01415E5F4FBC016B5D7F4F6A
:10CC800021E030E0CE0101960E949AD887E0FE01B3
:10CC90003196DE011F9601900D928A95E1F787E0AB
:10CCA000FE013F96D0CF895A9F4F0E945AD92D8FAF
:10CCB0003E8F4F8F58A369A37AA38BA3CACFAC0131
:10CCC000495A5F4FBC016B597F4F22E030E0CE01E3
:10CCD00001960E949AD887E0FE013196DE011896EF
:10CCE00001900D928A95E1F787E0FE013896ABCF6F
:10CCF000CF93DF93CDB7DEB76C970FB6F894DEBF56
:10CD00000FBECDBF65307105C0F46330710508F00A
:10CD100078C06130710569F16230710509F458C05D
:10CD20008FEF8E8B188E1F8A8EEF9FEF9A8F898FD1
:10CD300082E090E09C8F8B8F3AC06530710581F75F
:10CD4000AC01495F5E4FBC016B5D7E4F30E020E07F
:10CD5000CE0108960E949AD887E0FE013896DE013F
:10CD6000119601900D928A95E1F787E0FE013196C8
:10CD700018C0AC01455D5F4FBC016B5C7F4F30E07C
:10CD800020E0CE0101960E949AD887E0FE013196FC
:10CD9000DE011F9601900D928A95E1F787E0FE0172
:10CDA0003F96DE01569601900D928A95E1F72E8905
:10CDB0003F89488D598D6A8D7B8D8C8D90E06C9666
:10CDC0000FB6F894DEBF0FBECDBFDF91CF910895AF
:10CDD000AC01495E5F4FBC01635E7F4F30E020E0F5
:10CDE000CE0101960E949AD887E0FE013196DE01BD
:10CDF000189601900D928A95E1F787E0FE0138962A
:10CE0000D0CF895B9F4F0E9488D92E8B3F8B488F54
:10CE1000598F6A8F7B8F8C8FCACFCF93DF9300D0CF
:10CE20001F921F92CDB7DEB76530710578F463307D
:10CE30007105E8F561307105B1F06230710569F195
:10CE40001A8219821C821B821D8217C065307105EF
:10CE5000B9F79C0129503F4F3A83298309979C8356
:10CE60008B8380E109C09C012B5D3F4F3A8329836E
:10CE700001969C838B8386E08D8329813A814B8147
:10CE80005C816D8170E080E090E00F900F900F90DA
:10CE90000F900F90DF91CF9108959C012D5E3F4F31
:10CEA0003A83298303969C838B8384E0E5CF9C019E
:10CEB000215C3F4F3A83298301979C838B8388E0D1
:10CEC000DBCFAF92BF92CF92DF92EF92FF920F93A0
:10CED0001F93CF93DF93CDB7DEB768970FB6F89463
:10CEE000DEBF0FBECDBF6C015B018A010E940DE762
:10CEF0002C8B3D8B4E8B5F8B688F85E0FE0174968B
:10CF0000DE011F9601900D928A95E1F78F85988931
:10CF100029893A898217930769F0EB88F12CA701D8
:10CF2000B8010F94E54B0E0D1F1DCE010F960E9408
:10CF30005A4CECCFB501C6010E9478E60E941EE56E
:10CF40008C01B501C6010E94ADD80E941EE568960D
:10CF50000FB6F894DEBF0FBECDBFDF91CF911F910A
:10CF60000F91FF90EF90DF90CF90BF90AF9008951A
:10CF70008F929F92AF92BF92CF92DF92EF92FF92E9
:10CF80000F931F93CF93DF93CDB7DEB7C554D1096D
:10CF90000FB6F894DEBF0FBECDBF5C014B012296E9
:10CFA0000FAF229723961FAF239724962FAF249776
:10CFB00025963FAF259726964FAF26970E940DE7FF
:10CFC0002FAB38AF49AF5AAF6BAF85E0FE01F79694
:10CFD000DE01989601900D928A95E1F785E0FE01B9
:10CFE000EF5BFF4FDE01939601900D928A95E1F77A
:10CFF000CE0183960E94BED78823B9F188A599A552
:10D000002AA53BA58217930781F16CA5680F792F9C
:10D01000711D25E0FE01B396DE01599601900D9237
:10D020002A95E1F7098D1A8D2B8D3C8D4D8D0E942F
:10D0300045DA2F87388B498B5A8B6B8B85E0FE0145
:10D040003F96DE01549601900D928A95E1F785E0B6
:10D05000FE017496DE01939601900D928A95E1F798
:10D06000CE0188960E945A4CC3CF85E0FE01B3964C
:10D07000DE015E9601900D928A95E1F785E0FE0152
:10D080007E96DE01D29601900D928A95E1F7B40169
:10D09000C5010E9478E6CAA8DBA8ECA8FDA80EA9E5
:10D0A0000E945CE52DA73EA74FA758AB69ABB40122
:10D0B000C5010E94ADD8CDA4DEA4EFA4F8A809A9AB
:10D0C0000E945CE570E080E090E0CB5BDF4F0FB644
:10D0D000F894DEBF0FBECDBFDF91CF911F910F91AE
:10D0E000FF90EF90DF90CF90BF90AF909F908F9088
:10D0F0000895DC018C91803161F4E62FF0E0EE0FB1
:10D10000FF1F13966D917C91E60FF71F808191812F
:10D110000895883041F41396ED91FC91E60FF11DCE
:10D12000808190E00895843051F41396ED91FC9144
:10D13000E60FF11D8081082E000C990B089590E0F8
:10D1400080E00895DC0111968C911197803161F493
:10D15000E62FF0E0EE0FFF1F15966D917C91E60F24
:10D16000F71F808191810895883041F41596ED91E3
:10D17000FC91E60FF11D808190E00895843051F418
:10D180001596ED91FC91E60FF11D8081082E000CA3
:10D19000990B089590E080E008956F927F928F92AE
:10D1A0009F92AF92BF92CF92DF92EF92FF920F9336
:10D1B0001F93CF93DF93EC017B01CA808B859C8505
:10D1C00086179707D1F48091961E9F85981315C0F6
:10D1D0008D859E85FC86EB869E878D87DF91CF911E
:10D1E0001F910F91FF90EF90DF90CF90BF90AF9085
:10D1F0009F908F907F906F900895DD24DA94DC0CDF
:10D200006D2DCE010E94A2E86D2DE816F906B4F549
:10D2100060E0CE010E94A2E860E08E159F0574F5E3
:10D220008091961E8F876F807884662DCE010E9434
:10D23000A2E88C01A984BA846A2DCE010E94A2E8DA
:10D240004C010E151F051CF08E159F0554F18C2DF9
:10D250008150990B3C016D2DCE010E94A2E88C01FA
:10D2600063011C141D04E4F56FEF6C0DCE010E94E8
:10D27000A2E84C010E151F0541F46C2DCE010E9451
:10D2800079E8A8CF65018401ECCF560191E0A91A95
:10D29000B1088E149F04B4F7D886CF82BA86A986C7
:10D2A00036016701C818D90808191909662DCE0179
:10D2B0000E9479E84C016A2DCE010E9479E85C0158
:10D2C0009401281B390BD6010F94994C9801110F2A
:10D2D000440B550B0F940B4CC501820F931F7ACF53
:10D2E000A12CDFCFCF92DF92EF92FF920F931F938B
:10D2F000CF93DF93EB017B0120E4E20EF11C8B0165
:10D300006C01C61AD70AC601800F911F0F94F54B06
:10D31000F80181938F01EE15FF05A9F7CE01DF918A
:10D32000CF911F910F91FF90EF90DF90CF900895D4
:10D3300043E050E065E070E08EEE9AE10E9461E724
:10D3400040E850E063E271E080E29CE00F94E54B3E
:10D3500045EA51E065E070E080E698E10E9461E70F
:10D3600040E850E065EC72E08BEB9CE10F94E54BFC
:10D3700047E453E065E070E082ED95E10E9461E7EB
:10D3800040E850E067E674E08BE29FE10F94E54BE4
:10D3900049EE54E063E070E084E095E10E9461E7CB
:10D3A0004BE355E063E070E086E394E10E9461E7BF
:10D3B0004DE855E063E070E08BE695E10E9461E79F
:10D3C0004FED55E061E070E085E293E10E9461E796
:10D3D00041E156E061E070E082EE92E10E9461E797
:10D3E00043E456E061E070E08FE992E10E9461E77A
:10D3F00045E756E061E070E08CE592E10E9461E76C
:10D4000049EB5BE061E070E089E192E10E9461E755
:10D410004BEE5BE061E070E086ED91E10E9461E738
:10D420004DE15CE061E070E083E991E10E9461E739
:10D430004FE45CE061E070E080E591E10E9461E72B
:10D4400040EC50E06EEA76E088EB9CE00F94E54B10
:10D4500040EC50E06EE677E084E79DE10F94E54B09
:10D4600040E358E065E070E087EA99E10E9461E7F7
:10D4700043E559E063E070E088E693E10E9461E7EC
:10D4800045EA59E063E070E08FEC93E10E9461E7C8
:10D4900047EF59E062E070E089E291E10E9461E7C4
:10D4A00040E850E064E17AE08AEE99E00F94E54BC1
:10D4B00046E95AE065E070E089E197E10E9461E7A2
:10D4C0004FE75CE063E070E08DE994E10E9461E782
:10D4D00040EB50E061ED7CE08CE59BE00D94E54B8A
:10D4E000EF92FF920F931F93CF93DF93CDB7DEB7E9
:10D4F000CC58D1090FB6F894DEBF0FBECDBFE82FD0
:10D500008091821E48E086FF42E16091351E709155
:10D51000361E6234710578F088E99AE30F94C84B9F
:10D520001616170614F061E070E06031710514F012
:10D530006FE070E0462F7E0188E8E80EF11C85E080
:10D54000D7011D928A95E9F7D70114964C93E150C3
:10D55000EF3008F077C2F0E08827EE54F5418F4FA6
:10D560000D948A4CECEAC1EA10EB2AEB44EB5EEB3B
:10D5700078EBDCEBE2ECF2EC04ED3AED7FED8FEDD5
:10D580009FED83E0082FCD57DF4F8883C358D040ED
:10D59000CC57DF4F1882C458D040CB57DF4F198289
:10D5A0001882C558D040C957DF4F4883C758D0406C
:10D5B00010E020E0CA57DF4F3881C658D04065E000
:10D5C00070E08EEE9AE10E94B8E7F7012083318384
:10D5D00042835383648336C283E2082FEF968FAF72
:10D5E000EF9781E0C158DF4F8883CF57D040C058B4
:10D5F000DF4F19821882C058D040CE57DF4F488382
:10D60000C258D04011E020E0CF57DF4F3881C158D9
:10D61000D04060EA7CE080E29CE00E9445DA05C2EE
:10D6200085EA082FEA968FAFEA9781E0EB968FAFF5
:10D63000EB97ED961FAE1EAEED97EE964FAFEE97C1
:10D6400011E020E0ED963FADED9765E070E080E6FB
:10D6500098E1B9CF85EC082FE5968FAFE59782E08A
:10D66000E6968FAFE697E8961FAE1EAEE897E9966E
:10D670004FAFE99712E020E0E8963FADE8976BE303
:10D680007DE18BEB9CE1C9CF87E4082FE0968FAF5B
:10D69000E09783E0E1968FAFE197E3961FAE1EAE71
:10D6A000E397E4964FAFE49713E020E0E3963FADB5
:10D6B000E39765E070E082ED95E185CF87E6082F7E
:10D6C000AB968FAFAB9784E0AC968FAFAC97AE962E
:10D6D0001FAE1EAEAE97AF964FAFAF9714E020E0EF
:10D6E000AE963FADAE976BEA7FE18BE29FE195CFBF
:10D6F00089EE082FA6968FAFA69784E0A7968FAFE6
:10D70000A797A9961FAE1EAEA997AA964FAFAA9744
:10D7100014E020E0A9963FADA99763E070E084E0B3
:10D7200095E10E94B8E7F701208331834283538358
:10D730006483352F9BE3092FA1969FAFA19795E0B6
:10D74000A2969FAFA297242FA3964FAFA397A4961C
:10D750005FAFA497A5966FAFA59715E0462F63E03E
:10D7600070E086E394E10E94B8E7D7012C9311960C
:10D770003C93119712964C93129713965C931397C0
:10D7800014966C93352F9DE8092F6C969FAF6C977C
:10D7900095E06D969FAF6D97242F6E964FAF6E9765
:10D7A0006F965FAF6F97A0966FAFA097462F63E01D
:10D7B00070E08BE695E107CF8FED082F67968FAF6E
:10D7C000679785E068968FAF68976A961FAE1EAE22
:10D7D0006A976B964FAF6B9715E020E06A963FAD66
:10D7E0006A9761E070E085E293E10E94B8E7D701B3
:10D7F0002C9311963C93119712964C931297139673
:10D800005C93139714966C93352F91E1092F6296D0
:10D810009FAF629796E063969FAF6397242F6496BD
:10D820004FAF649765965FAF659766966FAF6697E3
:10D8300016E0462F61E070E082EE92E10E94B8E7C8
:10D84000F70120833183428353836483352F93E42C
:10D85000092F2D969FAF2D9796E02E969FAF2E976E
:10D86000242F2F964FAF2F9760965FAF60976196EA
:10D870006FAF6197462F61E070E08FE992E10E94FF
:10D88000B8E7D7012C9311963C93119712964C93BD
:10D89000129713965C93139714966C93352F95E714
:10D8A000092F28969FAF289796E029969FAF299732
:10D8B000242F2A964FAF2A972B965FAF2B972C9643
:10D8C0006FAF2C97462F61E070E08CE592E10E94EB
:10D8D000B8E7F70120833183428353836483352F74
:10D8E00099EB092F23969FAF23979BE024969FAF38
:10D8F0002497242F25964FAF259726965FAF26971E
:10D9000027966FAF27971BE0462F61E070E089E113
:10D9100092E10E94B8E7D7012C9311963C9311979E
:10D9200012964C93129713965C93139714966C93DC
:10D93000352F9BEE092F9DAF9BE09EAF242F4FAF5D
:10D9400021965FAF219722966FAF2297462F61E015
:10D9500070E086ED91E10E94B8E7F7012083318302
:10D96000428353836483352F9DE1092F98AF9CE058
:10D9700099AF242F4AAF5BAF6CAF1CE0462F61E03C
:10D9800070E083E991E10E94B8E7D7012C931196EA
:10D990003C93119712964C93129713965C9313979E
:10D9A00014966C93352F9FE4092F9BAB9CE09CABA6
:10D9B000242F4DAB5EAB6FAB462F61E070E080E58E
:10D9C00091E101CE8EEA082F8EA786E08FA719AAD3
:10D9D00018AA4AAB16E020E039A968E77DE088EB99
:10D9E0009CE01BCE8EE6082F89A787E08AA71CA69D
:10D9F0001BA64DA717E020E03CA564E37EE184E789
:10DA00009DE10E9445DAE1CD80E3082F8CA388E0F8
:10DA10008DA31FA21EA248A718E020E03FA165E049
:10DA200070E087EA99E10E94B8E7D7012C9311963C
:10DA30003C93119712964C93129713965C931397FD
:10DA400014966C93C7010E94BED78111A6C0809125
:10DA5000821E80618093821EC457DF4F0FB6F894F8
:10DA6000DEBF0FBECDBFDF91CF911F910F91FF9011
:10DA7000EF90089583E5082F8F8F89E088A31AA27D
:10DA800019A24BA319E020E03AA163E070E088E618
:10DA900093E10E94B8E7F7012083318342835383E7
:10DAA0006483352F95EA092F9A8F99E09B8F242F55
:10DAB0004C8F5D8F6E8F462F63E070E08FEC93E1AB
:10DAC0000E94B8E7D7012C9311963C9311971296B8
:10DAD0004C93129713965C93139714966C93352F6F
:10DAE00097EF092F9D8B99E09E8B242F4F8B588F9A
:10DAF000698F462F62E070E089E291E164CD84E1B4
:10DB0000082F888B8AE0898B1B8A1A8A4C8B1AE033
:10DB100020E03B896AE67AE08AEE99E07ECD86E9EC
:10DB2000082F8B878AE08C871E861D864F871AE018
:10DB300020E03E8565E070E089E197E144CD8FE724
:10DB4000082F8E838CE08F83198618864A871CE005
:10DB500020E0398563E070E08DE994E10E94B8E748
:10DB6000D7012C9311963C93119712964C931297D0
:10DB700013965C93139714966C93352F91ED092FA0
:10DB800099839CE09A83242F4B835C836D83462F7B
:10DB90006CE07CE08CE59BE034CF8091821E8F7E30
:10DBA00059CFCF9381E00E9470EAC2E08091821E3B
:10DBB00084FD06C08C2F0E9470EACF5FC031B1F7A0
:10DBC000CF910895FF920F931F93CF93DF93EC01B2
:10DBD000F62E08811981C8010F94F54BF81621F033
:10DBE0006F2DC8010F94FD4BCE01DF91CF911F9196
:10DBF0000F91FF900895AF92BF92CF92DF92EF9274
:10DC0000FF920F931F93CF93DF931F921F92CDB775
:10DC1000DEB78B016B0124E0C20ED11C7B015C01DD
:10DC2000A61AB70AC5018E0D9F1D9A838983F70135
:10DC300061917F01CE0101960E94E2EDEC14FD049A
:10DC400089F7C8010F900F90DF91CF911F910F912D
:10DC5000FF90EF90DF90CF90BF90AF900895AF927C
:10DC6000BF92CF92DF92EF92FF920F931F93CF93C9
:10DC7000DF931F921F92CDB7DEB78B016B0120E4BB
:10DC8000C20ED11C7B015C01A61AB70AC5018E0D1C
:10DC90009F1D9A838983F70161917F01CE010196CF
:10DCA0000E94E2EDEC14FD0489F7C8010F900F907B
:10DCB000DF91CF911F910F91FF90EF90DF90CF9068
:10DCC000BF90AF90089568E878E08FE99EE00E94E9
:10DCD0002FEE0F94FD2068EC78E08FEF9EE00E941D
:10DCE0002FEE68E079E08FE39FE00E942FEE68E47A
:10DCF00079E08FE79FE00E942FEE68E879E08FEBF4
:10DD00009FE00C942FEECF93DF931F921F92CDB71D
:10DD1000DEB71A821982682FCE0101960E94E2EDC9
:10DD20000F900F90DF91CF9108950F931F93CF9392
:10DD3000DF93EC01E091440CE295EF70E150E830A4
:10DD400098F5F0E08827E855F1418F4F0D948A4C03
:10DD5000B0EEDFEE09F131EF48F009F1D4EE81F1D8
:10DD60006091651E80911C0B90911D0B40911E02CD
:10DD700050911F02009709F4CA01861B910967FDA3
:10DD8000939548175907ACF090931B0B80931A0B8F
:10DD900080911A0B90911B0B8C1B9D0B97FD0CC057
:10DDA0009093270B8093260BDF91CF911F910F91BA
:10DDB0000895841B950BE8CF840F951FF1CF6091D8
:10DDC000651E80911C0B90911D0B40911E0250917D
:10DDD0001F02009709F4CA01062E000C770B861B60
:10DDE000970B481759076CF190931B0B80931A0BF4
:10DDF00080911A0B90911B0B8C1B9D0B97FD24C0DF
:10DE00009093270B8093260B8091180B9091190B00
:10DE1000009709F4CA01861B970B48175907BCF0F5
:10DE200090934D0880934C0880914C0890914D0838
:10DE30008C1B9D0B97FD0EC09093250B8093240B9C
:10DE4000B3CF841B950BD0CF840F951FD9CF841BE4
:10DE5000950BE6CF480F591F5093250B4093240B89
:10DE6000A3CF6091651E40911C0B50911D0B8091BA
:10DE70001E0290911F024115510509F4AC01062EB6
:10DE8000000C770B461B570B841795070CF482C0C8
:10DE900050931B0B40931A0B40911A0B50911B0B84
:10DEA0004C1B5D0B57FD79C05093270B4093260BFD
:10DEB0004091180B5091190B4115510509F4AC0113
:10DEC000461B570B841795070CF46AC050934D08F6
:10DED00040934C0800914C0810914D08A8014C1B30
:10DEE0005D0B57FD60C05093250B4093240B209190
:10DEF000C71C2C712C3009F059C02091341E20FF12
:10DF0000B9C0803D924011F00E94D6A44091651E98
:10DF10008091160B9091170B20911E0230911F02D9
:10DF2000009709F4C901042E000C550B841B950BB6
:10DF3000281739070CF48BC090934B0880934A083C
:10DF400080914A0890914B088C1B9D0B97FD82C0D5
:10DF50009093230B8093220B8091140B9091150BBF
:10DF6000009709F4C901841B950B281739070CF495
:10DF700074C0909349088093480880914808909114
:10DF800049088C1B9D0B97FD6BC09093210B8093D0
:10DF9000200B0ACF481B590B7BCF480F591F84CF4A
:10DFA000481B590B93CF480F591F9DCF203109F0C3
:10DFB00061C06091D71E7091D81E88E398E00E94DE
:10DFC000CDE8992720911A0B30911B0B280F391F90
:10DFD00030934B0820934A082C1B3D0B3093230BA6
:10DFE0002093220B40911E0250911F0242175307AB
:10DFF00034F4241B350B3093230B2093220B2091F8
:10E00000220B3091230B37FF06C0240F351F3093AE
:10E01000230B2093220B800F911F9093490880932C
:10E0200048088C1B9D0B481759070CF19093210B46
:10E030008093200B8091200B9091210B480F591F4A
:10E0400097FFB2CE5093210B4093200BADCE821B95
:10E05000930B72CF820F931F7BCF821B930B89CFC1
:10E06000280F391F3093210B2093200B9DCE841B4A
:10E07000950BDCCF2091811E24FF96CE88369140EF
:10E0800009F492CEDF91CF911F910F910C949AA336
:10E090006091651E40911C0B50911D0B80911E02DA
:10E0A00090911F024115510509F4AC01062E000C98
:10E0B000770B461B570B841795070CF488C05093B9
:10E0C0001B0B40931A0B40911A0B50911B0B4C1BCE
:10E0D0005D0B57FD7FC05093270B4093260B40915B
:10E0E000180B5091190B4115510509F4AC01461B51
:10E0F000570B841795070CF470C050934D0840934C
:10E100004C0840914C0850914D084C1B5D0B57FD3D
:10E1100067C05093250B4093240B4091160B5091F0
:10E12000170B4115510509F4AC01461B570B841719
:10E1300095070CF458C050934B0840934A084091FF
:10E140004A0850914B084C1B5D0B57FD4FC0509334
:10E15000230B4093220B4091140B5091150B41154A
:10E16000510509F4AC01461B570B841795070CF4B5
:10E1700040C0509349084093480840914808509146
:10E1800049084C1B5D0B57FD37C05093210B409342
:10E19000200B4091120B5091130B4115510509F4BE
:10E1A000AC01461B570B841795074CF15093370869
:10E1B0004093360840913608509137084C1B5D0B50
:10E1C00057FD20C050931F0B40931E0BEDCD481BF5
:10E1D000590B75CF480F591F7ECF481B590B8DCF58
:10E1E000480F591F96CF481B590BA5CF480F591FF1
:10E1F000AECF481B590BBDCF480F591FC6CF481B88
:10E20000590BD4CF840F951F90931F0B80931E0B37
:10E21000CBCD6091651E40911C0B50911D0B8091E0
:10E220001E0290911F024115510509F4AC01062E02
:10E23000000C770B461B570B841795070CF44BC04B
:10E2400050931B0B40931A0B40911A0B50911B0BD0
:10E250004C1B5D0B57FD42C05093270B4093260B80
:10E260004091180B5091190B4115510509F4AC015F
:10E27000461B570B84179507A4F150934D08409304
:10E280004C0840914C0850914D084C1B5D0B57FDBC
:10E290002BC05093250B4093240B4091160B5091AB
:10E2A000170B4115510509F4AC01461B570B841798
:10E2B0009507ECF050934B0840934A0840914A0868
:10E2C00050914B084C1B5D0B57FD14C05093230B12
:10E2D0004093220B69CD481B590BB2CF480F591FF1
:10E2E000BBCF481B590BC9CF480F591FD2CF481B72
:10E2F000590BE0CF840F951F9093230B8093220B33
:10E3000053CD6091651E40911C0B50911D0B809167
:10E310001E0290911F024115510509F4AC01062E11
:10E32000000C770B461B570B841795070CF467C03E
:10E3300050931B0B40931A0B40911A0B50911B0BDF
:10E340004C1B5D0B57FD5EC05093270B4093260B73
:10E350004091180B5091190B4115510509F4AC016E
:10E36000461B570B841795070CF44FC050934D086C
:10E3700040934C0840914C0850914D084C1B5D0B4C
:10E3800057FD46C05093250B4093240B4091160B2C
:10E390005091170B4115510509F4AC01461B570B61
:10E3A00084179507C4F150934B0840934A08409155
:10E3B0004A0850914B084C1B5D0B57FD2FC05093E2
:10E3C000230B4093220B4091140B5091150B4115D8
:10E3D000510509F4AC01461B570B841795070CF146
:10E3E0005093490840934808409148085091490883
:10E3F0004C1B5D0B57FF26CE840F951FC6CD481BC7
:10E40000590B96CF480F591F9FCF481B590BAECFC2
:10E41000480F591FB7CF481B590BC5CF480F591F7D
:10E42000CECF481B590BDCCFCF92DF92EF92FF92F9
:10E430000F931F93CF93DF936A01E9018C01095C6D
:10E440001F4F9C01255D3F4FAC01495F5F4F7B0132
:10E4500066E00E9424E48B51282F30E0DE010F9407
:10E460005F4C6E5C7F4F8F4F9F4F24E630E040E063
:10E4700050E00F943D4CC901DF91CF911F910F9156
:10E48000FF90EF90DF90CF900895861B970B97FF3A
:10E4900006C020911E0230911F02820F931F089523
:10E4A000641B750B77FF12C0FC0184819581039773
:10E4B00081F480911E0290911F0222273327281B8E
:10E4C000390B261737072CF4680F791FCB010C94F2
:10E4D000C32F60E070E0CB01089520911E023091BF
:10E4E0001F0297FF03C0820F931F08952817390753
:10E4F00014F4821B930B0895660F771F881F991FD2
:10E50000312D331F672F782F292FC9010895629568
:10E510006F70729567277F706727829578278F7055
:10E520007827929589279F70892796958795779563
:10E5300067950895CF92DF92EF92FF920F931F930A
:10E540006A018C01095D1E4F9C01295F3E4FAC01A1
:10E55000495F5F4F7B0160E10E9424E41F910F91AE
:10E56000FF90EF90DF90CF900895CF92DF92EF92DF
:10E57000FF920F931F936A018C01095A1F4F9C0150
:10E58000295B3F4FAC01495F5F4F7B0168E00E9410
:10E5900024E41F910F91FF90EF90DF90CF900895AA
:10E5A0000F931F93982FF8948091B50A891B87FDCC
:10E5B0008C5F18162CF5082E000C990BFC01EE0F41
:10E5C000FF1FEE0FFF1FEB55F54F40815181628118
:10E5D0007381880F991F880F991FFC01EF55F54F24
:10E5E00080819181A281B3818A019B01081B190B53
:10E5F0002A0B3B0BC901B80178941F910F91089524
:10E600006091A50A7091A60A8091A70A9091A80A24
:10E610000091B10A1091B20A2091B30A3091B40A64
:10E62000601B710B820B930BE7CFCF93C82F0F9416
:10E6300078258C2F0F94782597FF02C090E080E01A
:10E64000CF910895CF92DF92EF92FF92F82E8091B2
:10E650002D080E9415F3FC01FF2089F14091FC1C5C
:10E6600050E0A091551EB091561E9A010F945F4C38
:10E670006B017C0120E031E0241B350BDF010F949E
:10E680005F4CC60ED71EE81EF91ECD2CDE2CEF2CDB
:10E69000FF24D092561EC092551E6091551E709157
:10E6A000561E8DE198E00E94CDE888979093541E05
:10E6B0008093531EFF90EF90DF90CF90089590933A
:10E6C000561E8093551EE9CFFB019A01261B370B7E
:10E6D000DC010F945F4CDC01CB01B695A7959795B3
:10E6E000B695A7959795892F9A2FAB2FB12D8E0FA1
:10E6F0009F1F08958091D01D869586958F3260F07A
:10E700008F520F94192C0E9415F34FEF50E070E0D8
:10E7100060E00E9464F3089585E4F5CF90933D1E78
:10E7200080933C1E4091610C5091620C6091600C92
:10E73000062E000C770B0E9464F397FD80E0809317
:10E74000441E0895CF92DF92EF92FF92F82E8091AF
:10E75000451E8093491E80911C080E9415F34FEFBF
:10E7600050E070E060E00E9464F3FF2009F452C0C2
:10E770004091FB1CDC01BB2750E020E031E0241B72
:10E78000350B0F94A14C6B017C012091461E30E0AB
:10E79000DA010F945F4CC60ED71EE81EF91ED09208
:10E7A000461E8091461EE0914D0C90914C0C9E1798
:10E7B000A0F58917B0F1E81708F48E2FC92ED12CD7
:10E7C000F12CE12C90E0B0E0A0E09C01AD012C190F
:10E7D0003D094E095F09A8ECB0E00F942A4C2E2F9A
:10E7E00030E050E040E02C193D094E095F090F94DC
:10E7F0000B4C2093451E90917B0C97FF20C080917D
:10E800001B0896FD10C00F94BC2221E0892B81F0DB
:10E8100020E00EC08093461EC4CF8095E095909571
:10E82000C8CF892FCBCF0F94BC2221E0892B81F355
:10E830002093781EFF90EF90DF90CF900895109274
:10E84000781EF8CF062E000C770B0E9464F397FF1A
:10E8500002C090E080E00895EF92FF921F93CF9363
:10E86000DF931F921F92CDB7DEB7E0904F0CF09070
:10E87000500C10914E0C80912E080E9415F3A701A8
:10E88000612F0E9422F49FEB980F9C3258F48093E2
:10E89000441E2EE93EE03A832983682FCE0101967B
:10E8A0000E94E2ED0F900F90DF91CF911F91FF90AA
:10E8B000EF9008950F9341155105A9F0841795071E
:10E8C00090F4DC01CB0100E1880F991FAA1FBB1F48
:10E8D00018F0A417B50718F0A41BB50B81600A95B2
:10E8E00099F70F9108958FEF9FEFFBCFAF92BF92F3
:10E8F000CF92DF92EF92FF920F931F93CF93DF930C
:10E9000000D01F92CDB7DEB7B090391FBB1CBB241F
:10E91000BB1C0091850D1091860DF090001D80911B
:10E920002E080E9415F39C01235031092B3F3340E0
:10E93000C0F44F2D50E020E031E0241B350BDC010A
:10E940000F945F4C6B017C019A01D8010F945F4CCE
:10E95000C60ED71EE81EF91ECD2CDE2CEF2CFF2490
:10E960008601BB2009F45DC0A090870DB090880D92
:10E97000F090001D80911A080E9415F39C0123500D
:10E9800031092B3F3340C0F44F2D50E020E031E0FF
:10E99000241B350BDC010F945F4C6B017C019A0149
:10E9A000D5010F945F4CC60ED71EE81EF91ECD2C64
:10E9B000DE2CEF2CFF2456011093860D0093850D5D
:10E9C000B092880DA092870D8091440C83708230A4
:10E9D00009F42FC108F09BC1813009F0D6C08FB770
:10E9E000F8942091371E90919D0C921708F074C0F6
:10E9F0009091341E90FD04C09091811E94FF6CC0D4
:10EA00004091A01E5091A11E6091A21E7091A31E64
:10EA10008FBF423051056105710538F485E89DE0EE
:10EA2000B2C0AA24AA94BA2CC7CF8091890D90E0D5
:10EA3000B0E0A0E02FB7F8944091A01E5091A11E25
:10EA40006091A21E7091A31E552766277727841711
:10EA50009507A607B70709F041C02FBF8091900D19
:10EA60009091910D01969093910D8093900D20912E
:10EA7000850D3091860D80918A0D90918B0DA0911E
:10EA80008C0D820F931FA11D80938A0D90938B0D87
:10EA9000A0938C0D2091870D3091880D80918D0D64
:10EAA00090918E0DA0918F0D820F931FA11D8093C9
:10EAB0008D0D90938E0DA0938F0D0F900F900F9052
:10EAC0000F90DF91CF911F910F91FF90EF90DF900A
:10EAD000CF90BF90AF9008958FBFA0CF4091A01E60
:10EAE0005091A11E6091A21E7091A31E0196A11DBE
:10EAF000B11D5527662777272FBF84179507A607CF
:10EB0000B70709F4ABCF80918A0D90918B0DA0913E
:10EB10008C0D0097A10509F481CF0091900D109103
:10EB2000910D0115110509F479CF4091850D509192
:10EB3000860D6091870D7091880D49835A836B8390
:10EB40007C83BC018A2F90E0A8010E945AF4909324
:10EB5000860D8093850D8091870D9091880D01968B
:10EB600081F080918D0D90918E0DA0918F0DBC0143
:10EB70008A2F90E0A8010E945AF49093880D809308
:10EB8000870DCE0101960F949D2200913E1E10919B
:10EB90003F1E0F94982510937D0D00937C0D2091BE
:10EBA0007E0D30917F0D4091800D7B01082FE21A80
:10EBB000F30A040B402F97012093820D3093830DAD
:10EBC0004093840D60937E0D70937F0D8093800D34
:10EBD0009093810D1091391F111F1127111F409122
:10EBE0004F0C5091500C60914E0C8091850D90917E
:10EBF000860D0E9422F4B0E0A0E080933E1E909328
:10EC00003F1EA093401EB093411E112309F455CF1F
:10EC10004091640C5091650C6091630C8091870D5C
:10EC20009091880D0E9422F49093431E8093421E7F
:10EC300044CF90919D0C8091371E981708F058C0D2
:10EC40008091890D90E0B0E0A0E02FB7F89440915A
:10EC5000A01E5091A11E6091A21E7091A31E552767
:10EC60006627772784179507A607B70779F140919C
:10EC7000A01E5091A11E6091A21E7091A31E01962C
:10EC8000A11DB11D5527662777272FBF841795072C
:10EC9000A607B707E1F08091850D9091860D209130
:10ECA0008A0D30918B0D3093860D2093850D409108
:10ECB000A01E5091A11E6091A21E7091A31E4093B0
:10ECC000890D90938B0D80938A0D5FCF2FBF20917C
:10ECD000850D3091860D80918A0D90918B0D2817AE
:10ECE000390708F4C90190938B0D80938A0DE5CE06
:10ECF0008091A01E9091A11EA091A21EB091A31E72
:10ED00008093890D10938B0D00938A0D3ECF8FB7A2
:10ED1000F8942091371E90919D0C921708F078C0BE
:10ED20009091341E90FD04C09091811E94FF70C09C
:10ED30004091A01E5091A11E6091A21E7091A31E31
:10ED4000423051056105710508F462C09091F11ED1
:10ED50008FBF992359F08091A70C9091A80C8093B4
:10ED60008E0D8091850D9091860D44C08FB7F894DB
:10ED700040918E0D2091A70C3091A80C8FBF8091EF
:10ED8000890D90918A0DA0918B0D421709F442C014
:10ED9000892B8A2B01F380918C0D90918D0D892BFD
:10EDA000D1F23FB7F89420918E0D8091A70C9091ED
:10EDB000A80C3FBF281778F60091850D1091860D9D
:10EDC00040918C0D50918D0D8091890D90918A0DFF
:10EDD000A0918B0DBC018A2F90E00E945AF4909371
:10EDE000860D8093850D8091A70C9091A80C80933F
:10EDF0008E0DC801A0E08093890D90938A0DA09399
:10EE00008B0D81E090E090938D0D80938C0DBDCEA5
:10EE10008FBFA1CF2091850D3091860D820F931F5A
:10EE2000A11D8093890D90938A0DA0938B0D8091E5
:10EE30008C0D90918D0D019690938D0D80938C0D7E
:10EE40003CCE80912E1E8770E1F480913E1E909101
:10EE50003F1E9093DA1E8093D91E4091351E50912B
:10EE6000361E6091D91E7091DA1E89E197E10E94E9
:10EE70009AF2885290912E1E907C903C39F50C9419
:10EE8000443D813031F48091451E90E0880F991FF8
:10EE9000E0CF20913E1E30913F1E4091401E509188
:10EEA000411E823071F4A4E6B0E00F942A4C209108
:10EEB000421E3091431E032E000C440B550B0F9441
:10EEC0000B4C3093DA1E2093D91EC7CF0895809142
:10EED000EE1D8770A1F480913E1E90913F1E90938D
:10EEE000D61E8093D51E4091351E5091361E6091DE
:10EEF000D51E7091D61E87EA99E10C949AF2813062
:10EF000031F48091451E90E0880F991FE8CF409121
:10EF10003E1E50913F1E6091401E7091411E8230F6
:10EF200089F424E6249FC001259F900D112460914F
:10EF3000421E7091431E0F94C84B7093D61E60936F
:10EF4000D51ED1CF5093D61E4093D51ECCCFF8946A
:10EF5000823061F130F4882399F08130E1F07894C7
:10EF60000895833071F18430D1F78091F80F90913A
:10EF7000F90F0197A1F71092F90F1092F80FEFCF48
:10EF80008091781090917910019749F7109279103B
:10EF900010927810E4CF80915810909159100197F9
:10EFA000F1F61092591010925810D9CF8091381064
:10EFB00090913910019799F61092391010923810EB
:10EFC000CECF8091181090911910019741F61092B0
:10EFD000191010921810C3CFF894813091F030F0CE
:10EFE0008230D1F0833019F1789408958091DD104A
:10EFF0009091DE100197C1F71092DE101092DD1093
:10F00000F3CF8091C6109091C710019769F71092C5
:10F01000C7101092C610E8CF8091AF109091B01039
:10F02000019711F71092B0101092AF10DDCF8091C0
:10F030009810909199100197B9F61092991010922A
:10F040009810D2CF1F920F920FB60F9211240BB6C9
:10F050000F92CF92DF92EF92FF922F933F934F93B5
:10F060005F936F937F938F939F93AF93BF93CF9350
:10F07000DF93EF93FF938091F80F9091F90F019731
:10F0800009F054C0E091FA0FF091FB0F199583E05D
:10F0900090E09093F90F8093F80F0F949825609368
:10F0A000FE0F7093FF0F80930010909301108091DA
:10F0B0000B10E0910E10F0910F108823F9F0809161
:10F0C00004109091051091838083FF91EF91DF915F
:10F0D000CF91BF91AF919F918F917F916F915F91F0
:10F0E0004F913F912F91FF90EF90DF90CF900F9035
:10F0F0000BBE0F900FBE0F901F901895A0910C1093
:10F10000B0910D102D913C918091F40F9091F50FDD
:10F11000A091F60FB091F70F42E0B695A79597959D
:10F1200087954A95D1F7820F931FCDCF8091F80F25
:10F130009091F90F039709F053C0E091FC0FF09103
:10F14000FD0F19951092F90F1092F80F10920B10F5
:10F150008091A70C9091A80C01969093A80C809395
:10F16000A70CC091611ED091621E0F949825C0908B
:10F17000FE0FD090FF0FE0900010F09001109B0167
:10F180002C193D09A2EEB0E00F945F4C6B017C019D
:10F190009E01AEE1B0E00F945F4CC60ED71EE81E94
:10F1A000F91ECD2CDE2CEF2CFF24D092621EC092D3
:10F1B000611E80910A108823D1F0E0910E10F09129
:10F1C0000F1080910610909107109183808381E049
:10F1D00090E09093F90F8093F80F10920A1075CF7A
:10F1E0008091F80F9091F90F892B09F06ECFE09183
:10F1F0001010F0911110199568CF1F920F920FB651
:10F200000F9211240BB60F92CF92DF92EF92FF92E2
:10F210002F933F934F935F936F937F938F939F931E
:10F22000AF93BF93CF93DF93EF93FF938091181029
:10F2300090911910019709F054C0E0911A10F091C3
:10F240001B10199583E090E090931910809318108B
:10F250000F94982560931E1070931F1080932010B8
:10F260009093211080912B10E0912E10F0912F108F
:10F270008823F9F080912410909125109183808348
:10F28000FF91EF91DF91CF91BF91AF919F918F91BE
:10F290007F916F915F914F913F912F91FF90EF90F0
:10F2A000DF90CF900F900BBE0F900FBE0F901F906E
:10F2B0001895A0912C10B0912D102D913C9180911A
:10F2C000141090911510A0911610B091171042E0F3
:10F2D000B695A795979587954A95D1F7820F931F75
:10F2E000CDCF8091181090911910039709F053C059
:10F2F000E0911C10F0911D101995109219101092A8
:10F30000181010922B108091A70C9091A80C0196C8
:10F310009093A80C8093A70CC091611ED091621E9F
:10F320000F949825C0901E10D0901F10E0902010D0
:10F33000F09021109B012C193D09A2EEB0E00F9432
:10F340005F4C6B017C019E01AEE1B0E00F945F4C1D
:10F35000C60ED71EE81EF91ECD2CDE2CEF2CFF2486
:10F36000D092621EC092611E80912A108823D1F033
:10F37000E0912E10F0912F1080912610909127107F
:10F380009183808381E090E090931910809318100E
:10F3900010922A1075CF8091181090911910892B16
:10F3A00009F06ECFE0913010F0913110199568CFCF
:10F3B0001F920F920FB60F9211240BB60F92CF929D
:10F3C000DF92EF92FF922F933F934F935F936F9350
:10F3D0007F938F939F93AF93BF93CF93DF93EF93DD
:10F3E000FF938091381090913910019709F054C023
:10F3F000E0913A10F0913B10199583E090E09093E2
:10F400003910809338100F94982560933E107093B4
:10F410003F10809340109093411080914B10E091E9
:10F420004E10F0914F108823F9F080914410909184
:10F43000451091838083FF91EF91DF91CF91BF9130
:10F44000AF919F918F917F916F915F914F913F917C
:10F450002F91FF90EF90DF90CF900F900BBE0F9009
:10F460000FBE0F901F901895A0914C10B0914D10A9
:10F470002D913C918091341090913510A0913610CF
:10F48000B091371042E0B695A795979587954A9524
:10F49000D1F7820F931FCDCF809138109091391002
:10F4A000039709F053C0E0913C10F0913D1019957D
:10F4B000109239101092381010924B108091A70CB6
:10F4C0009091A80C01969093A80C8093A70CC091E2
:10F4D000611ED091621E0F949825C0903E10D0906E
:10F4E0003F10E0904010F09041109B012C193D0915
:10F4F000A2EEB0E00F945F4C6B017C019E01AEE187
:10F50000B0E00F945F4CC60ED71EE81EF91ECD2C3E
:10F51000DE2CEF2CFF24D092621EC092611E8091DF
:10F520004A108823D1F0E0914E10F0914F10809155
:10F530004610909147109183808381E090E09093F2
:10F5400039108093381010924A1075CF809138107E
:10F5500090913910892B09F06ECFE0915010F09105
:10F560005110199568CF1F920F920FB60F92112468
:10F570000BB60F92CF92DF92EF92FF922F933F93B1
:10F580004F935F936F937F938F939F93AF93BF93AB
:10F59000CF93DF93EF93FF93809158109091591080
:10F5A000019709F054C0E0915A10F0915B10199541
:10F5B00083E090E090935910809358100F94982511
:10F5C00060935E1070935F10809360109093611051
:10F5D00080916B10E0916E10F0916F108823F9F01C
:10F5E000809164109091651091838083FF91EF91D9
:10F5F000DF91CF91BF91AF919F918F917F916F914B
:10F600005F914F913F912F91FF90EF90DF90CF90BE
:10F610000F900BBE0F900FBE0F901F901895A091EA
:10F620006C10B0916D102D913C918091541090917F
:10F630005510A0915610B091571042E0B695A7957D
:10F64000979587954A95D1F7820F931FCDCF8091DB
:10F65000581090915910039709F053C0E0915C1035
:10F66000F0915D1019951092591010925810109247
:10F670006B108091A70C9091A80C01969093A80C08
:10F680008093A70CC091611ED091621E0F949825A3
:10F69000C0905E10D0905F10E0906010F09061100C
:10F6A0009B012C193D09A2EEB0E00F945F4C6B0159
:10F6B0007C019E01AEE1B0E00F945F4CC60ED71EF8
:10F6C000E81EF91ECD2CDE2CEF2CFF24D092621EFA
:10F6D000C092611E80916A108823D1F0E0916E1073
:10F6E000F0916F10809166109091671091838083E4
:10F6F00081E090E0909359108093581010926A1016
:10F7000075CF8091581090915910892B09F06ECFC8
:10F71000E0917010F0917110199568CF1F920F92BF
:10F720000FB60F9211240BB60F92CF92DF92EF9289
:10F73000FF922F933F934F935F936F937F938F939A
:10F740009F93AF93BF93CF93DF93EF93FF938091FA
:10F75000781090917910019709F054C0E0917A10D7
:10F76000F0917B10199583E090E09093791080934D
:10F7700078100F94982560937E1070937F1080937B
:10F7800080109093811080918B10E0918E10F091F9
:10F790008F108823F9F080918410909185109183C7
:10F7A0008083FF91EF91DF91CF91BF91AF919F91B6
:10F7B0008F917F916F915F914F913F912F91FF902A
:10F7C000EF90DF90CF900F900BBE0F900FBE0F9079
:10F7D0001F901895A0918C10B0918D102D913C9197
:10F7E0008091741090917510A0917610B09177105F
:10F7F00042E0B695A795979587954A95D1F7820FE0
:10F80000931FCDCF8091781090917910039709F0D4
:10F8100053C0E0917C10F0917D10199510927910F1
:10F820001092781010928B108091A70C9091A80CD8
:10F8300001969093A80C8093A70CC091611ED09163
:10F84000621E0F949825C0907E10D0907F10E0909B
:10F850008010F09081109B012C193D09A2EEB0E0C0
:10F860000F945F4C6B017C019E01AEE1B0E00F9400
:10F870005F4CC60ED71EE81EF91ECD2CDE2CEF2CD9
:10F88000FF24D092621EC092611E80918A1088234C
:10F89000D1F0E0918E10F0918F10809186109091B0
:10F8A00087109183808381E090E09093791080931A
:10F8B000781010928A1075CF8091781090917910FD
:10F8C000892B09F06ECFE0919010F091911019956D
:10F8D00068CF1F920F920FB60F9211240BB60F92A2
:10F8E0002F933F934F935F936F937F938F939F9348
:10F8F000AF93BF93EF93FF938091981090919910DD
:10F900000197D9F5E0919C10F0919D10199583E035
:10F9100090E09093991080939810E091A310F0914B
:10F92000A410208131818091941090919510A09124
:10F930009610B0919710E091A510F091A61042E0BA
:10F94000B695A795979587954A95D1F7820F931FFE
:10F9500091838083FF91EF91BF91AF919F918F91A0
:10F960007F916F915F914F913F912F910F900BBEBF
:10F970000F900FBE0F901F90189580919810909146
:10F980009910039701F5E0919E10F0919F10199541
:10F9900010929910109298108091A2108823C9F0AB
:10F9A000E091A510F091A6108091A0109091A11067
:10F9B0009183808381E090E09093991080939810D8
:10F9C0001092A210C7CF8091981090919910892B16
:10F9D00009F6E091A710F091A8101995BBCF1F92DE
:10F9E0000F920FB60F9211240BB60F922F933F93E5
:10F9F0004F935F936F937F938F939F93AF93BF9337
:10FA0000EF93FF938091AF109091B0100197D9F5CB
:10FA1000E091B310F091B410199583E090E09093C9
:10FA2000B0108093AF10E091BA10F091BB1020811C
:10FA300031818091AB109091AC10A091AD10B0913C
:10FA4000AE10E091BC10F091BD1042E0B695A795C4
:10FA5000979587954A95D1F7820F931F918380835D
:10FA6000FF91EF91BF91AF919F918F917F916F9196
:10FA70005F914F913F912F910F900BBE0F900FBE52
:10FA80000F901F9018958091AF109091B010039730
:10FA900001F5E091B510F091B61019951092B010E3
:10FAA0001092AF108091B9108823C9F0E091BC107A
:10FAB000F091BD108091B7109091B8109183808320
:10FAC00081E090E09093B0108093AF101092B91045
:10FAD000C7CF8091AF109091B010892B09F6E091BB
:10FAE000BE10F091BF101995BBCF1F920F920FB6A9
:10FAF0000F9211240BB60F922F933F934F935F9366
:10FB00006F937F938F939F93AF93BF93EF93FF93E5
:10FB10008091C6109091C7100197D9F5E091CA1055
:10FB2000F091CB10199583E090E09093C7108093EB
:10FB3000C610E091D110F091D210208131818091D6
:10FB4000C2109091C310A091C410B091C510E09163
:10FB5000D310F091D41042E0B695A795979587956C
:10FB60004A95D1F7820F931F91838083FF91EF9184
:10FB7000BF91AF919F918F917F916F915F914F91C5
:10FB80003F912F910F900BBE0F900FBE0F901F90C3
:10FB900018958091C6109091C710039701F5E091D8
:10FBA000CC10F091CD1019951092C7101092C6107C
:10FBB0008091D0108823C9F0E091D310F091D41037
:10FBC0008091CE109091CF109183808381E090E05E
:10FBD0009093C7108093C6101092D010C7CF809119
:10FBE000C6109091C710892B09F6E091D510F091BD
:10FBF000D6101995BBCF1F920F920FB60F921124FA
:10FC00000BB60F922F933F934F935F936F937F9316
:10FC10008F939F93AF93BF93EF93FF938091DD10EA
:10FC20009091DE100197D9F5E091E110F091E2108A
:10FC3000199583E090E09093DE108093DD10E091C1
:10FC4000E810F091E910208131818091D9109091D4
:10FC5000DA10A091DB10B091DC10E091EA10F09185
:10FC6000EB1042E0B695A795979587954A95D1F701
:10FC7000820F931F91838083FF91EF91BF91AF918A
:10FC80009F918F917F916F915F914F913F912F91B4
:10FC90000F900BBE0F900FBE0F901F901895809184
:10FCA000DD109091DE10039701F5E091E310F091E3
:10FCB000E41019951092DE101092DD108091E7107B
:10FCC0008823C9F0E091EA10F091EB108091E510E3
:10FCD0009091E6109183808381E090E09093DE1014
:10FCE0008093DD101092E710C7CF8091DD109091C6
:10FCF000DE10892B09F6E091EC10F091ED101995CA
:10FD0000BBCF0F931F93FC01F894A08DB18D8D9103
:10FD10009C91A2E07695679557954795AA95D1F75E
:10FD2000480F591F538B428B0083118322833383E7
:10FD300081E0868B78941F910F9108950F931F9304
:10FD4000FC010083118322833383F894A08DB18D4D
:10FD50008D919C9122E076956795579547952A95C8
:10FD6000D1F7480F591F57874687A28DB38D8685D7
:10FD7000978511969C938E9381E090E09583848380
:10FD80007894068CF78DE02D1F910F9119940F93A5
:10FD90001F93FC01F8940C3F8FEF180783E02807AE
:10FDA0003105E8F08BEF9FEFA3E0B0E08083918313
:10FDB000A283B383A785B0898D919C9122E076952B
:10FDC0006795579547952A95D1F7480F591F55873D
:10FDD000448781E0868778941F910F91089500836E
:10FDE000118322833383E6CF0F931F93FC01F89492
:10FDF0000C3F8FEF180783E02807310548F18BEFA0
:10FE00009FEFA3E0B0E080839183A283B383A785B3
:10FE1000B0898D919C9122E076956795579547958D
:10FE20002A95D1F7480F591F57834683A189B28974
:10FE30008681978111969C938E9381E090E09583C3
:10FE4000848378940588F689E02D1F910F91199489
:10FE50000083118322833383DACFDC0115961C9251
:10FE60001E9214975E96ED91FC9119948091C01C9E
:10FE70008470909119089A3099F0E0911608F091E9
:10FE80001708882329F0909118088081892B05C0D4
:10FE90008091180890818095892380830C9476D86E
:10FEA000E0911308F09114088091150890818095D5
:10FEB000892380838091CB098093CB098091CB09E2
:10FEC00090E090630E94546E8093CA099091150847
:10FED000E0911308F0911408D8CF0E9425DB0C9410
:10FEE00036FF8091C01C8470909119089A3099F067
:10FEF000E0911608F0911708882341F080911808C6
:10FF000090818095892380830C9484D890911808DF
:10FF10008081892BF8CFE0911308F091140880912B
:10FF2000150890818095892380838091CB098093E7
:10FF3000CB098091CB0990E090630E94546E80932E
:10FF4000CA0990911508E0911308F0911408E0CFC8
:10FF50000E9469DB0C9471FF8091C01C84709091A9
:10FF600019089A3099F0E0911008F091110888234F
:10FF700029F0909112088081892B05C08091120888
:10FF800090818095892380830C9476D8E091130822
:10FF9000F09114088823D1F0809115089081809504
:10FFA000892380838091CB0980688093CB098091DD
:10FFB000CB0990E090630E94546E8093CA0990919F
:10FFC0001508E0911308F0911408D5CF8091150819
:10FFD00090818095892380838091CB098F77E5CFAD
:10FFE0000E94ADDB0C94ACFF8091C01C847090919A
:10FFF00019089A3099F0E0911008F09111088823BF
:020000022000DC
:1000000041F08091120890818095892380830C941F
:1000100084D8909112088081892BF8CFE091130841
:10002000F09114088823D1F0809115089081809573
:10003000892380838091CB098F778093CB0980912E
:10004000CB0990E090630E94546E8093CA0990910E
:100050001508E0911308F0911408DDCF8091150880
:1000600090818095892380838091CB098068E5CF3A
:100070000E94F1DB0C94F4FF8091C01C847090917D
:1000800019089A3099F0E0910D08F0910E08882334
:1000900029F090910F088081892B05C080910F086D
:1000A00090818095892380830C9476D8E091130801
:1000B000F09114088823D1F08091150890818095E3
:1000C000892380838091CB0980648093CB098091C0
:1000D000CB0990E090630E94546E8093CA0990917E
:1000E0001508E0911308F0911408D5CF80911508F8
:1000F00090818095892380838091CB098F7BE5CF88
:100100000E9435DC0D943C000E94ADDB0D943C0058
:100110008091C01C8470909119089A3099F0E091F8
:100120000D08F0910E08882341F080910F0890810E
:100130008095892380830C9484D890910F088081C6
:10014000892BF8CFE0911308F09114088823D1F09F
:100150008091150890818095892380838091CB09B7
:100160008F7B8093CB098091CB0990E090630E94B4
:10017000546E8093CA0990911508E0911308F0918C
:100180001408DDCF809115089081809589238083A4
:100190008091CB098064E5CF0E9489DC0D948800B2
:1001A0000E94F1DB0D9488008091FA078A3059F0A3
:1001B0008091F907E091F707F091F8079081809519
:1001C00089238083089580911508E0911308F091A8
:1001D000140890818095892380838091CB09809336
:1001E000CB098091CB0990E090630E94546E80937C
:1001F000CA0980911508E0911308F09114089081C4
:10020000892BDFCF0E9477DD0D94D4008091FA070F
:100210008A3051F09091F907E091F707F091F807D3
:100220008081892B8083089580911508E0911308BF
:10023000F091140890818095892380838091CB0967
:100240008093CB098091CB0990E090630E94546E1B
:100250008093CA0980911508E0911308F091140861
:100260009081DFCF0E94ACDD0D9406018091FA07EA
:100270008A3059F08091F607E091F407F091F50784
:100280009081809589238083089580911508E0915D
:100290001308F091140890818095892380838091C0
:1002A000CB098F778093CB098091CB0990E0906345
:1002B0000E94546E8093CA0980911508E09113083A
:1002C000F09114089081892BDECF0E94E0DD0D941F
:1002D00036018091FA078A3051F09091F607E0914B
:1002E000F407F091F5078081892B80830895809130
:1002F0001508E0911308F0911408908180958923E6
:1003000080838091CB0980688093CB098091CB0951
:1003100090E090630E94546E8093CA098091150802
:10032000E0911308F09114089081DECF0E9415DE51
:100330000D9469018091FA078A3059F08091F30792
:10034000E091F107F091F2079081809589238083F5
:10035000089580911508E0911308F0911408908198
:100360008095892380838091CB098F7B8093CB09F3
:100370008091CB0990E090630E94546E8093CA09EB
:1003800080911508E0911308F09114089081892B51
:10039000DECF0E9449DE0D949A010E94E0DD0D94AB
:1003A0009A018091FA078A3051F09091F307E09119
:1003B000F107F091F2078081892B80830895809165
:1003C0001508E0911308F091140890818095892315
:1003D00080838091CB0980648093CB098091CB0985
:1003E00090E090630E94546E8093CA098091150832
:1003F000E0911308F09114089081DECF0E9486DE10
:100400000D94D1010E9415DE0D94D1018091FA075F
:100410008A3059F08091F007E091EE07F091EF07F4
:100420009081809589238083089580911508E091BB
:100430001308F0911408908180958923808380911E
:10044000CB098F7D8093CB098091CB0990E090639D
:100450000E94546E8093CA0980911508E091130898
:10046000F09114089081892BDECF0E94C2DE0D949A
:1004700006020E9449DE0D9406020E94E0DD0D9402
:1004800006028091FA078A3051F09091F007E091CE
:10049000EE07F091EF078081892B8083089580918A
:1004A0001508E0911308F091140890818095892334
:1004B00080838091CB0980628093CB098091CB09A6
:1004C00090E090630E94546E8093CA098091150851
:1004D000E0911308F09114089081DECF78941F9278
:1004E0000F920FB60F9211240BB60F92CF92DF929C
:1004F000EF92FF920F931F932F933F934F935F932E
:100500006F937F938F939F93AF93BF93EF93FF93DB
:100510008091790D80688093790D80918408909105
:100520008508A0918608B09187080196A11DB11D8C
:100530008093840890938508A0938608B0938708D9
:10054000809183088F5F80938308809182088F5FFA
:1005500080938208809181088F5F809381088091C9
:1005600080088F5F8093800880917F088F5F8093E1
:100570007F0880917E088F5F80937E0880917C0841
:1005800090917D08019690937D0880937C080F944C
:10059000982540917A0850917B083091C71C37FF0D
:1005A0000CC021E0A091351EB091361EE091CC1E0A
:1005B000F091CD1EAE17BF0708F020E031FF26C036
:1005C000211124C06B017C01C41AD50AE108F1088D
:1005D000B701A60184E790E10E9466D7B701A601A2
:1005E00084E590E10E9466D7B701A60184E390E11B
:1005F0000E9466D7B701A60184E190E10E9466D708
:10060000B701A60184EF9FE00E9466D78091341E57
:1006100086FF5BC08091841E811152C08091840846
:1006200090918508A0918608B09187088C3D9540EF
:10063000A105B10508F044C0809184089091850817
:10064000A0918608B0918708883E9340A105B10526
:1006500008F07EC2A0917808B091790820918408B2
:10066000309185084091860850918708E090D8091C
:10067000F090D9090F942A4C28EE33E040E050E086
:100680000F940B4C2E0D3F1D3093D9092093D809A0
:100690008091D8099091D909883E9340B0F081E0CB
:1006A00090E090937708809376088091D809909194
:1006B000D909885E93409093D9098093D80905C0E1
:1006C0008091341E8F7B8093341E809176089091A8
:1006D0007708019709F069C28091300C807C09F499
:1006E00046C28091341E87FD42C210927708109254
:1006F00076089091341E8091341E97FB87F98058BC
:100700008093341E80918308853039F410928308D9
:100710008091790D80648093790D80918208843175
:1007200039F4109282088091790D80628093790D5E
:1007300080918108813209F066C010928108809111
:10074000A61E81FF5BC08091351E9091361E892BBD
:1007500009F054C08091720880FD0E94FFDE8091F4
:10076000720881FD0E9486DE8091720882FD0E94DF
:1007700015DE8091720883FD0E94ACDD80917208C5
:1007800084FD0F9441028091720885FD0F94D10180
:100790008091720886FD0F9469018091720887FD2F
:1007A0000F9406011092D6098091710880FD0E9475
:1007B00027DD8091710881FD0E9489DC809171089C
:1007C00082FD0E94F1DB8091710883FD0E9469DB4C
:1007D0008091710884FD0E94E1DA8091710885FDA5
:1007E0000F9488008091710886FD0E94F4FF80912B
:1007F000710887FD0E9471FF1092D5098091790DD3
:1008000080618093790D80918008823439F4109250
:1008100080088091790D88608093790D80917F08A0
:10082000843609F0D9C010927F088091790D8460D8
:100830008093790D8091351E9091361E20916F081E
:1008400030917008AC01421B530B6AE0649F900129
:10085000659F300D112430934D1E20934C1E9093B4
:10086000700880936F082091841E20FFBFC14091C3
:100870006B0A50916C0A60916D0A70916E0A4F5F1D
:100880005F4F6F4F7F4F40936B0A50936C0A60939A
:100890006D0A70936E0A2091341E25FD8AC0C090A7
:1008A000D109D090D209E090D309F090D4094091B9
:1008B000980C50E070E060E04C155D056E057F051A
:1008C00009F077C0892B09F074C06091531E7091B4
:1008D000541E685D7F4F8EE498E00E94CDE800973B
:1008E00009F462C03091451E2091CD1C321708F0EA
:1008F0005BC024EF31E0DC010F94A14C6B017C0163
:1009000080912002882389F08091DD109091DE1083
:10091000039709F474C19701860144E650E060E052
:1009200070E089ED90E10E94F4FE80912002823017
:1009300088F08091C6109091C710039709F476C192
:100940009701860144E650E060E070E082EC90E1BF
:100950000E94F4FE80912002833088F08091AF10D5
:100960009091B010039709F478C19701860144E68D
:1009700050E060E070E08BEA90E10E94F4FE80912C
:100980002002843088F080919810909199100397FC
:1009900009F47AC19701860144E650E060E070E016
:1009A00084E990E10E94F4FE8091341E806280937D
:1009B000341E8091D1099091D209A091D309B091B0
:1009C000D4090196A11DB11D8093D1099093D2093C
:1009D000A093D309B093D40980917E088A3F39F45B
:1009E00010927E088091790D82608093790D20911C
:1009F0007C0830917D08283E83E0380709F03FC22B
:100A000010927D0810927C088091790D816080930E
:100A1000790D4091E41C429FC001439F900D112429
:100A200090937B0880937A088091CC1C2AE0829F67
:100A3000C00111249093CD1E8093CC1E3091841E52
:100A4000432F417030FF09C08091951E8F3F29F0E0
:100A50008091951E8F5F8093951E80917A0D909165
:100A60007B0D9093981E8093971E10927B0D109291
:100A70007A0D8091961E8F5F8093961E2091660C52
:100A8000822F8871A1F1883009F022C18091A41FC2
:100A90008852990B6091531E7091541E20FD0BC11A
:100AA000442309F40AC16817790744F450915F0B95
:100AB00053FF03C15091FD1E54FFFFC09FB731FF8C
:100AC00039C121FD37C1F8948091A31FE091570BE4
:100AD000F091580B80FF42C18091590B2081822BED
:100AE00080839FBF8091821E877F8093821E80912A
:100AF000341E84FD1EC08091961E9091C70A891BEA
:100B0000990B2091510C2817190609F094F4809143
:100B1000341E80618093341E8091351E9091361E64
:100B2000892B39F460E080916E080F94E5221092D1
:100B3000DB1E8091460C81FFA2C18091490C9091EF
:100B4000D009981708F015C11092D009A0E029C16A
:100B500020917808309179088091D8099091D9092D
:100B6000820F931F9093D9098093D80991CD8091DA
:100B70007508E0917308F09174089081809589233D
:100B800080838091840890918508A0918608B09117
:100B900087082091310C820F8093D70982E090E082
:100BA0009093770880937608A4CD809176089091F1
:100BB0007708029709F0A6CD809184089091850866
:100BC000A0918608B09187082091D70928139ACD63
:100BD00090917508E0917308F09174088081892BD9
:100BE000808310927708109276088CCD10926B0A51
:100BF00010926C0A10926D0A10926E0A4CCE80917F
:100C00002602909127020E94C32F6C3F7F4F8340A2
:100C1000910508F08ACE9701860144E650E060E035
:100C200070E089ED90E10E94C7FE7FCE80912602A0
:100C3000909127020E94C32F6C3F7F4F8340910504
:100C400008F088CE9701860144E650E060E070E04D
:100C500082EC90E10E94C7FE7DCE809126029091A9
:100C600027020E94C32F6C3F7F4F8340910508F0FD
:100C700086CE9701860144E650E060E070E08BEAA2
:100C800090E10E94C7FE7BCE8091260290912702C0
:100C90000E94C32F6C3F7F4F8340910508F084CEA4
:100CA0009701860144E650E060E070E084E990E15D
:100CB0000E94C7FE79CE41E0F6CE2091A51F821B8F
:100CC00091098617970714F4411111CF9FB7FBCEF6
:100CD000803109F00CCF832F822B80FF04C031FFBD
:100CE0000AC021FD08C01092F21E8091821E877FEB
:100CF0008093821E19C06091531E7091541E685DCE
:100D00007F4F8EE598E00E94CDE890915F0B93FFB6
:100D100009C09091FD1E94FF05C090916D0B89173D
:100D200008F4892F8093F21E8091F21E9FB78823CA
:100D300009F4C9CEF8948091A31FE091570BF0916C
:100D4000580B80FF11C08091590B20818095822320
:100D500080839FBF8091821E8860C7CE8091590B8F
:100D6000208180958223BCCE8091590B2081822BDB
:100D7000EFCF9091D00920914A0C30E02F5F3F4F88
:100D80009217130609F00CF404C12091D00990E0E9
:100D900042961092D009A4E62817190611F00CF01B
:100DA000D5CEE091791E4091381D50E020E031E031
:100DB000241B350BB0E00F945F4C6B017C012E2F90
:100DC00030E0DA010F945F4CC60ED71EE81EF91E04
:100DD000CD2CDE2CEF2CFF24C092791E8091CC0903
:100DE0009091CD09A091CE09B091CF09883E934052
:100DF000A105B10508F4D6C08091CC099091CD0928
:100E0000A091CE09B091CF0989389341A105B105D0
:100E100008F0CDC08091CC099091CD09A091CE0968
:100E2000B091CF098093CC099093CD09A093CE09BE
:100E3000B093CF092091CC093091CD094091CE09D2
:100E40005091CF09A0E8B0E10F942A4CDC01CB010E
:100E5000B695A7959795B695A7959795892F9A2FAB
:100E6000AB2FB12D8D5B9F41A109B10997FFA4C0A4
:100E7000C29764E670E00F94B44B60937A1E809141
:100E8000A61E81FF6AC080917208882389F1809133
:100E9000D6099091690A891708F490C08091720868
:100EA00080FD0E94C2DE8091720881FD0E9449DEB1
:100EB0008091720882FD0E94E0DD8091720883FDBE
:100EC0000E9477DD8091720884FD0F940602809164
:100ED000720885FD0F949A018091720886FD0F9427
:100EE00036018091720887FD0F94D4001092D609C4
:100EF00080917108882389F18091D5099091680AC1
:100F0000891708F461C08091710880FD0E94D7DCC8
:100F10008091710881FD0E9435DC8091710882FD0D
:100F20000E94ADDB8091710883FD0E9425DB8091DA
:100F3000710884FD0E949DDA8091710885FD0F94EF
:100F40003C008091710886FD0E94ACFF8091710881
:100F500087FD0E9436FF1092D50983E88093B20086
:100F6000FF91EF91BF91AF919F918F917F916F9181
:100F70005F914F913F912F911F910F91FF90EF90B3
:100F8000DF90CF900F900BBE0F900FBE0F901F9071
:100F90001895A091D009A81B1092D009A13009F092
:100FA00000CFD4CD88EE93E0A0E0B0E03BCF88E85E
:100FB00093E1A0E0B0E036CFC2965BCF8091D60936
:100FC0008F5F8093D60994CF8091D5098F5F8093EE
:100FD000D509C3CF0E94FFDE0D9441020E9486DE38
:100FE0000D9441020E9415DE0D944102DC01FB01CB
:100FF0002581368187819085280F391FE481E03172
:1010000008F019C3F0E08827E75FF74F8E4F0D9483
:101010008A4C2003B60194052E0566030404BC0126
:1010200054057204340612021A04E604A0032603CF
:10103000EE0211961C921E9213961C921E9212970B
:1010400014961C92149716961C921E921597189639
:101050001C921E92179783E090E0F4C0203231403A
:10106000B0F48EEE9AE111969C938E9385E090E019
:1010700013969C938E93129782E014968C931497F8
:1010800016961C921E92159780E291E06EC0119602
:101090001C921E9213961C921E92129782E0149636
:1010A0008C93149780E291E08FC02032314068F435
:1010B00080E698E111969C938E9385E090E01396DC
:1010C0009C938E93129783E0D8CF11961C921E9218
:1010D00013961C921E92129783E0E1CF203231408A
:1010E00060F482ED95E111969C938E9385E090E0FB
:1010F00013969C938E931297C0CF11961C921E92BA
:1011000013961C921E92129785E0C9CF20353105A7
:10111000A0F484E095E111969C938E9383E090E097
:1011200013969C938E93129787E014968C93149742
:1011300016961C921E92159737C0203A3105E0F49E
:1011400086E394E111969C938E9383E090E013964E
:101150009C938E93129787E014968C93149780E556
:1011600090E016969C938E93159718969C938E9369
:10117000179781E090E066C0203F3105C0F48BE610
:1011800095E111969C938E9383E090E013969C9347
:101190008E93129787E014968C93149780EA90E0D0
:1011A00016969C938E93159780E590E0DECF11966E
:1011B0001C921E9213961C921E92129787E0149610
:1011C0008C93149780EF90E016969C938E931597CE
:1011D00018969C938E9317973ECF20333105B0F429
:1011E00085E293E111969C938E9381E090E01396B3
:1011F0009C938E93129728E014962C93149716962E
:101200001C921E92159720E330E018C0203631055D
:10121000F0F482EE92E111969C938E9381E090E03F
:1012200013969C938E93129728E014962C93149700
:1012300020E330E016963C932E93159718963C9336
:101240002E9317971A969C938E9319977EC12039E7
:101250003105B0F48FE992E111969C938E9381E071
:1012600090E013969C938E93129728E014962C93FB
:10127000149720E630E016963C932E931597C3CF33
:10128000203C310590F48CE592E111969C938E936D
:1012900081E090E013969C938E93129728E0149629
:1012A0002C93149720E930E0E6CF203F310590F4ED
:1012B00089E192E111969C938E9381E090E01396E0
:1012C0009C938E93129728E014962C93149720ECFD
:1012D00030E0D1CF203281E0380790F486ED91E103
:1012E00011969C938E9381E090E013969C938E933D
:1012F000129728E014962C93149720EF30E0BBCF80
:10130000203581E0380790F483E991E111969C93B0
:101310008E9381E090E013969C938E93129728E031
:1013200014962C93149720E231E0A5CF2038314059
:1013300090F480E591E111969C938E9381E090E08A
:1013400013969C938E93129728E014962C931497DF
:1013500020E531E090CF11961C921E9213961C92BC
:101360001E92129788E014968C93149780E891E06F
:101370002BCF2032314068F487EA99E111969C9393
:101380008E9385E090E013969C938E9312978BE05A
:1013900074CE11961C921E9213961C921E92129756
:1013A0008BE07DCE2035310568F488E693E1119617
:1013B0009C938E9383E090E013969C938E93129768
:1013C0008CE0B3CE203A310568F48FEC93E11196AE
:1013D0009C938E9383E090E013969C938E93129748
:1013E0008CE0BACE283B3105C0F489E291E1119638
:1013F0009C938E9382E090E013969C938E93129729
:101400008CE014968C93149780EA90E016969C9347
:101410008E93159788E190E0A8CE11961C921E92AB
:1014200013961C921E9212978CE014968C9314972C
:1014300088EB90E0C9CE2032314068F489E197E131
:1014400011969C938E9385E090E013969C938E93D7
:1014500012978EE012CE11961C921E9213961C9239
:101460001E9212978EE01BCE20383105A0F480E248
:101470009CE011969C938E9313961C921E92129749
:1014800081E014968C93149716961C921E921597D1
:1014900080E890E052C011961C921E9213961C9206
:1014A0001E92129781E014968C93149780E890E036
:1014B0008BCE2038310558F48BEB9CE111969C9330
:1014C0008E9313961C921E92129784E0DACF119697
:1014D0001C921E9213961C921E92129784E0E3CFE8
:1014E0002038310558F48BE29FE111969C938E933E
:1014F00013961C921E92129786E0C3CF11961C92EF
:101500001E9213961C921E92129786E0CCCF203C1E
:101510003105E8F488EB9CE011969C938E9313962A
:101520001C921E92129789E014968C93149716962B
:101530001C921E92159780EC90E018969C938E93C7
:1015400017971A961C921E921997CD01089511961D
:101550001C921E9213961C921E92129789E014966A
:101560008C93149780EC90E02FCE203C310558F4FA
:1015700084E79DE111969C938E9313961C921E9284
:1015800012978AE0D1CF11961C921E9213961C924C
:101590001E9212978AE0E3CF2038310558F48AEE84
:1015A00099E011969C938E9313961C921E9212971B
:1015B0008DE067CF11961C921E9213961C921E927C
:1015C00012978DE070CF2035310568F48DE994E1F4
:1015D00011969C938E9383E090E013969C938E9348
:1015E00012978FE0A2CD2F3F310509F0B0F48CE5C2
:1015F0009BE011969C938E9313961C921E921297C9
:101600008FE014968C93149780E590E016969C9347
:101610008E93159780EB90E090CF11961C921E92BE
:1016200013961C921E9212978FE014968C93149727
:1016300080E091E0C9CD0F94A84CDC01603108F046
:1016400027C1E62FF0E08827E75DF44F8E4F0D9419
:101650008A4CEA012602760140045201BC0296053A
:10166000C202CC02C8053E02CE02A8023A012404FE
:10167000AE0411961C921E9213961C921E92129703
:1016800014961C92149716961C921E9215971896F3
:101690001C921E92179783E090E01A969C938E936B
:1016A0001997D1C08EEE9AE111969C938E9385E0A6
:1016B00090E013969C938E93129782E014968C93ED
:1016C000149716961C921E92159780E291E0189638
:1016D0009C938E93179781E090E0DFCF80E698E1AE
:1016E00011969C938E9385E090E013969C938E9335
:1016F000129783E0E3CF82ED95E111969C938E9350
:1017000085E090E013969C938E931297D7CF84E058
:1017100095E111969C938E9383E090E013969C93B1
:101720008E93129787E014968C93149716961C92BA
:101730001E92159780E590E0CACF85E293E111965D
:101740009C938E9381E090E013969C938E931297D6
:1017500028E014962C93149716961C921E921597B7
:1017600020E330E018963C932E93179796CF87EAA4
:1017700099E111969C938E9385E090E013969C934B
:101780008E9312978BE09ACF88E693E111969C9303
:101790008E9383E090E013969C938E9312978CE047
:1017A000C2CF89E197E111969C938E9385E090E0FA
:1017B00013969C938E9312978EE080CF80E29CE0EC
:1017C00011969C938E9313961C921E92129781E011
:1017D00014968C93149716961C921E92159780E877
:1017E00090E029C08BEB9CE111969C938E9313960D
:1017F0001C921E92129784E0EBCF8BE29FE1119630
:101800009C938E9313961C921E92129786E0E0CFC3
:1018100088EB9CE011969C938E9313961C921E92DB
:10182000129789E014968C93149716961C921E9228
:10183000159780EC90E018969C938E9317971A96C4
:101840001C921E921997CD01089584E79DE111968F
:101850009C938E9313961C921E9212978AE0E2CF6D
:101860008AEE99E011969C938E9313961C921E9289
:1018700012978DE0ADCF8DE994E111969C938E93F4
:1018800083E090E013969C938E9312978FE04BCF5A
:101890000F94A84C0F931F93CF93DF9300D01F9208
:1018A000CDB7DEB7982F803108F0ECC0E82FF0E01C
:1018B0008827E25AF34F8E4F0D948A4C9402A60566
:1018C000B603D005AE038003E80450036002E402CF
:1018D0004203F4054605DE003C065A03603281E00F
:1018E000780708F421C190E0892F0F900F900F9096
:1018F0000F90DF91CF911F910F9108956032E1E039
:101900007E0788F780E698E111C16032F1E07F0739
:1019100050F782ED95E10AC16035710508F412C1F6
:10192000603A710508F424C1603F7105E0F620EAD1
:1019300030E08BE695E10AC16033710508F42CC1F3
:101940006036710508F443C16039710508F444C17B
:10195000603C710508F445C1603F710508F446C15B
:10196000603281E0780708F446C16035E1E07E0727
:1019700008F446C16038F1E07F0708F0B4CF80E595
:1019800091E040E551E10CC1603281E0780708F058
:10199000AACF87EA99E1CAC06035710508F4EDC0A5
:1019A000603A710508F4EEC0683B710508F09BCF02
:1019B000605A710989E291E19A8389837C836B8300
:1019C0006031710508F487C06431710508F47EC088
:1019D0000E9499D78B01CE0101960E9475E05EC0EE
:1019E0006032E1E07E0708F07ECF89E197E19EC09A
:1019F0006038710508F077CF30E020E080E29CE0AD
:101A0000621B730B860F971FFC0190816DCF6038AE
:101A1000710508F068CF30E020E08BEB9CE1F0CF5F
:101A20006038710508F05FCF30E020E08BE29FE185
:101A3000E7CF603C710508F056CF30E020E088EB3E
:101A40009CE0DECF603C710508F04DCF30E020E037
:101A500084E79DE1D5CF6038710508F044CF30E0D0
:101A600020E08AEE99E0CCCF6035710508F48FC094
:101A70006F3F710511F008F036CF20E530E08CE5BE
:101A80009BE0BECF0F94A84C2A32310570F00E9423
:101A900099D78B01CE0101960E940BE1FC01808158
:101AA0009181F8011995982F1FCFCE0101960E94C0
:101AB00056E1FC01808191810F900F900F900F9063
:101AC000DF91CF911F910F910C94B3D7CE01019666
:101AD0000E94C0E0EECFE62FE370EA5FEE0FE61B58
:101AE000F0E0E75DFE4E71C06834710540F00E9481
:101AF00099D78B01CE0101960E9448E0CFCFCE014D
:101B000001960E941BE0D5CF6031714040F00E94E9
:101B100099D78B01CE0101960E943BDFBFCFCE014A
:101B200001960E9486DFC5CF8EEE9AE19A83898363
:101B30007C836B836F3F710509F030F7E62FEF7000
:101B4000E85810C030E020E084E095E1621B730BA0
:101B50009A8389837C836B836034710528F6E62F32
:101B6000E770E45EEE0FE61BE80FF92FF11D2DC0C4
:101B700020E530E086E394E1E9CF30E020E088E63C
:101B800093E1E4CF20E530E08FEC93E1DFCF30E06C
:101B900020E08DE994E1DACF90E080E045E253E186
:101BA0009B01281B390B5A8349833C832B832432A6
:101BB000310508F069CF822F66E00F947E4C915F6B
:101BC000990F921B490F511DFA0197818DCE80E329
:101BD00090E042EE52E1E4CF80E690E04FE952E13E
:101BE000DFCF80E990E04CE552E1DACF80EC90E085
:101BF00049E152E1D5CF80EF90E046ED51E1D0CF01
:101C000080E291E043E951E1CBCF0F931F93CF9353
:101C1000DF9300D01F92CDB7DEB7142F803108F0CC
:101C2000EEC0E82FF0E08827E75EF14F8E4F0D946D
:101C30008A4C7005D601A40360059E05CE003E01C6
:101C40005C026A04740216036A058A05B204CC00B9
:101C5000A402603281E0780708F436C10F900F903B
:101C60000F900F90DF91CF911F910F9108956032E7
:101C7000E1E07E0798F780E698E128C16032F1E064
:101C80007F0760F782ED95E121C16035710508F4A9
:101C900029C1603A710508F43CC1603F7105F0F656
:101CA00020EA30E08BE695E121C16033710508F44C
:101CB00044C16036710508F45BC16039710508F4F0
:101CC0005CC1603C710508F45DC1603F710508F4BA
:101CD0005EC1603281E0780708F45EC16035E1E002
:101CE0007E0708F45EC16038F1E07F0708F0B6CFE8
:101CF00080E591E040E551E124C1603281E0780760
:101D000008F0ACCF87EA99E1E1C06035710508F4CD
:101D100005C1603A710508F406C1683B710508F019
:101D20009DCF605A710989E291E19A8389837C830E
:101D30006B836031710508F48EC06431710508F45D
:101D400081C00E9499D7BC01812FFB0119958C019C
:101D5000CE0101960E9475E062C06032E1E07E072C
:101D600008F07CCF89E197E1B1C06038710508F0D7
:101D700075CF30E020E080E29CE0621B730B860FA1
:101D8000971FFC0110836ACF6038710508F066CF99
:101D900030E020E08BEB9CE1F0CF6038710508F07B
:101DA0005DCF30E020E08BE29FE1E7CF603C710542
:101DB00008F054CF30E020E088EB9CE0DECF603CC0
:101DC000710508F04BCF30E020E084E79DE1D5CFEE
:101DD0006038710508F042CF30E020E08AEE99E0EB
:101DE000CCCF6035710508F4A3C06F3F710511F0C9
:101DF00008F034CF20E530E08CE59BE0BECF0F94B7
:101E0000A84C2A323105A8F00E9499D7BC01812F35
:101E1000FB0119958C01CE0101960E940BE1FC019A
:101E200011830083E981FA818FEF9FE79383828397
:101E300015CF812F0E94AED78C01CE0101960E9452
:101E400056E1EDCF842F0E94AED78C01CE010196D2
:101E50000E94C0E0E4CFE62FE370EA5FEE0FE61BDE
:101E6000F0E0E75DFE4E82C06834710560F00E94CC
:101E700099D7BC01812FFB0119958C01CE010196E8
:101E80000E9448E0CCCF812F0E94AED78C01CE01BA
:101E900001960E941BE0C3CF6031714060F00E9448
:101EA00099D7BC01812FFB0119958C01CE010196B8
:101EB0000E943BDFB4CF812F0E94AED78C01CE01B0
:101EC00001960E9486DFABCF8EEE9AE19A838983DA
:101ED0007C836B836F3F710509F0F0F6E62FEF709E
:101EE000E85811C030E020E084E095E1621B730BFC
:101EF0009A8389837C836B836034710508F0B4CF47
:101F0000E62FE770E45EEE0FE61BE80FF92FF11DF8
:101F10002DC020E530E086E394E1E8CF30E020E01A
:101F200088E693E1E3CF20E530E08FEC93E1DECF6C
:101F300030E020E08DE994E1D9CF90E080E045E207
:101F400053E19B01281B390B5A8349833C832B8324
:101F50002432310508F055CF822F66E00F947E4C75
:101F6000915F990F921B490F511DFA0117835ACFA8
:101F700080E390E042EE52E1E4CF80E690E04FE96A
:101F800052E1DFCF80E990E04CE552E1DACF80EC1E
:101F900090E049E152E1D5CF80EF90E046ED51E18C
:101FA000D0CF80E291E043E951E1CBCF2F923F9235
:101FB0004F925F926F927F928F929F92AF92BF9259
:101FC000CF92DF92EF92FF920F931F93CF93DF9305
:101FD000CDB7DEB765970FB6F894DEBF0FBECDBFA5
:101FE0000E9441DA823019F587E599E19A83898365
:101FF00087E598E19C838B8380E18D8310E1E98103
:10200000FA812D812E0F3F2F311DE217F30721F0AA
:102010008081885D8193F9CFCE0101960E945A4C50
:10202000115069F70E94D1ED83E00E9483EE0E9477
:1020300041DA8330E9F480912A0D807F80932A0D64
:1020400080E091E090932C0D80932B0D80E591E042
:1020500090932E0D80932D0D8091C21C8F3F19F40B
:102060008AE08093C21C0E94D1ED84E00E9483EE3E
:102070000E9441DA8430D9F41092741D88E2809372
:10208000751D86E48093761D84E68093771D80918C
:102090002E0C8C598093781D8093791D80937A1D26
:1020A00080937B1D0E94D1ED85E00E9483EE0E940B
:1020B00041DA853079F50EEA17E0C8010F94542C07
:1020C000980120583F4F3A832983682FCE0101960B
:1020D0000E94E2ED015011090E3283E0180769F702
:1020E0000EE613E0C8010F94542C9801205C3F4F7A
:1020F0003A832983682FCE0101960E94E2ED0150B8
:1021000011090E3092E0190769F786E00E9483EE0C
:102110000E9498E90E9441DA8630D1F40CED17E074
:10212000C8010F94542C98012E5A3F4F3A832983AB
:10213000682FCE0101960E94E2ED015011090B3C7F
:10214000A5E01A0769F787E00E9483EE0E9498E9EC
:102150000E9441DA873009F06BC01092941D2091E3
:10216000210C022E000C330B30939B1D20939A1DE3
:102170001092A61D8091590C8F73882E8093AC1DF0
:102180001092B21D90905B0C9092B81DE5E9FDE1B4
:102190008091220C90E0821B930B44E1489F300118
:1021A000499F700C11248CE99DE19D8B8C8B809153
:1021B0005A0C8819990B489F2001499F500C1124F3
:1021C00080915C0C8919990B489F1001499F300C34
:1021D0001124810172016301A4E6AA2EB12C41935E
:1021E000418B458FC601B5010F94B44B620F731F2D
:1021F000AC89BD896D937D93BD8BAC8BC701B50157
:102200000F94B44B680D678BC801B5010F94B44BA4
:10221000690D63A34C5EC60CD71CE40CF51C020DC3
:10222000131D4837E1F60E94D1ED88E00E9483EE4D
:102230000E9441DA8830E9F48091460C82FB8827BD
:1022400080F99091450C987F982B9093450C82953E
:10225000807F90913A0C9F78892B80933A0C8091E3
:10226000C71C81608093C71C0E94D1ED89E00E9449
:1022700083EE0E9441DA8930F9F4E9EBFCE0119237
:10228000BCE0E93CFB07D9F782E38093FB1C84EBBD
:102290008093FC1C8093FD1C80E88093FE1C80933F
:1022A000FF1C84E18093001D80E48093011D0E9447
:1022B000D1ED8AE00E9483EE0E9441DA282F8A3015
:1022C00009F07EC08091470C65E00F947E4C8093AE
:1022D000730C8093740C8093750C8093760C109221
:1022E000770C88E28093780C36E43093790C94E68E
:1022F00090937A0C8091220C8093670C8093680CE9
:102300008093690C80936A0C20936B0C20936C0C67
:1023100020936D0C20936E0C10926F0C84E18093CF
:10232000700C8CE38093710C20E52093720C10925A
:10233000021D2EE12093031D8093041D3093051D83
:1023400085E58093061D9093071D1092081D10923D
:10235000091D10920A1D10920B1D10920C1D109257
:102360000D1D8091310C873018F083E08093310C83
:102370008091230C8C7F8093230C8091330C80936D
:10238000320C8BE48093121D8093131D8093141DD7
:102390008093151D87E080930E1D8CE080930F1DA8
:1023A00084E18093101D88E28093111D8091EE1DC1
:1023B000877C8093EE1D0E94D1ED8BE00E9483EE1E
:1023C0000E9441DA8B30B9F41092161D8091460CB0
:1023D0008B7F8093460C8091EE1D87708093EE1D5D
:1023E00088E59BE19093F01D8093EF1D0E94D1ED55
:1023F0008CE00E9483EE0E9441DA8C3009F05BC0D1
:102400008091230C8B7F8093230C90E59093171D74
:1024100085E58093181D8AE58093191D8FE58093CB
:102420001A1D84E680931B1D29E620931C1D2EE6B1
:1024300020931D1D23E720931E1D80931F1D809355
:10244000201D8093211D8093221D8093231D809346
:10245000241D8093251D8093261D80917C0C8C7FEC
:1024600080937C0C85E080937E0C84E180937D0CCE
:102470008EE18093271D88E28093281D82E380935C
:10248000291D8CE380932A1D86E480932B1D909355
:102490002C1D8FE080932D1D80932E1D80932F1D6A
:1024A0008093301D8093311D8093321D0E94D1EDA9
:1024B0008DE00E9483EE0E9441DA8D3009F091C0D8
:1024C0008091781D25E0622F0F947E4C8093781DBB
:1024D0008091791D0F947E4C8093791D80917A1D97
:1024E0000F947E4C80937A1D80917B1D0F947E4CBF
:1024F00080937B1D80913C0C90913D0C90933F0C00
:1025000080933E0C9093410C8093400C9093430C2D
:102510008093420C20937F0C89E18093800C8DE2A4
:102520008093810C81E48093820C1092840C80E56E
:102530008093850CE8EBFDE18191DF011197885DC7
:102540008C938DE1EE3BF807B9F784E68093210C7C
:1025500098E29093220C8093470C8091601F883002
:1025600008F42CC18FEF8093601F8091611F883029
:1025700008F428C18FEF8093611F8091621F88301B
:1025800008F424C18FEF8093621F8091F31D88307F
:1025900008F420C18FEF8093F31D8091F41D8830E3
:1025A00008F41CC18FEF8093F41D8091F51D8830D5
:1025B00008F418C18FEF8093F51D81E08093FA1D18
:1025C0008093200C8091230C877F8093230C809133
:1025D000860C8C7F8093860C0E94D1ED8EE00E9449
:1025E00083EE0E9441DA8E3009F092C038E8832EE3
:1025F00039E0932E48E4A42E49E0B42E58E0C52ECD
:1026000059E0D52E68EC662E68E0762E72E9472EEA
:102610007DE0572EE8E82E2EE8E03E2EF12CE12C4E
:102620000FEF1DE0C8010F94542C90E0D4018D935E
:102630009D934D01F501E192F1925F01C801925025
:102640000F94542C90E0D6018D939D936D01F3016E
:10265000E192F1923F01C80194500F94542CD201A1
:102660008D932D01F101E192F1921F01005F1F4F47
:10267000F0E2EF0EF11C0F3F8FE0180799F60E9471
:1026800063EE8091FB1D897F8E7F8093FB1D1092EE
:102690000F1E8091101E8E7F8093101E8091111E40
:1026A0008E7F8093111E1092091EE3E1FEE180E00F
:1026B00098E2819395838E5C8C32D9F71092EC0965
:1026C0001092ED091092EE091092EF091092F009A4
:1026D0001092F1091092F2091092F30980913A0CCC
:1026E00086958170982F9295990F990F907C809183
:1026F000230C8F73892B8F7D8093230C1092980C61
:102700008AE08093200C0E94D1ED8FE00E9483EE3E
:102710000E9441DA8F3051F480912E1E877C809385
:102720002E1E0E94D1ED80E10E9483EE0E9441DACC
:10273000803119F506EB1BE0C801805791090F9411
:10274000542C1A830983682FCE0101960E94E2ED72
:102750000150110903319AE0190771F78091671F41
:102760008D7F8093671F8091660C8B7F8093660CB2
:102770000E94D1ED81E10E9483EE0E9441DA813115
:1027800009F088C085E794E19A83898385E394E121
:102790009C838B8388E08D83E981FA818B819C8186
:1027A000E817F90741F12D812E0F3F2F311DE21758
:1027B000F307E1F08081880F8193F9CF8295880F2C
:1027C000807ED1CE8295880F807ED5CE8295880F6F
:1027D000807ED9CE8295880F807EDDCE8295880F4F
:1027E000807EE1CE8295880F807EE5CECE01019677
:1027F0000E945A4CD1CF8091F21D880F8093F21D18
:1028000080911F1E880F80931F1E8091201E880FAD
:102810008093201E8091211E9091361D9E7F909363
:10282000361D8F7B8F778093211E8091391F86FF05
:1028300005C08091311F8C7F8093311F1092F81D4D
:1028400088EC8093F91D1092371D80917C0C982F95
:10285000990F907F8770892B80937C0C10929D0C30
:102860008091510D8F7C8093510D10920C0A109223
:102870000D0A10920E0A10920F0A1092100A10926E
:10288000110A1092120A1092130A0E94D1ED82E1ED
:102890000E9483EE0E9441DA823109F011C18091D9
:1028A000A31F86958170982F990F990F990F80918A
:1028B000660C877E892B8093660C80917E0C880F36
:1028C00080937E0C8091990C880F8093990C809155
:1028D000CD1C880F8093CD1C8091F91C880F8093AC
:1028E000F91C8091371F880F8093371F8091BE1D80
:1028F000880F8093BE1D80910A1E880F80930A1E48
:102900008091C21D880F8093C21D8091EE1D807C36
:10291000803851F48091EF1D9091F01D880F991F20
:102920009093F01D8093EF1D80912E1E982F907C28
:10293000903839F4982F990F90788F73892B809362
:102940002E1E8091450C8770813009F056C044E0FE
:1029500065E070E08EEE9AE10F94562C44E065E05D
:1029600070E082ED95E10F94562C44E061E070E058
:1029700085E293E10F94562C44E061E070E082EE32
:1029800092E10F94562C44E061E070E08FE992E10F
:102990000F94562C44E061E070E08CE592E10F94D6
:1029A000562C44E061E070E089E192E10F94562CEE
:1029B00044E061E070E086ED91E10F94562C44E034
:1029C00061E070E083E991E10F94562C44E061E00E
:1029D00070E080E591E10F94562C8091C71C8C71BA
:1029E000803159F4E4E7FDE12CE73DE18189880F6E
:1029F000818B31962E173F07C9F780913A0C80776B
:102A0000803139F444E065E070E080E698E10F94AD
:102A1000562C8091EE1D8770813039F444E065E0DA
:102A200070E087EA99E10F94562C80912E1E8770F2
:102A3000813039F444E065E070E089E197E10F947A
:102A4000562C42E063E070E084E095E10F94562C50
:102A50008091311F8C70843009F082C042E063E0C5
:102A600070E086E394E10F94562C42E063E070E05E
:102A70008FEC93E10F94562C10923A1D1092391D51
:102A800010925E0A10925F0A1092610A1092600A18
:102A90001092620A1092630A8091640A887F877F8D
:102AA0008093640A1092650A1092660A8091670A00
:102AB000807C8093670A0E94D1ED83E10E9483EEBF
:102AC0000E9441DA833109F0ABC08091361D982F06
:102AD00096959370923018F0897F8093361D80917F
:102AE000440C807F803451F49091460C9073809117
:102AF000361D897F9033E9F58093361D80915E0DF8
:102B00008C7F816080935E0D8091391F8F7B8093D5
:102B1000391F8091361D8F788093361D10925D0B82
:102B200080915C0B8E7F80935C0B8CED94E1988B95
:102B30008F878CE994E19A8B898B88E08B8B14E6E4
:102B4000EF85F88989899A89E817F907C9F08B898F
:102B50008E0F9F2F911DE817F90769F01193FBCF96
:102B600086E394E10F946E228FEC93E10F946E2232
:102B700083CF8260C1CFCE010F960E945A4CE0CF26
:102B800084EE94E10E9488D9288739874A875B8739
:102B90006C877D878E870CED15E0E985FA858B853E
:102BA0009C85E817F90749F011830083CE01089648
:102BB0000E94714C0C501E4FF0CF84EF94E10E94A4
:102BC0005AD929833A834B835C836D837E838F83B9
:102BD00002E810E0EA81FB818C819D81E817F9070A
:102BE00049F011830083CE0101960E94714C065F6B
:102BF0001F4FF0CF8091710D8C7F8093710D8AE50E
:102C00008093720D88E28093730D80EA8093740D37
:102C10008EE08093750D0E94D1ED84E10E9483EED9
:102C20000E9441DA8431F1F584E08093350C82E032
:102C30008093360C84E680939F0CEAEEF9E022EF55
:102C400039E0828999EE980F993D10F48F5F828B5D
:102C5000828993EA980F933910F48F5F828B828D6B
:102C600099EE980F993D10F48F5F828F828D93EAD1
:102C7000980F933910F48F5F828F31962E173F078C
:102C800001F780915F0B8E7F80935F0B1092321E55
:102C90008091510D8F778093510D0E94D1ED85E188
:102CA0000E9483EE0E9441DA853111F582EE809315
:102CB0006E0B8CEE80936F0B86EF8093700B8BEF17
:102CC0008093710B82E38093720B81E48093730B8A
:102CD00080E58093740B8FE58093750B8091F81CD1
:102CE00086958093F81C0E94D1ED86E10E9483EEC8
:102CF0000E9441DA863109F03FC08091091E869515
:102D00008F738230B0F0E4E3F3E1E590F49010E0EB
:102D100000E00E151F0569F0B8018CE00F944A0C15
:102D2000482F440FB8018CE00F94050E0F5F1F4F22
:102D3000F0CF88E08093690A84E08093680A8091EC
:102D40006F0D8E7F80936F0D8AE080936C0D84E60B
:102D500080936D0D84E180936E0D8FEF8093280D2D
:102D60001092290D80919E0C837F80939E0C0E946F
:102D7000D1ED87E10E9483EE0E9441DA8731F1F5BF
:102D80008091D01D8C7F8093D01D90919E0C90FFE0
:102D900006C08091361D8F7880618093361D91FF2B
:102DA00006C08091361D8F7880628093361D8FEF2C
:102DB0008093331E82E38093490C86E980934A0C0A
:102DC00080918F1D90918E1D90938F1D90918D1DE0
:102DD00090938E1D80938D1D8091941DE4E9FDE1FB
:102DE0002EEB3DE1918191932E173F07D9F7809308
:102DF000BE1D0E94D1ED88E10E9483EE0E9441DA5F
:102E000081508E3FE0F080E092E090932C0D809313
:102E10002B0D1092EC091092ED091092EE09109210
:102E2000EF091092F0091092F1091092F209109234
:102E3000F3098BE48093381D88E10E9483EE0E94A1
:102E400041DA893118F088E10E9483EE65960FB669
:102E5000F894DEBF0FBECDBFDF91CF911F910F91D0
:102E6000FF90EF90DF90CF90BF90AF909F908F90AA
:102E70007F906F905F904F903F902F9008958F922A
:102E80009F92AF92BF92CF92DF92EF92FF920F93F9
:102E90001F93CF93DF93CDB7DEB76B970FB6F89440
:102EA000DEBF0FBECDBF182F682FCE0101960F9445
:102EB0001D0B4CEA50E070E060E09E01245F3F4F44
:102EC000CE0101960F9427216B017C01BE016F5F3B
:102ED0007F4FCE0141960F94F6078BE0FE0171966D
:102EE000DE01119601900D928A95E1F78A859B8506
:102EF000039761F09EE9892E91E0992EB12CA12CC7
:102F00009E01245F3F4FB501A401DACFE12FF0E02D
:102F1000EE0FFF1FE45EFC4E0591149188859985A4
:102F2000081B190B188A0115110579F020E041E002
:102F300050E0BE01605F7F4FCE010C960F947F1B67
:102F40006B017C0101501109EECFC701B6016095FC
:102F50007095809590956B960FB6F894DEBF0FBE76
:102F6000CDBFDF91CF911F910F91FF90EF90DF9038
:102F7000CF90BF90AF909F908F9008954F925F92A7
:102F80006F927F92AF92BF92CF92DF92EF92FF92B9
:102F90000F931F93CF93DF93CDB7DEB7A7970FB6ED
:102FA000F894DEBF0FBECDBF29A33AA34BA35CA309
:102FB0006DA37EA38FA3270138018EA19FA10E943C
:102FC00006E58E010F5F1F4F58017B01EAA1FBA1AF
:102FD0008CA19DA18E179F0761F080819181F701DF
:102FE0001995F80181938F01CE0181960E94714C51
:102FF000EDCFA016B10651F0A8014A195B0920E0F7
:10300000B501C6010F947F1B2B013C01C301B20126
:10301000A7960FB6F894DEBF0FBECDBFDF91CF915C
:103020001F910F91FF90EF90DF90CF90BF90AF90E6
:103030007F906F905F904F9008951092E01E909156
:10304000E0078091860C8370823040F08091E10728
:10305000891304C080912A0B83FF32C08091460CF3
:1030600081FF08C08091DF07891304C080912A0B7B
:1030700083FF26C080E0923051F081E0933039F038
:103080008EEE890F843008F042C087E1891B0F94CF
:10309000E4284091DE0750E060910C0270910D022F
:1030A0009091E00780E0923049F081E0933031F078
:1030B0008EEE890F843068F587E1891B0F94132900
:1030C0009091DD0780E0923049F081E0933031F05B
:1030D0008EEE890F8430F8F487E1891B0F94E42881
:1030E0004091DC0750E060910A0270910B029091D0
:1030F000DD0780E0923049F081E0933031F08EEED0
:10310000890F843050F487E1891B0D9413298FEFC8
:10311000BECF8FEFD3CF8FEFE1CF8FEFF6CF84E02D
:103120008093E01E1092DF1E80917F1E8F7B809324
:103130007F1E10921D0C10921C0C9091E007809144
:10314000860C8370823040F08091E107891304C0BF
:1031500080912A0B83FF2EC08091460C81FF08C00E
:103160008091DF07891304C080912A0B83FF22C05E
:1031700080E0923049F081E0933031F08EEE890F9B
:103180008430E0F587E1891B0F94E4289091E007F3
:1031900080E0923049F081E0933031F08EEE890F7B
:1031A000843070F587E1891B41E050E06DE578E1FE
:1031B0000F9413299091DD0780E0923049F081E06F
:1031C000933031F08EEE890F8430E0F487E1891B73
:1031D0000F94E4289091DD0780E0923049F081E07F
:1031E000933031F08EEE890F843070F487E1891BC3
:1031F00041E050E06EE178E10D9413298FEFC4CFE8
:103200008FEFD2CF8FEFE4CF8FEFF2CF1092E01E8F
:103210009091DB0780E0923051F081E0933039F0FB
:103220008EEE890F843008F042C087E1891B0F942D
:10323000E4284091DA0750E0609108027091090299
:103240009091DB0780E0923049F081E0933031F0DB
:103250008EEE890F843068F587E1891B0F9413295E
:103260009091DD0780E0923049F081E0933031F0B9
:103270008EEE890F8430F8F487E1891B0F94E428DF
:103280004091DC0750E060910A0270910B0290912E
:10329000DD0780E0923049F081E0933031F08EEE2E
:1032A000890F843050F487E1891B0D9413298FEF27
:1032B000BECF8FEFD3CF8FEFE1CF8FEFF6CF83E08D
:1032C0008093E01E1092DF1E80917F1E8F7B809383
:1032D0007F1E10921D0C10921C0C9091DB0780E059
:1032E000923049F081E0933031F08EEE890F8430D6
:1032F000E0F587E1891B0F94E4289091DB0780E0DB
:10330000923049F081E0933031F08EEE890F8430B5
:1033100070F587E1891B41E050E06CE978E10F949A
:1033200013299091DD0780E0923049F081E09330DD
:1033300031F08EEE890F8430E0F487E1891B0F9421
:10334000E4289091DD0780E0923049F081E09330ED
:1033500031F08EEE890F843070F487E1891B41E0F3
:1033600050E06EE178E10D9413298FEFC4CF8FEF19
:10337000D2CF8FEFE4CF8FEFF2CF1092E01E90917B
:10338000DB0780E0923051F081E0933039F08EEE2F
:10339000890F843008F05CC087E1891B0F94E42812
:1033A0004091DA0750E06091080270910902909113
:1033B000DB0780E0923051F081E0933039F08EEEFF
:1033C000890F843008F046C087E1891B0F941329C8
:1033D0008091860C83709091E007823040F080915C
:1033E000E107891304C080912A0B83FF39C08091C3
:1033F000460C81FF08C08091DF07891304C08091CB
:103400002A0B83FF2DC080E0923049F081E0933099
:1034100031F08EEE890F8430F8F487E1891B0F9428
:10342000E4284091DE0750E060910C0270910D029B
:103430009091E00780E0923049F081E0933031F0E4
:103440008EEE890F843050F487E1891B0D94132987
:103450008FEFA4CF8FEFBACF8FEFE1CF8FEFF6CF03
:10346000089582E08093E01E1092DF1E80917F1EFF
:103470008F7B80937F1E10921D0C10921C0C9091DC
:10348000DB0780E0923051F081E0933039F08EEE2E
:10349000890F843008F056C087E1891B0F94E42817
:1034A0009091DB0780E0923051F081E0933039F069
:1034B0008EEE890F843008F047C087E1891B41E018
:1034C00050E06CE978E10F9413298091860C8370A9
:1034D0009091E007823040F08091E107891304C0A9
:1034E00080912A0B83FF36C08091460C81FF08C073
:1034F0008091DF07891304C080912A0B83FF2AC0C3
:1035000080E0923049F081E0933031F08EEE890F07
:103510008430E0F487E1891B0F94E4289091E00760
:1035200080E0923049F081E0933031F08EEE890FE7
:10353000843070F487E1891B41E050E06DE578E16B
:103540000D9413298FEFAACF8FEFB9CF8FEFE4CF70
:103550008FEFF2CF08951092DF1E9091DB0780E08D
:10356000923051F081E0933039F08EEE890F843043
:1035700008F04FC087E1891B0F94E4284091DA07D7
:1035800050E060910802709109029091DB0780E0A1
:10359000923049F081E0933031F08EEE890F843023
:1035A000D0F587E1891B0F9413298091860C8370D5
:1035B0009091E007823040F08091E107891304C0C8
:1035C00080912A0B83FF2DC080E0923049F081E08A
:1035D000933031F08EEE890F8430F8F487E1891B47
:1035E0000F94E4284091DE0750E060910C02709146
:1035F0000D029091E00780E0923049F081E0933035
:1036000031F08EEE890F843050F487E1891B0D94E0
:1036100013298FEFB1CF8FEFC6CF8FEFE1CF8FEFB1
:10362000F6CF089581E08093DF1E1092E01E809116
:103630007F1E8F7B80937F1E10921D0C10921C0C9E
:103640009091DB0780E0923051F081E0933039F0C7
:103650008EEE890F843008F049C087E1891B0F94F2
:10366000E4289091DB0780E0923049F081E09330CC
:1036700031F08EEE890F8430D8F587E1891B41E067
:1036800050E06CE978E10F9413298091860C8370E7
:103690009091E007823040F08091E107891304C0E7
:1036A00080912A0B83FF2AC080E0923049F081E0AC
:1036B000933031F08EEE890F8430E0F487E1891B7E
:1036C0000F94E4289091E00780E0923049F081E087
:1036D000933031F08EEE890F843070F487E1891BCE
:1036E00041E050E06DE578E10D9413298FEFB7CFFD
:1036F0008FEFC5CF8FEFE4CF8FEFF2CF08954F92CA
:103700005F926F927F928F929F92AF92BF92EF9251
:10371000FF920F931F93CF93DF937C01E62F372FF8
:10372000DC016D917D918D919C91AE2FB32FFD01A8
:10373000ED01C370DD27CD2BF1F04115510509F4E2
:10374000D6C1472E582E692E772411968080912C51
:103750008626F401EE0FFF1FEE0FFF1FEF59FC4E00
:103760006591759185919491642575258625972598
:1037700041505109DCCF8A01ED010031110598F566
:103780008A01E4E016950795EA95E1F7E801F4E08F
:10379000CC0FDD1FFA95E1F7CA0FDB1F30EF3003C6
:1037A000F001319FF00D11244E0F5F1F4C0F5D1F74
:1037B000C417D50709F49BC1472E582E692E7724CC
:1037C0008990912C8626F401EE0FFF1FEE0FFF1F4C
:1037D000EF59FC4E659175918591949164257525FD
:1037E00086259725E5CF0051110988809980AA8008
:1037F000BB80682579258A259B25872E982EA92EA2
:10380000BB24772788279927FB01EE0FFF1FEE0FB8
:10381000FF1FEF59FC4E459055906590749084249D
:103820009524A624B724492C5A2C6B2C7724992450
:10383000AA24BB24F401EE0FFF1FEE0FFF1FEF5968
:10384000FC4E85909590A590B490482459246A2404
:103850007B24BB24A72C962C852C55246624772406
:10386000F201EE0FFF1FEE0FFF1FEF59FC4E4590C8
:1038700055906590749084249524A624B724492CEF
:103880005A2C6B2C77249924AA24BB24F401EE0F24
:10389000FF1FEE0FFF1FEF59FC4E85909590A590EE
:1038A000B4906C817D818E819F8186269726A82683
:1038B000B92684249524A624B724492C5A2C6B2C91
:1038C00077249924AA24BB24F401EE0FFF1FEE0FE6
:1038D000FF1FEF59FC4E85909590A590B490482419
:1038E00059246A247B24BB24A72C962C852C552490
:1038F00066247724F201EE0FFF1FEE0FFF1FEF5932
:10390000FC4E4590559065907490482459246A2443
:103910007B24BB24A72C962C852C55246624772445
:10392000F201EE0FFF1FEE0FFF1FEF59FC4E459007
:1039300055906590749084249524A624B724492C2E
:103940005A2C6B2C77249924AA24BB24F401EE0F63
:10395000FF1FEE0FFF1FEF59FC4E85909590A5902D
:10396000B490688579858A859B8586269726A826C2
:10397000B92684249524A624B724492C5A2C6B2CD0
:1039800077249924AA24BB24F401EE0FFF1FEE0F25
:10399000FF1FEF59FC4E85909590A590B490482458
:1039A00059246A247B24BB24A72C962C852C5524CF
:1039B00066247724F201EE0FFF1FEE0FFF1FEF5971
:1039C000FC4E4590559065907490482459246A2483
:1039D0007B24BB24A72C962C852C55246624772485
:1039E000F201EE0FFF1FEE0FFF1FEF59FC4E459047
:1039F00055906590749084249524A624B724492C6E
:103A00005A2C6B2C77249924AA24BB24F401EE0FA2
:103A1000FF1FEE0FFF1FEF59FC4E85909590A5906C
:103A2000B4906C857D858E859F8586269726A826F1
:103A3000B92684249524A624B724492C5A2C6B2C0F
:103A400077249924AA24BB24F401EE0FFF1FEE0F64
:103A5000FF1FEF59FC4E85909590A590B490482497
:103A600059246A247B24BB24A72C962C852C55240E
:103A700066247724F201EE0FFF1FEE0FFF1FEF59B0
:103A8000FC4E4590559065907490482459246A24C2
:103A90007B24BB24A72C962C852C552466247724C4
:103AA000F201EE0FFF1FEE0FFF1FEF59FC4E459086
:103AB00055906590749084249524A624B724992762
:103AC0008B2D7A2D692D9924AA24BB24F401EE0FA5
:103AD000FF1FEE0FFF1FEF59FC4E85909590A590AC
:103AE000B490682579258A259B25609646CE2223A9
:103AF00021F06095709580959095F70160837183B2
:103B000082839383DF91CF911F910F91FF90EF906C
:103B1000BF90AF909F908F907F906F905F904F90ED
:103B200008958250823108F05FC0E82FF0E08827C6
:103B3000E356F24E8E4F0D948A4CDE025602F40488
:103B400050062E06B8035A0548020C020401CA03A7
:103B5000FA0238059204B803AA04E6017E028091B5
:103B600080008F77809380000895809180008F7D02
:103B7000F9CF80918000877FF5CF8091B0008F775B
:103B80008093B00008958091B0008F7DF9CF80912F
:103B900090008F77809390000895809190008F7DA2
:103BA000F9CF80919000877FF5CF8091A0008F772B
:103BB0008093A00008958091A0008F7DF9CF80911F
:103BC000A000877FF5CF809120018F77809320011F
:103BD0000895809120018F7DF9CF80912001877F0A
:103BE000F5CF84B58F7784BD089584B58F7DFBCFE5
:103BF0000895AF92BF92CF92DF92EF92FF920F9310
:103C00001F93CF93DF936C017B018B01040F151F72
:103C1000EB015E01AE18BF08C017D10759F06991DA
:103C2000D601ED91FC910190F081E02DC60119952E
:103C3000892B79F7C501DF91CF911F910F91FF90EB
:103C4000EF90DF90CF90BF90AF900895FC01538D1F
:103C5000448D252F30E0842F90E0821B930B541766
:103C600010F0CF96089501970895FC01918D828DF3
:103C7000981761F0A28DAE0FBF2FB11D5D968C918C
:103C8000928D9F5F9F73928F90E008958FEF9FEFCB
:103C90000895FC01918D828D981731F0828DE80F87
:103CA000F11D858D90E008958FEF9FEF0895FC0141
:103CB000918D228D892F90E0805C9F4F821B91090E
:103CC0008F73992708958AEB9EE00F94571E21E089
:103CD000892B09F420E0822F089587E59FE00F9457
:103CE000571E21E0892B09F420E0822F0895FC0162
:103CF000A48DA80FB92FB11DA35ABF4F2C91848D4D
:103D000090E001968F739927848FA689B7892C93A9
:103D1000A089B1898C91837080648C93938D848DFC
:103D2000981306C00288F389E02D80818F7D8083FF
:103D30000895EF92FF920F931F93CF93DF93EC01BF
:103D400081E0888F9B8D8C8D98131AC0E889F98942
:103D5000808185FF15C09FB7F894EE89FF89608345
:103D6000E889F98980818370806480839FBF81E0C6
:103D700090E0DF91CF911F910F91FF90EF90089508
:103D8000F62E0B8D10E00F5F1F4F0F731127E02EE3
:103D90008C8D8E110CC00FB607FCFACFE889F9891B
:103DA000808185FFF5CFCE010F94771EF1CFEB8D8B
:103DB000EC0FFD2FF11DE35AFF4FF0829FB7F894EF
:103DC0000B8FEA89FB8980818062CFCFCF93DF930D
:103DD000EC01888D8823B9F0AA89BB89E889F98923
:103DE0008C9185FD03C0808186FD0DC00FB607FC58
:103DF000F7CF8C9185FFF2CF808185FFEDCFCE018B
:103E00000F94771EE9CFDF91CF91089580E090E085
:103E1000892B29F00F946D1E81110E94000080E013
:103E200090E0892B49F080E090E0892B29F00E94F6
:103E3000000081110E94000080E090E0892B49F091
:103E400080E090E0892B29F00E94000081110E94FF
:103E5000000080E090E0892B29F00F94631E81110F
:103E60000C9400000895CF92DF92EF92FF92CC2441
:103E7000CA94DC2C7601FC01C082D182E282F382FA
:103E8000FF90EF90DF90CF900D947F1B0F931F93C7
:103E9000CF9382389105B0F5A82F30E020E045E2BD
:103EA00050E0BA0176956795620F731FFB01E45CE1
:103EB000FC4EE491AE1718F04F5F5F4F9B01569593
:103EC00047954130510569F78C01F901E45CFC4EDE
:103ED000E491AE1313C00E94B772C82FC8010196B7
:103EE0000E94B772982F8C2F0650110902301105CD
:103EF00008F48897CF911F910F9108950E94B7728F
:103F000090E0F2CF8F3E910599F480916B0A9091E9
:103F10006C0AA0916D0AB0916E0A811520E8920793
:103F2000A105B10538F780E090E8A0E0B0E0E2CF6D
:103F30008FEF9FEFDFCFEF92FF920F931F93CF93FF
:103F4000DF93EC018FEF840FE22FF0E0EE0FFF1F05
:103F5000E60FF71FA881B981028113810A171B0799
:103F600034F4E080F180EA16FB060CF04DC08217B5
:103F700041F0E480F580EA16FB061CF40A171B07E3
:103F800064F4211113C0FB0120813181A217B30712
:103F9000DCF03983288380E002C081E0820FDF916A
:103FA000CF911F910F91FF90EF90089500811181A3
:103FB0000A171B0744F732970190F081E02DEA17AA
:103FC000FB070CF38FEFEACFE42FF0E0EE0FFF1FBB
:103FD000E60FF71F2081318190E02A173B071CF084
:103FE00039832883DCCF8917D1F2FB012281338109
:103FF0002A173B072CF4208131812A173B0734F420
:104000009F5F6E5F7F4FEFCF822FC9CF892FC7CFC2
:10401000CF92DF92EF92FF920F931F93CF93DF9394
:10402000EC018B01FA017901888199818617970744
:1040300059F48A819B818417950731F48C819D8185
:104040008217930709F447C019830883FB83EA8327
:10405000FD82EC826EA17FA188EE93E00F94C84BA5
:104060006B0185E0000F111F8A95E1F71F830E8316
:10407000BF0195E0660F771F9A95E1F7072E000CB8
:10408000880B990B960150E040E00F940B4C398758
:10409000288745E0EE0CFF1C4A95E1F7EC9CC00137
:1040A000ED9C900DFC9C900D11249B878A876C855C
:1040B0007D856130710579F41195019511091F8392
:1040C0000E833195219531093987288791958195FE
:1040D00091099B878A87DF91CF911F910F91FF9064
:1040E000EF90DF90CF9008959091FE1E981308C036
:1040F0009091FF1E961304C09091001F941789F1B0
:104100008093FE1E6093FF1E4093001F90E09093EB
:10411000021F8093011F70E07093041F6093031FC0
:1041200050E05093061F4093051F2091071F3091C8
:10413000081F21303105A9F491958195910990933B
:10414000021F8093011F7195619571097093041F7F
:104150006093031F5195419551095093061F409359
:10416000051F0895EF92FF920F931F93CF93DF9354
:1041700000D01F92CDB7DEB78C017B018617970761
:1041800058F4681B790B8E54924F0E944F4D080FC4
:10419000191F0E151F0528F1C701049608171907E6
:1041A00000F521E0A70162EB7DE08EE79CE10F9432
:1041B000331F98012E193F0979010E94834D6983AD
:1041C0007A838B839C8364E070E06E197F0981E0C1
:1041D00090E08C0F9D1F8E0D9F1D0E944F4D080F6C
:1041E000191FC8010F900F900F900F90DF91CF9182
:1041F0001F910F91FF90EF900895EF92FF920F9310
:104200001F93CF93DF931F921F92CDB7DEB782E942
:10421000E82E8DE0F82E0FED1EE01A830983F701DA
:1042200061917F01CE0101960E94E2ED0F5F1F4F69
:104230000F3FFEE01F0789F782E99DE00F900F9086
:10424000DF91CF911F910F91FF90EF9008954F92C2
:104250005F926F927F928F929F92AF92BF92CF9216
:10426000DF92EF92FF920F931F93CF93DF93CDB71F
:10427000DEB7AB970FB6F894DEBF0FBECDBF5C01C3
:104280006A017B014901DC0119968D919C91813075
:104290009105B1F128F0029709F4C4C00F94A84C1D
:1042A000FA01CB0195958795880D991D60FF08C08F
:1042B000FC0120813181C20ED31ED601ED91FC910B
:1042C000D50117964D915C9118976D917C9120E0E6
:1042D0001995AB960FB6F894DEBF0FBECDBFDF9138
:1042E000CF911F910F91FF90EF90DF90CF90BF90F3
:1042F000AF909F908F907F906F905F904F900895B8
:10430000F50162817381808191810E940DE72D8F7B
:104310003E8F4F8F58A369A385E0FE017D96DE0195
:10432000979601900D928A95E1F785E0FE01B79688
:10433000DE01929601900D928A95E1F76AA17BA128
:104340004EA150E0F601C70195958795880D991DFE
:10435000E0FE08C0DC012D913C91C20ED31ED601B7
:10436000ED91FC9120E019952B013C01CE01829644
:104370000E945A4C6AA17BA18CA19DA16817790764
:1043800039F04EA150E020E0C4010F947F1BECCF28
:10439000F50162817381808191810E9478E6298391
:1043A0003A834B835C836D837E838F8387E0FE013A
:1043B0003196DE01569601900D928A95E1F76401DF
:1043C000830172012E893F89488D598D6A8D7B8DBD
:1043D0008C8D0F94BE172B013C01D50112966D9167
:1043E0007C9113978D919C910E94C8E5288739870D
:1043F0004A875B876C877D878E8787E0FE013896CA
:10440000DE011F9601900D928A95E1F783017201FA
:104410002F85388949895A896B897C898D890F94C0
:10442000BE1757CFF501E780F084198260E070E095
:10443000CB01E114F10409F44CCF20E041E050E05D
:10444000BE016F5F7F4FC4010F947F1BF1E0EF1A35
:10445000F108EFCFE0915D1CF0915E1C80819181AD
:10446000A281B3818093651C9093661CA093671C06
:10447000B093681CE0915B1CF0915C1C4081518101
:10448000628173814093691C50936A1C60936B1C1A
:1044900070936C1C4091751C5091761C6091771C38
:1044A0007091781C481759076A077B074CF44093B2
:1044B000651C5093661C6093671C7093681C0DC04C
:1044C0004091711C5091721C6091731C7091741C0E
:1044D00084179507A607B70754F30895CF93DF9382
:1044E00000D000D01F92CDB7DEB763E070E00E942D
:1044F000C8E529833A834B835C836D837E838F83F6
:10450000EA81FB818C819D81E817F90769F0808140
:10451000918197FD01969595879591838083CE0132
:1045200001960E94714CECCF27960FB6F894DEBF2F
:104530000FBECDBFDF91CF9108954091A01E509145
:10454000A11E6091A21E7091A31EECE7FDE04587BD
:1045500021E030E0358B248BDC012D913C911197CB
:1045600040E026873787408B12968D919C91A0E082
:10457000818B928BA38B0895CF93DF93282F30E00C
:10458000F901E55AF74E8491F901EB5FF74ED491AA
:10459000F901E155F84EC491CC23A1F081110F949B
:1045A000911DEC2FF0E0EE0FFF1FEB56F84EA5919A
:1045B000B491EC91ED2381E090E009F480E0DF918B
:1045C000CF91089580E090E0FACF1F93CF93DF93CF
:1045D000282F30E0F901E55AF74E8491F901EB5F9D
:1045E000F74ED491F901E155F84EC491CC23A9F0CE
:1045F000162F81110F94911DEC2FF0E0EE0FFF1F8D
:10460000E558F84EA591B4918FB7F894EC9111113B
:1046100008C0D095DE23DC938FBFDF91CF911F912F
:104620000895DE2BF8CF2F923F924F925F926F92B8
:104630007F928F929F92AF92BF92CF92DF92EF9232
:10464000FF920F931F93CF93DF9382EEE82E89E0C2
:10465000F82E0AEE19E02801D0E0C0E0812C912C60
:104660005401839466246394712C80916A0A90E0CB
:104670000C2E02C0969587950A94E2F780FF8AC1B6
:10468000F8012289203F08F1205F90E080E0293086
:1046900050F48091AB1F90E002C0969587952A95C3
:1046A000E2F781709927F20142A953A99E01245C87
:1046B000354F6901F9012081277061F43324339467
:1046C00084179507B1F0312C14C0822F90E00F941D
:1046D000461FE9CF213031F43324339484179507F2
:1046E00041F4F1CF223091F5332433944817590720
:1046F00054F7F6018081829586958695837009F43A
:1047000065C0F801828D893F08F060C0803F08F4E1
:1047100041C02091AB1F30E0805F02C036952795E5
:104720008A95E2F721703327F201EE5BFF4F40815B
:104730005181F6019081969596959695977079F5A9
:1047400091E024173507C1F190E036C0233031F4F1
:10475000332433948417950764F6B5CF243031F4AD
:10476000332433948417950724F2ADCF253039F4E0
:1047700033243394481759070CF0BBCFA4CF26300D
:1047800009F0AACF8423952333243394892B09F08D
:10479000B0CF99CF90E00F94461F9C01C5CF9130C8
:1047A00021F42417350741F4CFCF923009F070C0BF
:1047B00091E04217530744F6F60180818295869571
:1047C00086958370813009F086C039228091EB098B
:1047D00090E00C2E02C0969587950A94E2F79E0110
:1047E0002652364F690180FFBAC0F80122A133205A
:1047F00009F47AC0222329F0F7018081821708F09A
:10480000FBC0F80192859F3F09F4F8C0F601808152
:10481000891708F4EEC06091EA0970E00C2E02C01E
:10482000769567950A94E2F76B0121E0C222DD24B8
:104830008091FB1E90E00C2E02C0969587950A94FD
:10484000E2F780FF09C0F7018081F80192A1891782
:1048500018F48F5FF7018083F801828187FD82C0A1
:1048600060957095617077270F94E522CD2809F443
:1048700086C0D501C4010C2E04C0880F991FAA1F41
:10488000BB1F0A94D2F780959091FB1E892380C0AC
:10489000933031F491E0241735070CF08DCF54CFCD
:1048A000943031F491E0241735070CF485CF4CCFC8
:1048B000953031F491E0421753070CF07DCF44CF8F
:1048C000963039F42423352391E0232B09F074CF5B
:1048D0003BCF91E066CF823011F4392A77CF833015
:1048E00009F074CF392672CF8091FB1E90E00C2E18
:1048F00002C0969587950A94E2F7F70180FF2DC0D4
:104900002083F7018081F80192A1891708F4B0C0D3
:104910008091EA0990E00C2E02C0969587950A9442
:10492000E2F7282F2170222EF801828187FD69C0CD
:10493000622F63250F94E522231070C0D501C401B6
:104940000C2E04C0880F991FAA1FBB1F0A94D2F710
:1049500080959091FB1E89236AC01082D2CF3110BE
:1049600050CFCFCF2091AB1FCD28A1F5C3010C2E86
:1049700001C0880F0A94EAF7822B8093AB1F8091C5
:10498000FB1E93010C2E01C0220F0A94EAF7822B22
:104990008093FB1E2196FFEFEF1AFF0A0F5F1F4F58
:1049A00022E0420E511CC830D10509F05ECEDF91E5
:1049B000CF911F910F91FF90EF90DF90CF90BF901C
:1049C000AF909F908F907F906F905F904F903F90AF
:1049D0002F900895D501C4010C2E04C0880F991F93
:1049E000AA1FBB1F0A94D2F7809582238093AB1F26
:1049F00040CF8F5F8083CECF312C83CF332433944D
:104A000080CF2091AB1F231421F1C3010C2E01C0D4
:104A1000880F0A94EAF7822B8093AB1F8091FB1ECC
:104A200093010C2E01C0220F0A94EAF7822B809387
:104A3000FB1E8091EB0990E00C2E02C096958795A5
:104A40000A94E2F780FD02C0F7011082F60110829D
:104A5000A1CFD501C4010C2E04C0880F991FAA1F35
:104A6000BB1F0A94D2F7809582238093AB1F66CF39
:104A70008F5FF7018083EACFCF93DF9390E0FC0153
:104A8000EB5FF74E24918155984EFC018491882369
:104A9000C9F090E0880F991FFC01EF59F84EA591DD
:104AA000B491FC01E558F84EC591D49161110DC047
:104AB0009FB7F8948C91209582238C93888128232A
:104AC00028839FBFDF91CF910895623051F49FB743
:104AD000F8943C91822F809583238C93E8812E2B30
:104AE000EFCF8FB7F894EC912E2B2C938FBFEACF9A
:104AF000803120F0853308F485E3865320917B00D4
:104B0000982F9870277F922B90937B0087708064FA
:104B100080937C0080917A00806480937A008091F9
:104B20007A0086FDFCCF80917800909179000895FD
:104B30003FB7F8948091C31F9091C41FA091C51FE7
:104B4000B091C61F26B5A89B05C02F3F19F001964E
:104B5000A11DB11D3FBFBA2FA92F982F8827BC01D7
:104B6000CD01620F711D811D911D42E0660F771FFF
:104B7000881F991F4A95D1F70895CF92DF92EF923F
:104B8000FF920F9498256B017C010F9498256C1966
:104B90007D098E099F09683E734081059105A8F340
:104BA000FF90EF90DF90CF9008952FB7F894609129
:104BB000BF1F7091C01F8091C11F9091C21F2FBF56
:104BC00008953F924F925F926F927F928F929F9241
:104BD000AF92BF92CF92DF92EF92FF920F931F930B
:104BE000CF93DF93CDB7DEB766970FB6F894DEBFED
:104BF0000FBECDBFDC01D0963C9031101AC0312CD5
:104C0000832D66960FB6F894DEBF0FBECDBFDF9141
:104C1000CF911F910F91FF90EF90DF90CF90BF90B9
:104C2000AF909F908F907F906F905F904F903F904C
:104C300008954A015B019E878D870F94D5256D836A
:104C40007E838F839887ED85FE8584899589A689E3
:104C5000B7894D815E816F817885481B590B6A0B3E
:104C60007B0B86A197A1B0E0A0E0481759076A071F
:104C70007B0728F20684F785E02D40805180628012
:104C8000738014141504160417040CF0B8CFAD8506
:104C9000BE855296ED91FC915397C080D180E28001
:104CA000F380C418D508E608F7085C960D911D91AD
:104CB0002D913C915F9709871A872B873C87950137
:104CC00084014AE0000F111F221F331F4A95D1F7BC
:104CD00009831A832B833C8318960D90BC91A02DD9
:104CE000ED85FE8584A495A4A6A4B7A4109709F425
:104CF000BEC0A70196010F94354C008D118D228DF9
:104D0000338D060F171F281F391F0B8B1C8B2D8B04
:104D10003E8B008F118F228F338FB501A401098143
:104D20001A812B813C81401B510B620B730B068156
:104D300017818B899C89AD89BE89481759076A07F5
:104D40007B070CF06DC0408F518F628F738FD8013D
:104D5000A70196010F94354CED85FE85C08CD18C52
:104D6000E28CF38CC60ED71EE81EF91EED85FE857B
:104D7000A285B3851097B9F0A301920169857A8560
:104D80008B859C85261B370B480B590B0F94354C94
:104D900022E095958795779567952A95D1F7C61A5C
:104DA000D70AE80AF90A09811A812B813C81C00ED1
:104DB000D11EE21EF31E8C149D04AE04BF047CF0D1
:104DC000AD85BE8598968D909D90AD90BC909B973B
:104DD0008C149D04AE04BF0414F446015701AD8544
:104DE000BE855096ED91FC9151978AE0B594A794B9
:104DF000979487948A95D1F780829182A282B38218
:104E0000FD01448E558E668E778E0D811E812F8119
:104E1000388554960D931D932D933C935797F0CE60
:104E2000AD85BE8598962D913D914D915C919B9756
:104E300069817A818B819C81261B370B480B590B2A
:104E40002F87388B498B5A8B8B899C89AD89BE897A
:104E500082179307A407B5070CF079CFAD85BE85FF
:104E600058962D933D934D935C935B9770CFED8552
:104E7000FE85A681B781A70196010F94354C6B0181
:104E80007C0174CF1F920F920FB60F9211242F93B3
:104E90003F938F939F93AF93BF938091BF1F909148
:104EA000C01FA091C11FB091C21F3091BE1F23E04F
:104EB000230F2D3768F126E8230F0296A11DB11D9F
:104EC0002093BE1F8093BF1F9093C01FA093C11F4C
:104ED000B093C21F8091C31F9091C41FA091C51FA2
:104EE000B091C61F0196A11DB11D8093C31F909361
:104EF000C41FA093C51FB093C61FBF91AF919F91D0
:104F00008F913F912F910F900FBE0F901F9018958A
:104F10000196A11DB11DD4CF1F920F920FB60F9213
:104F200011240BB60F922F933F934F935F936F9380
:104F30007F938F939F93AF93BF93EF93FF93E091F2
:104F40001C02F0911D021995FF91EF91BF91AF9155
:104F50009F918F917F916F915F914F913F912F9191
:104F60000F900BBE0F900FBE0F901F9018951F92C1
:104F70000F920FB60F9211240BB60F922F933F93FF
:104F80004F935F936F937F938F939F93AF93BF9351
:104F9000EF93FF93E0911A02F0911B021995FF9194
:104FA000EF91BF91AF919F918F917F916F915F91A1
:104FB0004F913F912F910F900BBE0F900FBE0F900E
:104FC0001F9018951F920F920FB60F9211240BB6D7
:104FD0000F922F933F934F935F936F937F938F9392
:104FE0009F93AF93BF93EF93FF93E0911002F091E3
:104FF00011021995FF91EF91BF91AF919F918F9100
:105000007F916F915F914F913F912F910F900BBEC8
:105010000F900FBE0F901F9018951F920F920FB612
:105020000F9211240BB60F922F933F934F935F93E0
:105030006F937F938F939F93AF93BF93EF93FF9360
:10504000E0910E02F0910F021995FF91EF91BF913F
:10505000AF919F918F917F916F915F914F913F9110
:105060002F910F900BBE0F900FBE0F901F901895B1
:105070001F920F920FB60F9211240BB60F922F931F
:105080003F934F935F936F937F938F939F93AF93D0
:10509000BF93EF93FF93E0911802F09119021995D5
:1050A000FF91EF91BF91AF919F918F917F916F9100
:1050B0005F914F913F912F910F900BBE0F900FBEBC
:1050C0000F901F9018951F920F920FB60F921124F8
:1050D0000BB60F922F933F934F935F936F937F93F2
:1050E0008F939F93AF93BF93EF93FF93E09116023B
:1050F000F09117021995FF91EF91BF91AF919F9198
:105100008F917F916F915F914F913F912F910F9070
:105110000BBE0F900FBE0F901F9018951F920F920D
:105120000FB60F9211240BB60F922F933F934F930C
:105130005F936F937F938F939F93AF93BF93EF93FF
:10514000FF93E0911402F09115021995FF91EF91F0
:10515000BF91AF919F918F917F916F915F914F918F
:105160003F912F910F900BBE0F900FBE0F901F908D
:1051700018951F920F920FB60F9211240BB60F9233
:105180002F933F934F935F936F937F938F939F934F
:10519000AF93BF93EF93FF93E0911202F09113024C
:1051A0001995FF91EF91BF91AF919F918F917F9151
:1051B0006F915F914F913F912F910F900BBE0F9088
:1051C0000FBE0F901F9018958830F0F4282F30E014
:1051D0008150873000F5E82FF0E08827ED50F74D3B
:1051E0008E4F0D948A4C72023C02FA007400BE018C
:1051F0002C06E403E898220F331FF901E25FFD4F0C
:1052000080E396E0918380830895E998F4CFEA984B
:10521000F2CFEB98F0CFEC98EECFED98ECCFEE9884
:10522000EACFEF98E8CF883008F076C0E82FF0E0BA
:10523000EE0FFF1FE25FFD4F718360838150873067
:1052400008F03DC0E82FF0E08827E65DF64D8E4F70
:105250000D948A4CFC052804D804AC01D2007403D8
:10526000B400809169008C7F482B40936900E89AD4
:10527000089580916900837F440F551F440F551F87
:10528000482B40936900E99A0895809169008F7CCA
:1052900074E0440F551F7A95E1F7482B409369005D
:1052A000EA9A0895809169008F7366E0440F551F54
:1052B0006A95E1F7482B40936900EB9A0895809135
:1052C0006A008C7F482B40936A00EC9A0895809185
:1052D0006A00837F440F551F440F551F482B40938E
:1052E0006A00ED9A089580916A008F7C24E0440F53
:1052F000551F2A95E1F7482B40936A00EE9A0895CE
:1053000080916A008F7396E0440F551F9A95E1F7DC
:10531000482B40936A00EF9A0895FB01019000200A
:10532000E9F73197AF01461B570BDC01ED91FC917A
:105330000280F381E02D19948F929F92AF92BF92D9
:10534000EF92FF920F931F93CF93DF93CDB7DEB70A
:10535000A1970FB6F894DEBF0FBECDBF7C01FA0156
:10536000CB0119A2223008F42AE08E010F5D1F4FF5
:10537000822E912CB12CA12CBF01A50194010F9478
:105380003D4CF901CA016A300CF5605DD8016E939D
:105390008D01232B242B252B79F790E080E01097AB
:1053A00021F0BD01C7010F948D29A1960FB6F89485
:1053B000DEBF0FBECDBFDF91CF911F910F91FF9048
:1053C000EF90BF90AF909F908F900895695CDECF73
:1053D00062E872E00D948D290F931F93CF93DF93B2
:1053E000EC01462F50E070E060E02AE00F949C2929
:1053F0008C01CE010F94E829800F911FDF91CF918E
:105400001F910F9108950F931F93CF93DF93EC019A
:10541000AB0170E060E02AE00F949C298C01CE0182
:105420000F94E829800F911FDF91CF911F910F9169
:105430000895EF92FF920F931F93CF93DF938C0108
:105440007B01D0E0C0E0F701EC0FFD1F6491662303
:1054500061F0D801ED91FC910190F081E02DC8013F
:105460001995892B11F02196EECFCE01DF91CF91C6
:105470001F910F91FF90EF9008950F931F93CF937B
:10548000DF93EC010F94192A8C01CE010F94E829C7
:10549000800F911FDF91CF911F910F9108951F925F
:1054A0000F920FB60F9211240BB60F922F933F93CA
:1054B0004F935F936F937F938F939F93AF93BF931C
:1054C000EF93FF938AEB9EE00F94771EFF91EF918D
:1054D000BF91AF919F918F917F916F915F914F910C
:1054E0003F912F910F900BBE0F900FBE0F901F900A
:1054F00018951F920F920FB60F9211240BB60F92B0
:105500002F938F939F93EF93FF93E091CA0EF091A7
:10551000CB0E8081E091D00EF091D10E82FD1DC0A6
:1055200090818091D30E8F5F8F732091D40E82175C
:1055300041F0E091D30EF0E0E654F14F958F809367
:10554000D30EFF91EF919F918F912F910F900BBEF2
:105550000F900FBE0F901F9018958081F2CF1F9271
:105560000F920FB60F9211240BB60F922F933F9309
:105570004F935F936F937F938F939F93AF93BF935B
:10558000EF93FF9387E59FE00F94771EFF91EF91D4
:10559000BF91AF919F918F917F916F915F914F914B
:1055A0003F912F910F900BBE0F900FBE0F901F9049
:1055B00018951F920F920FB60F9211240BB60F92EF
:1055C0002F938F939F93EF93FF93E091670FF09149
:1055D000680F8081E0916D0FF0916E0F82FD1DC00C
:1055E00090818091700F8F5F8F732091710F821760
:1055F00041F0E091700FF0E0E95AF04F958F809301
:10560000700FFF91EF919F918F912F910F900BBE93
:105610000F900FBE0F901F9018958081F2CFFC0164
:1056200070E080A98823D1F0848595858617970737
:10563000A9F08681978191958195910997838683B9
:105640008085918591958195910991878087828543
:105650009385919581959109938782877587648752
:105660000895CF93DF93FC01A089B1898D919D911D
:105670000D90BC91A02D2AE0880F991FAA1FBB1F77
:105680002A95D1F7808F918FA28FB38FC685D7854A
:10569000488159816A817B81448F558F668F778FCE
:1056A000488159816A817B8140A351A362A373A37E
:1056B00044A555A566A577A5481759076A077B072E
:1056C0002CF4408F518F628F738F09C040A551A574
:1056D00062A573A584179507A607B70794F3DF9112
:1056E000CF910895CF93DF93EC0188A9811103C076
:1056F000CE010F94312B81E088ABDF91CF910895DB
:10570000CF92DF92EF92FF920F931F93FC0140170D
:105710005107620773070CF058C0DB01CA01072E5E
:105720007AE0880F991FAA1FBB1F7A95D1F7702DB9
:1057300080A791A7A2A7B3A7D901C801072E7AE035
:10574000880F991FAA1FBB1F7A95D1F7702D84A7C8
:1057500095A7A6A7B7A780A98823B9F1A089B18981
:10576000CD90DD90ED90FC9013970C151D052E0546
:105770003F05BCF40D931D932D933C931397408DDF
:10578000518D628D738D84A595A5A6A5B7A58417A7
:105790009507A607B70784F4808F918FA28FB38FE8
:1057A00014C0C416D506E606F7064CF74D935D9374
:1057B0006D937C931397E3CF80A591A5A2A5B3A584
:1057C000481759076A077B073CF31F910F91FF9019
:1057D000EF90DF90CF900895CF93DF93FC0126A147
:1057E00037A12617370711F1EC0177A366A32481AF
:1057F00035812F5F3F4F428153814F5F5F4F608103
:1058000071816F5F7F4F0F9408202C813D81215063
:1058100031094A815B814150510968817981615028
:105820007109CE01DF91CF910D940820DF91CF91C6
:105830000895803108F037C0E82FF0E08827EC5D4C
:10584000F34D8E4F0D948A4C5C01FA04F80350041A
:10585000B2032805A204E6058604F6016401780077
:105860001203DC010804DA0086E3089587E3089553
:1058700088E3089589E308958AE308958BE3089502
:105880008CE308958DE308958EE308958FE30895E2
:1058900080E4089581E4089582E4089583E40895FE
:1058A00084E4089585E408950D94F54B0F931F93B8
:1058B000CF93DF9300D000D01F92CDB7DEB7042F77
:1058C0000E94C8E529833A834B835C836D837E8382
:1058D0008F8310E0EA81FB818C819D818E179F0769
:1058E00081F020813181209FC001219F900D309F48
:1058F000900D112491838083CE0101960E94714CFA
:10590000E9CF27960FB6F894DEBF0FBECDBFDF916B
:10591000CF911F910F910895FC0181E080838183D5
:105920008091420290914302A0914402B0914502BD
:1059300082839383A483B5830895AF92CF92DF923D
:10594000EF92FF920F931F931092BD0E1092BC0E18
:1059500048EE53E060E070E04093BE0E5093BF0EFF
:105960006093C00E7093C10E89E692E09093BB0ED7
:105970008093BA0E25E331E03093C70E2093C60E14
:1059800024E331E03093C90E2093C80E20E331E0C8
:105990003093CB0E2093CA0E21E331E03093CD0E2D
:1059A0002093CC0E22E331E03093CF0E2093CE0E25
:1059B00026E331E03093D10E2093D00E1092D30E17
:1059C0001092D40E1092D50E1092D60E10925A0F3D
:1059D0001092590F40935B0F50935C0F60935D0FD3
:1059E00070935E0F9093580F8093570F85EC90E063
:1059F0009093640F8093630F84EC90E09093660F14
:105A00008093650F80EC90E09093680F8093670F10
:105A100081EC90E090936A0F8093690F82EC90E0A4
:105A200090936C0F80936B0F86EC90E090936E0FC9
:105A300080936D0F1092700F1092710F1092720F71
:105A40001092730F1092E71084E990E09093E910A0
:105A50008093E81028E930E03093EB102093EA10AF
:105A600023E538ED3093ED102093EC102EE638ED61
:105A70003093EF102093EE101092D0109093D2102C
:105A80008093D1102AE930E03093D4102093D310C2
:105A90002DE438ED3093D6102093D51027E638ED5D
:105AA0003093D8102093D7101092B9109093BB1058
:105AB0008093BA108CE990E09093BD108093BC1055
:105AC00087E498ED9093BF108093BE1080E698ED28
:105AD0009093C1108093C0101092A21084EA90E0BD
:105AE0009093A4108093A3102AEA30E03093A6107C
:105AF0002093A51021E438ED3093A8102093A7102F
:105B000029E538ED3093AA102093A91010928A103D
:105B100010928B1024E231E030938D1020938C1082
:105B200048E251E050938F1040938E1048E158EDB9
:105B300050939110409390104AE358ED5093931076
:105B40004093921010926A1010926B1030936D1067
:105B500020936C104AE251E050936F1040936E1006
:105B600042E158ED509371104093701043E358EDAB
:105B7000509373104093721010924A1010924B1071
:105B800030934D1020934C102CE231E030934F10A5
:105B900020934E102CE038ED30935110209350108C
:105BA0002CE238ED309353102093521010922A10AB
:105BB00010922B1090932D1080932C1028EA30E037
:105BC00030932F1020932E1026E038ED30933110B3
:105BD0002093301025E238ED3093331020933210AB
:105BE00010920A1010920B1090930D1080930C10CD
:105BF0008CEA90E090930F1080930E1080E098ED67
:105C000090931110809310108EE198ED90931310E3
:105C100080931210C090621FD12CE090611FF12C74
:105C20000091601F10E0A12C20EF30E144EF50E123
:105C300068E37EE188EF90E10F94734B8EEE9AE17A
:105C40000F948C2C87EA99E10F948C2C80E698E1D4
:105C50000F948C2C89E197E10F948C2C82ED95E1C7
:105C60000F948C2C8BE695E10F948C2C84E095E1BD
:105C70000F948C2C8DE994E10F948C2C86E394E1A5
:105C80000F948C2C8FEC93E10F948C2C88E693E18D
:105C90000F948C2C85E293E10F948C2C82EE92E190
:105CA0000F948C2C8FE992E10F948C2C8CE592E16F
:105CB0000F948C2C89E192E10F948C2C86ED91E16C
:105CC0000F948C2C83E991E10F948C2C80E591E169
:105CD0000F948C2C89E291E10F948C2C1092CB1EA6
:105CE00080E991E09093CD1E8093CC1E80912E1F71
:105CF00040912D1F00912C1F29E33CE130935E1C45
:105D000020935D1C2DE33CE130935C1C20935B1CD5
:105D100025E33CE13093601C20935F1C1092791CBA
:105D20001092711C1092721C1092731C1092741CB1
:105D300098E1C92E94EED92E93E0E92EF12CC09271
:105D4000751CD092761CE092771CF092781C24E6A9
:105D5000C22ED12CE12CF12CC0926D1CD0926E1C65
:105D6000E0926F1CF092701C21E030E030935A1CDE
:105D70002093591C10E030E020E00093411C109368
:105D8000421C2093431C3093441C50E070E060E0C0
:105D90004093451C5093461C6093471C7093481CCD
:105DA000C82ED12CF12CE12CC092491CD0924A1C57
:105DB000E0924B1CF0924C1C30952095109501956B
:105DC0001F4F2F4F3F4F00934D1C10934E1C20939D
:105DD0004F1C3093501C70956095509541955F4FC6
:105DE0006F4F7F4F4093511C5093521C6093531C34
:105DF0007093541C2AE0829FC0011124092E000CCC
:105E0000AA0BBB0BB095A095909581959F4FAF4F76
:105E1000BF4F8093551C9093561CA093571CB09372
:105E2000581C0F94D52500916D1C10916E1C20916B
:105E30006F1C3091701C601B710B820B930B609375
:105E4000611C7093621C8093631C9093641C40914E
:105E5000661F6091651F8091641F28EA3EE13093C0
:105E60000C1F20930B1F2EE33EE130930A1F20935B
:105E7000091F24EA3EE130930E1F20930D1F2EE8E8
:105E80003DE13093101F20930F1F2DE83DE130932B
:105E9000121F2093111F04E110E020E030E0009376
:105EA000231F1093241F2093251F3093261F00E5E6
:105EB00010E020E030E00093271F1093281F20936C
:105EC000291F30932A1F2091071F3091081F232B71
:105ED00009F12091011F3091021F3195219531095F
:105EE0003093021F2093011F2091031F3091041F44
:105EF0003195219531093093041F2093031F209180
:105F0000051F3091061F3195219531093093061FE9
:105F10002093051F1092081F1092071F0F947420E2
:105F20000F94D525E091111FF091121F2081621B63
:105F30007109810991096093131F7093141F809355
:105F4000151F9093161F1092171F1092181F109272
:105F5000191F10921A1FA090311FA4FAAA24A0F8AA
:105F6000C090F51DD12CE090F41DF12C0091F31D93
:105F700010E02BE33DE144EE5EE16FE37DE183E47D
:105F80009DE10F94734BA090361DA0FAAA24A0F8AF
:105F9000C090F51DD12CE090F41DF12C0091F31D63
:105FA00010E022E83CE147EF5EE166E87CE18AE848
:105FB0009CE10F94734B1F910F91FF90EF90DF9036
:105FC000CF90AF900895CF93DF9300D000D01F9271
:105FD0001F92CDB7DEB7789484B5836084BD85B554
:105FE000836085BD80916E00816080936E0082E049
:105FF00080938100809181008160809381008091F5
:1060000080008160809380008091B10084608093E3
:10601000B1008091B00081608093B00080919100C8
:1060200083608093910080919000816080939000C4
:106030008091A10083608093A1008091A000816085
:106040008093A00080912101836080932101809141
:10605000200181608093200187E880937A0010926C
:10606000C1008091341E8D7F8093341E0E940DBD2F
:1060700080917A0D90917B0D019649F080917A0D77
:1060800090917B0D019690937B0D80937A0D80917A
:10609000790D8093780D80911E0C90911F0C9C01BE
:1060A000215031092630310558F48330910509F427
:1060B00050C0A8F58130910509F453C00297B9F199
:1060C00087E59FE00F94571E181619063CF0809143
:1060D0001E0C90911F0C0797029710F40E94885E87
:1060E0008091B80C80FF6BC080917A0D90917B0DF0
:1060F0008F719927019709F054C08091B60C909147
:10610000B70CDC01ED91FC910084F185E02D19952F
:10611000181619060CF053C00E94FB6150C0843061
:106120009105D1F0059761F60E94A34DC9CF60910A
:10613000740A70E08091730A47EBE42E42E7F42E74
:106140000EE11CE027E53FE040E390E00E948E492D
:10615000B7CF0E94734EB4CF8091730A0E94FC485F
:10616000AFCF6091710A7091720A80916F0A90911D
:10617000700A0F94B2209093700A80936F0A209156
:10618000710A3091720A2C5F3F4F41E050E02817AE
:10619000390711F450E040E050931F0C40931E0C5F
:1061A0008FCF8091B60C9091B70CDC01ED91FC91F2
:1061B0000084F185E02D199581970CF09ECF0F9406
:1061C00098250091B20C1091B30C2091B40C309131
:1061D000B50C601771078207930740F41092AE0C5C
:1061E0001092AF0C1092B00C1092B10C0F94982535
:1061F0006093B20C7093B30C8093B40C9093B50C75
:106200000E94CA28882309F41BC1E0912802F0915A
:10621000290219959C01B0E0A0E08093381E90936C
:10622000391EA0933A1EB0933B1E9093361E809366
:10623000351EC29664E670E00F94C84B6093371E1B
:10624000232B79F09FB7F8948091AD0CE091AB0CC3
:10625000F091AC0C2081822B80839FBF81E08093E2
:10626000DB1E8091780D87FF07C08091790D8F77B5
:106270008093790D0E9476F48091780D86FF05C099
:106280008091790D8F7B8093790D8091780D85FFBA
:1062900005C08091790D8F7D8093790D8091780D67
:1062A00084FFAAC08091790D8F7E8093790D0E9422
:1062B000D86A80912B1F85FF55C18091391D885266
:1062C000990B2091531E3091541E281739070CF456
:1062D00049C18091841E80FF45C10E94BE648091A7
:1062E000211E86FD05C08091091E80FD0E949163DC
:1062F00081E00E94A2F380919E0C8C7009F061C035
:1063000080912B1F8C7009F461C11091FE1CE091EB
:106310005B1EF0915C1EFA83E9838091820A0E94E1
:1063200015F3412F50E020E031E0241B350BDC0158
:106330000F945F4C6B017C019A01A981BA810F9483
:106340005F4C6C0D7D1D8E1D9F1D672F782F892F33
:10635000992770935C1E60935B1E83E89AE00E940D
:10636000CDE88093511E20915D1E30915E1E3A83D0
:1063700029831091FE1C8091930A0E9415F3412FEE
:1063800050E020E031E0241B350BDC010F945F4C22
:106390006B017C019A01A981BA810F945F4C6C0D4D
:1063A0007D1D8E1D9F1D672F782F892F9927709334
:1063B0005E1E60935D1E83E89AE00E94CDE88093A4
:1063C000521E8091821E84FF17C080911E0C9091F6
:1063D0001F0C892B89F40F9498250091AE0C109115
:1063E000AF0C2091B00C3091B10C0617170728079D
:1063F000390710F40E94D1ED8091780D83FF69C1B7
:106400008091790D877F8093790D9091341E892F2B
:1064100092FB83F98093341E90915B1F8091671FDC
:1064200083FD02C096FFE5C08091940A97FFD5C016
:106430000F94BC2221E0892B09F0D5C020E0D3C005
:106440001092361E1092351E1092371E1092861E24
:106450001092851E10924E1E1092501E0E94B3285C
:106460008091341E8E7F8093341E8091811E8F7E9A
:106470008093811E1092951E1092A01E1092A11E54
:106480001092A21E1092A31E83E0EFE8FDE011928D
:106490008A95E9F786E0A9E8BDE01D928A95E9F7BB
:1064A00010924D1E10924C1E1092AA0C1092A90C24
:1064B0001092A80C1092A70C1092BD1F1092BC1F36
:1064C0008091341E84FF0FC09FB7F8948091AD0C6B
:1064D000E091AB0CF091AC0C2081809582238083FD
:1064E0009FBF1092DB1E8091671F81FF0E9410B931
:1064F0008091841E807C8093841E8091DF1E811198
:1065000006C08091E01E811102C00E9402A69FB7C2
:10651000F8948091A60CE091A40CF091A50C208138
:106520008095822380839FBF9FB7F8948091A30CAE
:10653000E091A10CF091A20C2081809582238083B0
:106540009FBF80916F008B7F80936F000E94AC6A29
:106550008091FA1C80FF85CE60E08091A00C0F94A2
:10656000E5227FCE8091091E80FD19C080916F00C9
:106570008B7F80936F001092F71E1092F81E10927E
:10658000F91E1092FA1E10927E0A10927F0A109243
:10659000800A1092810A10927D0A10927C0A109251
:1065A000E41E1092E51E1092E61E1092E71E109255
:1065B000780A1092790A10927A0A10927B0A109245
:1065C000770A1092760A1092750A89CE10925C1E94
:1065D00010925B1E1092511EC6CE0F94BC2221E079
:1065E000892B09F02BCF8091341E20FB82F98093F8
:1065F000341E8091341E82FB442740F982FF0AC07A
:1066000083FD08C08091351E9091361E90939E1E8A
:1066100080939D1E10929A1E8091801E8E7F809383
:10662000801E10929F1E80915B1F86FF94C04423A2
:1066300009F491C080916A1F34E6839FC001112440
:1066400020919D1E30919E1E2817390708F083C0A7
:106650009091451E8091BE1D981708F47CC08091D2
:10666000860C837051F02091331E8091EB1E909127
:10667000EC1E2817190609F100F180915E1F44E60F
:10668000849FC001112420913A0C23FF07C0209160
:106690006E0B5AE02502800D911D11242091351EAC
:1066A0003091361E8217930740F481E080939A1E42
:1066B0008091801E81608093801E80911C0C90913F
:1066C0001D0C8038910528F080917F1E8064809396
:1066D0007F1E8091780D82FFABC18091790D8B7FF9
:1066E0008093790D0F9413230E94EACF6091A40A3E
:1066F000662309F411C18091841E80FF5CC08091E3
:10670000A30A9091690B891708F451C081E0809326
:10671000A20A8091650B90E02091531E3091541E87
:106720007091FD1EAC0148525109421753070CF0FD
:1067300047C070627093FD1E8091FD1E2091451E22
:106740009091620B921708F042C088608093FD1E02
:106750001092990A47C08091671F83FFAECF4423F0
:1067600009F4ABCF80919D1E90919E1E20916A1FCF
:1067700064E6269F900111248217930708F49DCFA9
:1067800020913A0C23FF07C020916E0B7AE027027C
:10679000800D911D11242091351E3091361E8217D7
:1067A000930708F08ACF81E080939F1E86CF8F5F8A
:1067B0008093A30AAECF1092A30A1092A20AA9CF87
:1067C0008997281739070CF0B7CF7F7DB3CF83FFA8
:1067D000BFCF9091990A2091670B921788F1877F1C
:1067E0008093FD1E4091FD1E8091630BAAE08A9F5D
:1067F000C00111242091351E3091361E281739070B
:1068000030F09091371E8091640B8917E8F4446052
:106810004093FD1E1092980A8091A10A6623A1F16F
:10682000E091960AF091970A90915F0B92FF1AC03F
:1068300090812091950A922321E0D1F420E018C0A4
:106840009F5F9093990ACECF8091980A90916A0B9E
:10685000891720F04B7F4093FD1EDECF8F5F809322
:10686000980ADACF90812091950A922321E031F79E
:106870009091FD1E222339F1292F21602093FD1EC6
:106880002091A20A211123C09091FD1E9F7E90931A
:10689000FD1E8111A1C09FB7F89480915F0BE0911C
:1068A0009A0AF0919B0A81FFB3C080919C0A2081D3
:1068B000822B80838091FD1E8D7F8093FD1E9FBF64
:1068C00010929D0A29C09E7F9093FD1EDDCF292F37
:1068D0002C72D1F691619093FD1E811158C0809168
:1068E0009D0A9091680B891708F472C09FB7F894BD
:1068F00080915F0BE0919A0AF0919B0A81FF63C03F
:1069000080919C0A20818095822380838091FD1E46
:1069100082608093FD1E9FBF8091860C83708130C2
:1069200009F07CC06091870C7091880CE0919E0CFE
:10693000E295EF70F0E0EE0FFF1FE555F14E01908C
:10694000F081E02D6115710521F0CF010F94C84B46
:10695000FB014091890C50E0A091EB1EB091EC1E20
:106960009A010F945F4C6B017C0120E031E0241B05
:10697000350BDF010F945F4CC60ED71EE81EF91EC3
:10698000CD2CDE2CEF2CFF24DA82C98223C39FB7E3
:10699000F89480915F0BE0919E0AF0919F0A85FF29
:1069A0000DC08091A00A20818095822380838091F0
:1069B000FD1E80648093FD1E9FBF91CF8091A00A31
:1069C0002081822BF3CF80919C0A2081822B9DCF46
:1069D0008F5F80939D0AA0CF9FB7F89480915F0B43
:1069E000E0919E0AF0919F0A85FF0CC08091A00A59
:1069F0002081822B80838091FD1E8F7B8093FD1EE2
:106A00009FBF49CF8091A00A208180958223F2CF39
:106A100080919C0A2081809582234BCF823008F0A0
:106A200074C21092EC1E1092EB1E60E06093EE1E9A
:106A30008091780D81FF60C18091790D8D7F809369
:106A4000790D81E00E9422F38091591E90915A1E87
:106A50009A8389831091FD1C8091C60A0E9415F3C8
:106A6000412F50E020E031E0241B350BDC010F9476
:106A70005F4C6B017C019A01A981BA810F945F4C34
:106A80006C0D7D1D8E1D9F1D672F782F892F9927D7
:106A900070935A1E6093591E86EB9AE00E94CDE8CF
:106AA00088979093581E8093571E8091C80A0E9421
:106AB00015F345EF50E070E060E00E9464F3209130
:106AC000161D820F911D27FD9A958F83998397FF3D
:106AD00002C01F8219822091641E273338F5873443
:106AE000910524F18091351E9091361E892BF1F489
:106AF0008091961E8093C70A8091341E8F7E80936A
:106B0000341E9FB7F8948091AD0CE091AB0CF091DE
:106B1000AC0C2081822B80839FBF80919F1F877048
:106B20008450823018F481E00E94A4B94091FF1C87
:106B30002091641E50E030E0DA010F945F4C6B014D
:106B40007C0120E031E0241B350BAF81B9810F942B
:106B5000994CC60ED71EE81EF91ED092641E809175
:106B6000BF1D837009F0B5C21092D01E8091811EA6
:106B70008D7F8093811E8091BF1D837009F051C36A
:106B800080917C0C837021F480919F1F8770A9F005
:106B90006091531E7091541E685D7F4F8CE09CE0A5
:106BA0000E94CDE88093761E9091FD1E94FF05C053
:106BB00090916C0B890F8093761E8091FB1D80FF56
:106BC00035C00091FE1D10E09091FD1DA92F0A2EE9
:106BD000000CBB0BBA83A9838091D20A0E9415F3E3
:106BE000A80169817A810E9464F3AC012091EF1EB3
:106BF00030E0A6E9B0E00F945F4C6B017C012AE61F
:106C000030E0DA010F94A14C6C0D7D1D8E1D9F1D8F
:106C100020E031E040E050E00F940B4C8091FE1DED
:106C200090E0821793070CF49C0137FD20E020933D
:106C3000EF1E8091FB1D81FF35C00091001E10E00A
:106C4000B091FF1DEB2F0E2E000CFF0BFA83E98392
:106C50008091D30A0E9415F3A80169817A810E946C
:106C600064F3AC012091F01E30E0A6E9B0E00F948F
:106C70005F4C6B017C012AE630E0DA010F94A14CF5
:106C80006C0D7D1D8E1D9F1D20E031E040E050E029
:106C90000F940B4C8091001E90E0821793070CF428
:106CA0009C0137FD20E02093F01E80915B0B882330
:106CB00019F1E9EBEE2EECE0FE2E10E000E0D12C15
:106CC000D092CB1ED7018D917D01282F2C709091F1
:106CD000B80C243009F0FCC2392F3770333009F476
:106CE000BBC2373009F0B6C286FFB6C2D3940E5F7E
:106CF0001F4FB0E1DB12E4CF8091780D80FF4DC0D3
:106D00008091790D8E7F8093790D8091381F86FF59
:106D100020C3E0913C1EF0913D1EFA83E98310915F
:106D2000011D8091D40A0E9415F3412F50E020E00C
:106D300031E0241B350BDC010F945F4C6B017C01AF
:106D40009A01A981BA810F945F4CDC01CB018C0DB3
:106D50009D1DAE1DBF1D892F9A2FAB2FBB270E94F3
:106D60008EF38091091E80FF18C06091101E60FF95
:106D700014C08091821EF0915A0BF983661F66271A
:106D8000661F80FF07C08F2F0F94BC2261E0892B04
:106D900009F060E089810F94E52280919F1F877040
:106DA0009CEF980F923010F0873011F40E94EACFD8
:106DB0008091450C877009F0E0C280913E1E909151
:106DC0003F1E9093D41E8093D31E4091351E509148
:106DD000361E6091D31E7091D41E8EEE9AE10E94F1
:106DE0009AF280934F1E80934E1E80913A0C8077CA
:106DF00009F0EBC280913E1E90913F1E9093D81EE9
:106E00008093D71E4091351E5091361E6091D71E3B
:106E10007091D81E80E698E10E949AF288520E94F2
:106E2000443D8093661E8093651E8091811E8B7FFA
:106E30008093811E8091EE1D982F9873B9F0983041
:106E400009F0E6C20E9467F78093501E90914F1E92
:106E5000899FC001112464E670E00F94C84B6F3F16
:106E6000710511F008F0E5C260934E1E8091831EFB
:106E70008B7F8093831E80912E1E982F987361F1D3
:106E8000983009F037C38091831E84608093831EFD
:106E90000E9421F787FD2BC38093671E9091661E89
:106EA0008091671E9802C001112464E670E00F947F
:106EB000B44B603871050CF034C36093651E80914B
:106EC000651E9091450C93FD8091BD1C8093651EBD
:106ED0000E94293D8093651E8091341E80FD04C070
:106EE0008091811E84FF08C02091351E3091361E8E
:106EF0002115310509F073C38091811E80FF02C006
:106F00000D945E4B0F94061FB3C8C12CD12C760193
:106F1000198289810E94D0F2C60ED71EE81EF91E82
:106F2000B981BF5FB983B330A1F70F949825E09181
:106F3000B50A24E0E29FF0011124EB55F54F0081E2
:106F4000118122813381601B710B820B930B6134A1
:106F500072448F40910508F064CD4091EB1E509132
:106F6000EC1E5A8349831091890CC701B60123E0B6
:106F700030E040E050E00F943D4CA091870CB09180
:106F8000880C0F942A4C9B01AC0160E074EA83E901
:106F900096ED0F943D4C44275527E12FF0E0A0E0FB
:106FA000B1E0AE1BBF0B0F942A4C6B017C019F011B
:106FB000A981BA810F945F4CC60ED71EE81EF91E38
:106FC000CD2CDE2CEF2CFF2459EEC51653E0D50650
:106FD00008F4DACC69817A817093EC1E6093EB1E21
:106FE0006115710509F421CD4091351E5091361E71
:106FF0009B01A0E1B7E20F945F4C0E945AF42091EC
:107000008A0C30918B0CA9014A5051094817590735
:1070100038F4265F3F4F61E08217930708F406CDEE
:1070200020918C0C30918D0CA9014A5051094817C0
:10703000590738F4265F3F4F62E08217930708F440
:10704000F5CC20918E0C30918F0CA9014A5051093A
:107050004817590738F4265F3F4F63E082179307BC
:1070600008F4E4CC2091900C3091910CA9014A5085
:1070700051094817590738F4265F3F4F64E08217DB
:10708000930708F4D3CC2091920C3091930CA90172
:107090004A5051094817590738F4265F3F4F65E0B9
:1070A0008217930708F4C2CC6091EE1E2091940CD5
:1070B0003091950CA9014A5051094817590708F019
:1070C000B5CC265F3F4F8217930708F0AFCC66E040
:1070D000ADCCE091D00AF091D10A80819091CF0A95
:1070E00089239091C41D21E096FD92C0882309F464
:1070F0003BCD8091C01D8752990B4091531E5091FA
:10710000541E481759070CF42FCD9091451E8091BD
:10711000C21D891708F028CD9091511E8091C31D82
:10712000981708F021CD8091C11D90E0880F991F1C
:10713000092E000CAA0BBB0B40913E1E50913F1E26
:107140006091401E7091411E481759076A077B07DE
:107150000CF00ACDA091C51D94E6A99FD001112481
:107160004091C61D6091CB1D8091CC1D1092D01E08
:10717000E091351EF091361EAE17BF0708F04BC0E8
:10718000499FA0011124E417F50708F044C091E0DD
:107190009093D01E9091811E92609093811E3FB774
:1071A000F8944091CE0AE091CC0AF091CD0A9081FA
:1071B000942B90833FBF9091BF1D9370923069F5DF
:1071C0004091351E5091361E94E6699FB0011124FE
:1071D0006417750710F5899FC001112448175907D6
:1071E000E0F48091D01E8E5F8093D01E8091811E2E
:1071F00082608093811E9FB7F8948091CB0AE091C2
:10720000C90AF091CA0A2081822B80839FBFB8CC23
:107210008111AACC6ECF20E0CECF222309F4A4CCDA
:10722000AFCC9FB7F8948091CE0AE091CC0AF09150
:10723000CD0A20818095822380839FBF9FB7F894D9
:107240008091CB0AE091C90AF091CA0A2081809509
:107250008223DBCF3530C1F590FF48CDF801E854EB
:10726000F34F21893289377033953A83298360E857
:1072700072E08091B60C9091B70C0F948D2980919B
:10728000B60C9091B70CDC01ED91FC910190F0816E
:10729000E02D6D2D19958091B60C9091B70CDC0105
:1072A000ED91FC910190F081E02D6981199580911B
:1072B000B60C9091B70CDC01ED91FC910190F0813E
:1072C000E02D6A81199512CD363011F487FD0ECD6F
:1072D000592F517090FD04C0392F3670363011F49B
:1072E000283079F0492F4770443021F4382F33701B
:1072F000323039F0392F357099F4682F637062306D
:1073000079F4F701E958FF4F80818F730F94192C9E
:107310000E9415F3F801E555F14E91838083E6CC88
:10732000511103C09670963011F42C3031F0443076
:1073300069F48370833009F0D9CCF701E957FF4F26
:1073400080818F738F5F0F94BC22E4CF3111CECC3C
:10735000F0CF8091351E9091361E892B09F001CD1A
:107360000F949825605472448F4091090E94CA2856
:107370008111F7CC0E942CF4F4CC813031F480914F
:10738000451E90E0880F991F1CCD40913E1E5091E4
:107390003F1E6091401E7091411E823089F424E6A8
:1073A000249FC001259F900D11246091421E709171
:1073B000431E0F94C84B7093D41E6093D31E05CD0B
:1073C0005093D41E4093D31E00CD803131F4809170
:1073D000451E90E0880F991F11CD8091450C877054
:1073E000823009F00FCD20913E1E30913F1E44E6C1
:1073F000429FC001439F900D11246091421E7091E5
:10740000431E0F94C84B7093D81E6093D71EFACCBE
:10741000903199F40E9467F78093501E90914F1E0F
:10742000492F480F5527551F890F4F3F510511F020
:1074300008F08FEF80934E1E19CD983109F042C0AD
:10744000807CB1F42091351E3091361E8091EF1D65
:107450009091F01D8217930708F008CD8091811E4E
:1074600084608093811E0E9467F78093501EE2CF54
:107470008034A9F48091EF1D9091F01DB0E0A0E060
:1074800040913E1E50913F1E6091401E7091411EE2
:1074900084179507A607B7070CF0E8CCDFCF20913B
:1074A000451E803829F0803C09F0E0CC2091791EFF
:1074B0008091EF1D9091F01D2817190609F008F42E
:1074C000D5CCCCCF903209F0D1CC8091D50A0F9495
:1074D000BC222091F11D26FB222720F92B831C8240
:1074E0006B817C818617970709F0C0CCB7CF1092CB
:1074F000671ED4CC9031C9F48091831E8460809340
:10750000831E0E9421F78093671E2091661E082E1D
:10751000000C990B820F911D27FD9A9580389105DB
:107520000CF08FE78093651ECACC983109F042C0F9
:10753000807CB1F42091351E3091361E80912F1E33
:107540009091301E8217930708F0B9CC8091831E6A
:1075500084608093831E0E9421F78093671EE2CF90
:107560008034A9F480912F1E9091301EB0E0A0E0ED
:1075700040913E1E50913F1E6091401E7091411EF1
:1075800084179507A607B7070CF099CCDFCF209199
:10759000451E803829F0803C09F091CC2091791E5D
:1075A00080912F1E9091301E2817190609F008F4BB
:1075B00086CCCCCF903209F082CC8091D60A0F9441
:1075C000BC222091311E26FB222720F92D831E820A
:1075D000AD81BE818A179B0709F071CCB7CF80912E
:1075E000CC1E9091CD1E4091841E8217930708F007
:1075F000DFC041FDCFC041604093841E8091660C86
:1076000087FF07C14091351E5091361E6091D31EF1
:107610007091D41E82ED95E10E949AF28093751EBE
:107620000E9462407C019093691E8093681EE091E5
:10763000550BF091560BFA83E98380903E1E909093
:107640003F1EA090401EB090411E2090530B3090E2
:10765000540B80914E1EF0E88F9FC0011124C296FA
:1076600064E670E00F94C84B9B017090230C472D8B
:10767000407C642E50E84513DDC0C4019695982FD8
:10768000882797958795C29664E670E00F94C84B5B
:107690006B0180913A0C782F7470472E82FFDAC00C
:1076A00080912B1F8C70883009F0D4C09091951E6A
:1076B0008091351F891708F0CDC08091511EA0E838
:1076C0008A9FC00111246091751E70E00F94C84B11
:1076D0008B015090660C57FE0EC041100CC080917B
:1076E000520CB0E88B9FC00111246091751E70E0B0
:1076F0000F94C84B8B01D1010F94A14C0E947CF2D6
:107700004B015C01662049F0D601AC019B010F944E
:107710002A4C0E947CF24B015C01442011F40D9430
:107720006D4B80912B1F8C70883079F49091951E51
:107730008091351F891748F4D801A50194010F9451
:107740002A4C0E947CF24B015C01B70190E080E082
:10775000E114E2E0FE0608F080C0969587957795E3
:107760006795212D2795982F872F362FB9016E5CAD
:107770007F4F8F4F9F4F24E630E040E050E00F9462
:107780003D4CC501B4010F946E4C0E947CF26B011C
:107790007C0198C04D7F41604093841E8091FA1C0B
:1077A00080FF2CCF61E08091A00C0F94E52226CFC2
:1077B00040FF05C00F972817390708F01FCF4E7FED
:1077C00042604093841E1092951E8091FA1C80FFA7
:1077D00005C060E08091A00C0F94E5228091660CBA
:1077E00081FD0CCF9FB7F8948091A31FE091570BB8
:1077F000F091580B80FF07C08091590B2081822B9C
:1078000080839FBFFBCE8091590B2081809582237E
:10781000F7CF80912B1F8C7051F09091951E809125
:10782000351F891708F4EECE8091511EF7CE809156
:10783000751EF4CE60E414E6C12ED12C461329CF78
:10784000C4019695982F8827979587956091441E37
:1078500070E01CCF03E910E03CCFE114F4E0FF0638
:1078600008F030C19695879577956795212D2795D6
:1078700096958795779567952795982F872F362F1B
:10788000B9016E5C7F4F8F4F9F4F24E630E040E0A0
:1078900050E00F943D4CC501B4010F946E4CDC01D7
:1078A000CB01880F991FAA1FBB1F312D331F880FD3
:1078B000991FAA1FBB1F331F892F9A2F2B2FD90166
:1078C0006C017D01B090841EC114D104E104F10467
:1078D00081F129813A81C901330FAA0BBB0BC80E74
:1078E000D91EEA1EFB1EB4FE19C075FE17C02091FA
:1078F0006A1E30916B1E24563109D1010F94A14CA0
:107900006E5C7F4F8F4F9F4F24E630E040E050E0A9
:107910000F943D4CC20ED31EE41EF51EC114D104BB
:1079200031E0E306F10428F0CC24CA94DC2CE12CED
:10793000F12CD092861EC092851E1091D01E812FF0
:107940008D7F813009F041C04091C51D04E6209132
:10795000351E3091361E409F201931091124029F97
:10796000C001039F900D11242091C61D241B330BD1
:10797000029FB001039F700D11240F94C84BA0907B
:10798000C81DA091C71DAA19BB0B24E630E0261B19
:10799000370B30E00F94A14C6E5C7F4F8F4F9F4FA1
:1079A00024E630E040E050E00F943D4C2A0D311DBC
:1079B000411D511D029FB001039F700D1124C60E81
:1079C000D71ED092861EC092851E1250123008F02B
:1079D00045C04091CB1D14E62091351E3091361ED6
:1079E000419F201931091124129FC001139F900D4E
:1079F00011242091CC1D241B330B129FB001139F27
:107A0000700D11240F94C84B0091CE1DA091CD1D77
:107A1000A01BBB0B24E630E0261B370B30E00F9495
:107A2000A14C6E5C7F4F8F4F9F4F24E630E040E0CB
:107A300050E00F943D4C200F311D411D511D129FF0
:107A4000C001139F900D11242091851E3091861E38
:107A5000820F931F9093861E8093851EA091480CE1
:107A60002091DB0A3091DC0A4091DD0A5091DE0A58
:107A7000B0E00F942A4C6E5C7F4F8F4F9F4F24E6EF
:107A800030E040E050E00F943D4C1091440C12FD6A
:107A900004C0220F331F441F551F8091D11E823016
:107AA00009F441C008F031C0813009F440C0C82E4B
:107AB000D12CF12CE12CCA01B901A70196010F9438
:107AC0003D4C35C09295907F82959827807F98276E
:107AD00072958727707F872762957627607F762744
:107AE000660F771F881F991F6E5C7F4F8F4F9F4FC8
:107AF00024E630E040E050E00F943D4CC501B40175
:107B00000F946E4C0E9487F242CE843009F445C037
:107B1000883009F0CCCF73E0569547953795279577
:107B20007A95D1F704C05695479537952795290141
:107B30003A014114510441E06406710428F04424E0
:107B40004A94542C612C712C620130907C1D832D41
:107B50008470B1FC2AC081112AC08091851E909149
:107B6000861E4816590620F45092861E4092851EA5
:107B700020912002223008F470C18091851E9091DE
:107B8000861E9093881E8093871E223009F06AC15A
:107B900010928A1E1092891E6BC1E2E0569547959D
:107BA00037952795EA95D1F7C2CF882309F3103589
:107BB00010F013FFDDCF0091851E1091861E6981A4
:107BC0007A8160177107A0F6061B170B1093861EAB
:107BD0000093851EE090D90AF090DA0A9801D70147
:107BE0000F945F4C6E5C7F4F8F4F9F4F24E630E0C9
:107BF00040E050E00F943D4C49015A0133FC81C0F4
:107C0000E090D70AF090D80A4091351E5091361E68
:107C10006091D31E7091D41E8BE695E10E94B5F25F
:107C2000D82E8091550B9091560B9A838983A4E6A8
:107C3000B0E0AD19B109A50194010F942A4C6E5C16
:107C40007F4F8F4F9F4F24E630E040E050E00F948D
:107C50003D4CA981BA812A0F3B1F3093861E209389
:107C6000851E8091821EDD2009F485C0806280938C
:107C7000821E9801D7010F945F4C6E5C7F4F8F4F2F
:107C80009F4F24E630E040E050E00F943D4CAD2D96
:107C9000B0E00F942A4C6E5C7F4F8F4F9F4F24E6CD
:107CA00030E040E050E00F943D4CE981FA81E20F72
:107CB000F31FF093881EE093871E2091440C2295B9
:107CC0002F70243009F48BC008F05DC0213009F416
:107CD00092C0233009F46EC08091871E9091881E57
:107CE00090938A1E8093891E90938C1E80938B1E86
:107CF0008091851E9091861E9093881E8093871E8A
:107D00007AC03093861E2093851E481459046A0455
:107D10007B0438F58091821E80628093821ED0920F
:107D2000861EC092851E29813A81820E931EA11C57
:107D3000B11CA50194012419350946095709A091E0
:107D4000D70AB091D80A0F942A4CA7010E94DEE30B
:107D500049815A81840F951F9093881E8093871EB6
:107D6000ACCF69817A81620F731F7093861E609316
:107D7000851E8091821E8F7D8093821E1092881EA8
:107D80001092871E9ACF8091851E9091861E263074
:107D9000E9F018F0283009F09FCF9093881E809367
:107DA000871E90938A1E8093891E90938C1E8093C9
:107DB0008B1E21C08091871E9091881E90938C1EEF
:107DC00080938B1E8091851E9091861E9093881EB5
:107DD0008093871E90938A1E8093891E0CC0809189
:107DE000871E9091881E2091460C24FF79CF909396
:107DF0008E1E80938D1E6091371E70E083E49BE0A1
:107E00000E94CDE89093E91E8093E81E009126021F
:107E1000109127020817190720F41093E91E009308
:107E2000E81E6090851E7090861EB30190E080E091
:107E30000E94312A6C01E090E81EF090E91E8090CB
:107E4000410B9090420B8E0C9F1CC4018C159D051C
:107E500008F049C0800F911FF9CF1092881E109230
:107E6000871E96CE90938A1E8093891E233029F414
:107E700010928C1E10928B1E06C090938C1E8093C5
:107E80008B1E243029F410928E1E10928D1E06C077
:107E900090938E1E80938D1E253029F41092901E93
:107EA00010928F1E06C09093901E80938F1E2630D6
:107EB00029F41092921E1092911E06C09093921E69
:107EC0008093911E273029F41092941E1092931ED5
:107ED00004C09093941E8093931E8091821E8F7D88
:107EE0008093821E88CFDC01AC19BD09BA83A983B7
:107EF000E981FA810E171F0728F4E01BF10BFA83C2
:107F0000E983F6CFE091440CE295EF70E150E83060
:107F100008F069C3F0E08827EF56F04C8E4F0D94BF
:107F20008A4CE80188050E03F6026C01E001AE02FE
:107F30002A0380917C1D82FF56C38091821E85FF9B
:107F400052C36091871E7091881E90E080E00E946D
:107F5000312A8816990618F4800E911EFACF140162
:107F6000281A390A0215130508F046C0201A310AEA
:107F7000F9CF20913F0B3091400BE20EF31E170119
:107F80002C143D0418F4200E311EFACF2C183D0895
:107F90000215130518F4201A310AFACF8091460C05
:107FA0008073803371F58091671F82FF2AC04091F2
:107FB000351E5091361E6091D31E7091D41E9301D0
:107FC00085E293E10E9414F29093861E8093851EB1
:107FD0002091871E3091881E4091351E5091361E8B
:107FE0006091D31E7091D41E82EE92E10E9414F231
:107FF0009093881E8093871E18861F82B12CA12C17
:1080000045C080917C1D82FFF7CF8091821E85FF45
:10801000F3CF6091891E70918A1E90E080E00E94EB
:10802000312A8816990618F4800E911EFACF540151
:10803000A81AB90A0A151B0518F4A01AB10AFACF32
:10804000E816F90618F4E00EF11EFACFE81AF90A5C
:108050000E151F0518F4E01AF10AFACF18870F83DE
:1080600017FF05C0A8014F5F5F4F58874F836F818F
:108070007885759567956A0D7B1D78876F830617E0
:10808000170720F4601B710B78876F838091841E23
:1080900081FFB0C28091C81CB4E68B9FC00111243F
:1080A0009093601E80935F1E00915F1E1091601E72
:1080B000E090C21C24E6E29E700111248091611EB2
:1080C0009091621E892B21F41093621E0093611E11
:1080D0006091641E70E08FED9AE00E94CDE8282F39
:1080E0008093631E843659F0C801C29664E670E03E
:1080F0000F94C84B269F8001279F100D112480915B
:10810000460C86FF9EC28091361D83FF9AC28091E5
:10811000611E9091621EA801481B590BCA0117FFEE
:1081200002C00FEF1FE798013595279528173907EB
:108130000CF083C2880F991F080F191F82C220906C
:108140003F0B3090400B2E0C3F1C2C143D0418F4B8
:10815000200E311EFACF2C183D080215130518F415
:10816000201A310AFACFA0903D0BB0903E0BAE0C16
:10817000BF1CAC14BD0418F4A00EB11EFACFAC188D
:10818000BD080A151B0518F4A01AB10AFACF809190
:10819000460C8073803309F040C08091671F82FFD6
:1081A0003CC04091351E5091361E6091D31E709197
:1081B000D41E930185E293E10E9414F29093861EEF
:1081C0008093851E2091871E3091881E4091351E18
:1081D0005091361E6091D31E7091D41E82EE92E1B2
:1081E0000E9414F29093881E8093871E2091891E0E
:1081F00030918A1E4091351E5091361E6091D31EDB
:108200007091D41E8FE992E10E9414F290938A1E1D
:108210008093891E18861F8239CF80917C1D82FF32
:10822000F9CF8091821E85FFF5CF60918B1E7091F2
:108230008C1E90E080E00E94312A8816990618F47E
:10824000800E911EFACFD401A81BB90BB887AF835B
:10825000EF81F8850E171F0708F018CFE01BF10B10
:10826000F887EF83F5CF20913F0B3091400B2E0D17
:108270003F1D38872F8319012C143D0418F4200E5C
:10828000311EFACF2C183D080215130518F4201AD8
:10829000310AFACF8091460C8073803321F48091AB
:1082A000341E80FD0FC080917C1D82FDA7C080918F
:1082B000811E84FFA1CE0836114009F49DCE0E9494
:1082C0009AA39ACE003D124011F00E94D6A440918C
:1082D000E81E5091E91E58874F83A0903D0BB09047
:1082E0003E0BA40EB51E2091260230912702AC143D
:1082F000BD0418F4A20EB31EFACFAC18BD082A159F
:108300003B0518F4A21AB30AFACF80913B0B909167
:108310003C0B6F817885680F791F78876F838F8119
:1083200098858C159D0528F4820F931F98878F835D
:10833000F6CFAF81B885AC19BD09B887AF83EF819F
:10834000F8852E173F0728F4E21BF30BF887EF831D
:10835000F6CF8091671F82FF99CE2091851E3091C4
:10836000861E4091351E5091361E6091D31E70912D
:10837000D41E85E293E10E9414F29093861E8093AE
:10838000851E2091871E3091881E4091351E509188
:10839000361E6091D31E7091D41E82EE92E10E942F
:1083A00014F29093881E8093871E2091891E30912D
:1083B0008A1E4091351E5091361E6091D31E7091D9
:1083C000D41E8FE992E10E9414F290938A1E80934A
:1083D000891E20918B1E30918C1E4091351E50912C
:1083E000361E6091D31E7091D41E8CE592E10E94DE
:1083F00014F290938C1E80938B1E48CE8091821E27
:1084000085FF55CF6091891E70918A1E90E080E0B3
:108410000E94312A8816990618F4800E911EFACF10
:108420005401A81AB90A0A151B0518F4A01AB10AB2
:10843000FACF2F8138852817390728F4200F311FEC
:1084400038872F83F6CF4F815885481B590B5887A3
:108450004F836F8178850617170708F017CE601BCA
:10846000710B78876F83F5CF20903F0B3090400BD6
:108470002E0C3F1C2C143D0418F4200E311EFACF94
:108480002C183D080215130518F4201A310AFACFEA
:10849000A0903D0BB0903E0BAE0CBF1CAC14BD04C5
:1084A00018F4A00EB11EFACFAC18BD080A151B05B2
:1084B00018F4A01AB10AFACF80913B0B90913C0BB3
:1084C0008E0D9F1D98878F83AF81B885AC15BD0534
:1084D00028F4A00FB11FB887AF83F6CFEF81F885DE
:1084E000EC19FD09F887EF832F81388502171307F0
:1084F00008F0CCCD201B310B38872F83F5CF20908F
:108500003F0B3090400B2E0C3F1C2C143D0418F4F4
:10851000200E311EFACF2C183D080215130518F451
:10852000201A310AFACFA0903D0BB0903E0BAE0C52
:10853000BF1CAC14BD0418F4A00EB11EFACFAC18C9
:10854000BD080A151B0508F065CEA01AB10AF9CFBF
:1085500020903F0B3090400B2E0C3F1C2C143D0400
:1085600018F4200E311EFACF2C183D080215130501
:1085700018F4201A310AFACFA0903D0BB0903E0BB0
:10858000AE0CBF1CAC14BD0418F4A00EB11EFACF83
:10859000AC18BD080A151B0518F4A01AB10AFACFC9
:1085A00040913B0B50913C0B4E0D5F1D58874F8304
:1085B0006F8178856C157D0528F4600F711F7887B1
:1085C0006F83F6CF8F8198858C199D0998878F834B
:1085D000AF81B8850A171B0708F058CDA01BB10B57
:1085E000B887AF83F5CF18861F82B12CA12C312C10
:1085F000212C4CCD8091660C82FF18C0C090351E96
:10860000D090361EE090D71EF090D81E08E411E1FD
:1086100020E431E140E351E164E089E291E10E942C
:1086200024E4E4E68E9FC00111243ACD8091C91C58
:10863000F4E68F9FC001112433CD181619060CF4EF
:108640007BCDF701E00FF11F8091C71C8C71843046
:1086500049F0803109F064C080917C1D83708230C4
:1086600009F45EC08091440C82958F70823008F4CA
:1086700057C090E095958795D82EBF01689FF0016F
:10868000699FF00D789FF00D11244090DB0A509007
:10869000DC0A6090DD0A7090DE0ACF01B0E0A0E055
:1086A000481659066A067B0698F4D701A301920181
:1086B0000F94354CAF010E945AF48C014D2DDD0C06
:1086C000550BC301B2010E945AF4801B910B8C011F
:1086D0001093601E00935F1EB80190E080E00E943E
:1086E000312A0E9495EE8091460C86FF05C0E091EC
:1086F0002402F09125021995E0912202F0912302C3
:1087000019954C01809126029091270297FE02C094
:10871000880E991E8815990534F4881A990AFACF9B
:10872000DD24D394B2CF8091F11E9091801E9B7F67
:108730009093801E8E7E8093F11E90912B1F907CD3
:1087400009F481C090915E0D9370913009F060C082
:108750001091D11C9091371E911750F43091D01C7C
:108760002091FF0A321768F42091CE1C921748F02E
:108770009091801E94609093801E81608093F11E82
:1087800005C08091801E8B7F8093801EE12EF12C8E
:108790000091F11E902F9D7F9093F11E8091801E7D
:1087A0008F7E8093801E80917F1E8F7D80937F1EA1
:1087B00080912B1F282F207C09F447C03091311F56
:1087C00037FF43C04091631F50E0440F551F052EF3
:1087D000000C660B770B40903E1E50903F1E609041
:1087E000401E7090411E44155505660577056CF5D1
:1087F00092609093F11E8091331D9091371E8917DE
:1088000008F002C1811708F0FFC0E82EF12CFCC06F
:108810009230C9F46091531E7091541E685D7F4F71
:108820008FEE9AE00E94CDE8182F8091371E18171E
:1088300008F0ACCF8091F11E9091801E94609093CF
:10884000801E81619BCF1FEFA1CF902F997F9093C6
:10885000F11E222309F4D4C09091FB1D967096302E
:1088600009F043C06091371E70E080E09BE00E94F9
:10887000CDE89091F01E981780F58091AC1F811182
:108880000EC00F94D5256E5C7F4F8F4F9F4F24E60F
:1088900030E040E050E00F943D4C2093AC1F0F942B
:1088A000D5256E5C7F4F8F4F9F4F24E630E040E030
:1088B00050E00F943D4C8091AC1F9091321E890F77
:1088C0009927991F2817190610F402FF08C08091F4
:1088D000F11E84608093F11E8ECF1092AC1F8091A8
:1088E0002B1F982F907C09F48BC02091710D237061
:1088F00009F486C08C70883009F082C040913E1E19
:1089000050913F1E6091401E7091411E8091720DEA
:1089100090E0880F991F092E000CAA0BBB0B213089
:1089200029F0223009F4A9C0E0E007C0E1E030916D
:10893000511E2091750D3217B8F32091B21F4817C0
:1089400059076A077B070CF4A7C09091371E8091E6
:10895000730D981708F4A0C09091451E8091740D76
:10896000981708F499C0EE2309F496C021110DC0A0
:1089700081E08093B21F0F94D5256093AE1F709352
:10898000AF1F8093B01F9093B11F0F94D525AB01FB
:10899000BC018091760DA4E68A9FC0011124092EA6
:1089A000000CAA0BBB0B4090AE1F5090AF1F609005
:1089B000B01F7090B11F840D951DA61DB71D4817DF
:1089C00059076A077B0740F081E08093AD1F8091D3
:1089D000F11E88608093F11E8091AD1F8823A1F065
:1089E0009091451E8091770D891708F404CF10925D
:1089F000AD1F1092B21F8091F11E877F8093F11EF0
:108A00008091AD1F8111F7CE80919A1E882339F095
:108A100080915E1F90E08E159F0508F47C0184E62E
:108A20008E9D90018F9D300D112480919F1E882373
:108A300041F080919D1E90919E1E8217930708F42D
:108A40009C018091351E9091361E40913A0C43FD59
:108A500044C32817390708F0B4C480912B1F8295AE
:108A6000869586958370813009F431C318F1823080
:108A700009F030C31092BC1F24C0F091511E209108
:108A8000751E3091750D230F3327331FE1E0F21768
:108A900013060CF052CF48CF222309F49DCF109239
:108AA000B21F1092AE1F1092AF1F1092B01F109203
:108AB000B11F92CF8FEF8093BD1F8093BC1F109288
:108AC000F11E809120028823B1F14090851E5090C4
:108AD000861E8091550B9091560B4816590658F1F9
:108AE0008091BC1F80FF27C089819A8188199909CC
:108AF000181619060CF080C40E94C32F6B017C016C
:108B0000DC01CB010197A109B1098B3F9F4FA34025
:108B1000B10588F4712C612C8091DD109091DE10EC
:108B2000039709F480C493018201B701A60189ED7E
:108B300090E10E94F4FE809120028230A8F14090E2
:108B4000871E5090881E8091550B9091560B4816A9
:108B5000590650F18091BC1F81FF26C0C1018819C0
:108B60009909181619060CF073C40E94C32F6B01E3
:108B70007C01DC01CB010197A109B1098B3F9F4F1B
:108B8000A340B10588F4712C612C8091C61090919E
:108B9000C710039709F473C493018201B701A601BA
:108BA00082EC90E10E94F4FE809120028330A8F1D3
:108BB000C090891ED0908A1E8091550B9091560BC3
:108BC000C816D90650F18091BC1F82FF26C0C5018E
:108BD00088199909181619060CF066C40E94C32F4B
:108BE0002B013C01DC01CB010197A109B1098B3FAD
:108BF0009F4FA340B10588F4F12CE12C8091AF1078
:108C00009091B010039709F466C497018601B301EF
:108C1000A2018BEA90E10E94F4FE80912002843050
:108C2000A8F100918B1E10918C1E8091550B909194
:108C3000560B0817190750F18091BC1F83FF26C0FF
:108C40008F81988588199909181619060CF058C44F
:108C50000E94C32F6B017C01DC01CB010197A109AC
:108C6000B1098B3F9F4FA340B10580F4B12CA12CDB
:108C70008091981090919910039709F458C4950128
:108C8000B701A60184E990E10E94F4FE8091C71C1F
:108C900087FF08C08091841E81FF04C080912A0B49
:108CA00084FD59C41092290B1092280B8091BD1F8E
:108CB000882309F4F4C1E0912202F091230219956E
:108CC0000E946DF29A83898300911C0B10911D0BF9
:108CD000E090260BF090270BAC01B70101151105B0
:108CE00061F0B80189819A810E9445F26C01B80156
:108CF000C7010E9445F2A601BC0184E790E10E94F1
:108D000050F24B015C01DC01CB010197A109B109D3
:108D10008B3F9F4FA340B105F8F48091BD1F80FFAA
:108D20001BC0C0905F1ED090601E8091280B909158
:108D3000290BC80ED91EF12CE12C8091781090914E
:108D40007910039709F44AC497018601B501A4017B
:108D500084E790E10E949EFE8091781090917910B6
:108D6000039709F062C080911A0B90911B0B298127
:108D70003A81281739070CF058C08091C61C811120
:108D800054C08091460C86FD50C0E0912202F091C3
:108D9000230219950E946DF29A83898380911A0BA0
:108DA00090911B0B49815A81481759070CF02BC42D
:108DB000841B950B0E94C32F20917810309179105D
:108DC0002330310591F52091280B3091290BAB010F
:108DD000BC01420F531F611D711D80917410909151
:108DE0007510A0917610B0917710481759076A074F
:108DF0007B07D8F4F894809124019091250122E01A
:108E000076956795579547952A95D1F7480F591F3D
:108E10005093851040938410809184109091851018
:108E200090932901809328017894809121028230C7
:108E300008F449C00091180B1091190BE090240B15
:108E4000F090250B49815A81B7010115110561F098
:108E5000B80189819A810E9445F26C01B801C7016D
:108E60000E9445F2A601BC0184E590E10E9450F207
:108E70004B015C01DC01CB010197A109B1098B3FDA
:108E80009F4FA340B105F8F48091BD1F81FF1BC027
:108E9000C0905F1ED090601E8091280B9091290B8E
:108EA000C80ED91EF12CE12C8091581090915910C8
:108EB000039709F4AFC397018601B501A40184E5C6
:108EC00090E10E949EFE80912102833008F449C007
:108ED0000091160B1091170BE090220BF090230BD2
:108EE00049815A81B7010115110561F0B8018981E5
:108EF0009A810E9445F26C01B801C7010E9445F2B7
:108F0000A601BC0184E390E10E9450F24B015C0198
:108F1000DC01CB010197A109B1098B3F9F4FA34011
:108F2000B105F8F48091BD1F82FF1BC0C0905F1E89
:108F3000D090601E8091280B9091290BC80ED91EED
:108F4000F12CE12C8091381090913910039709F49D
:108F500076C397018601B501A40184E390E10E94E4
:108F60009EFE80912102843008F449C00091140BC8
:108F70001091150BE090200BF090210B49815A8144
:108F8000B7010115110561F0B80189819A810E942C
:108F900045F26C01B801C7010E9445F2A601BC016F
:108FA00084E190E10E9450F24B015C01DC01CB01B5
:108FB0000197A109B1098B3F9F4FA340B105F8F478
:108FC0008091BD1F83FF1BC0C0905F1ED090601EAC
:108FD0008091280B9091290BC80ED91EF12CE12C01
:108FE0008091181090911910039709F43DC39701CF
:108FF0008601B501A40184E190E10E949EFE80916A
:109000002102853008F44BC00091120B1091130B14
:10901000E0901E0BF0901F0B49815A81B70101159A
:10902000110571F0B80189819A810E9445F29A83F5
:109030008983B801C7010E9445F249815A81BC0168
:1090400084EF9FE00E9450F24B015C01DC01CB01F8
:109050000197A109B1098B3F9F4FA340B105F8F4D7
:109060008091BD1F84FF1BC0C0905F1ED090601E0A
:109070008091280B9091290BC80ED91EF12CE12C60
:109080008091F80F9091F90F039709F402C39701AB
:109090008601B501A40184EF9FE00E949EFE8091AD
:1090A000811E80FF02C00D9482378091110B8130A8
:1090B00011F00D94823761E08091100B0F94E5223E
:1090C0008091811E81608093811E0D948237109261
:1090D000BD1FF7CC1092BD1FCDCC40916E0BF90196
:1090E0006AE04602E00DF11D1124E817F90708F0C7
:1090F00068C14091440C01E042FF02E04091C71C6E
:109100004C714C3029F44091460C4073403309F0C7
:10911000000F4091B81F5091B91F6091BA1F709114
:10912000BB1F452B462B472B81F44091A01E50912D
:10913000A11E6091A21E7091A31E4093B81F509370
:10914000B91F6093BA1F7093BB1FC090A01ED09030
:10915000A11EE090A21EF090A31E4091B81F509156
:10916000B91F6091BA1F7091BB1F400F511D611D47
:10917000711DC416D506E606F70620F42817390730
:1091800008F0FAC0821B930B54E6F52E97FF09C036
:109190006AE070E00F94B44B8BE29BE00E94CDE854
:1091A000F82E10E0EE24EA949091200280912102A2
:1091B000891708F4892F181708F0CEC074E6F7163F
:1091C00009F46CC08091B61F81111CC08091B51F3D
:1091D000811118C08091B41F811114C08091B31FF8
:1091E000811110C00F9498259093B51F0F94982566
:1091F0008093B41F0F9498257093B31F0F949825F4
:109200006093B61F2091B51F5091B41F4091B31FBA
:109210003091B61FA0E12A9FC0011124922F9827F8
:10922000892F8327232F26958227990F9827252F6B
:10923000943680F55093B51F4093B41F3093B31FFD
:109240009093B61F9F5F9F1548F14091BC1F81E02E
:1092500090E0012E01C0880F0A94EAF7043009F06B
:1092600075C0242F30E0012E02C0369527950A9450
:10927000E2F720FD6BC020912B1F207C203C09F0E1
:1092800065C02091B71F282B2093B71F842B809394
:10929000BC1F28C0542F432F392FBCCF80912B1FC8
:1092A00082958695869583708130F1F0B8F0609153
:1092B000BC1F823051F13091BD1F8330A9F141E0D4
:1092C00050E0012E01C0440F0A94EAF74095342380
:1092D0003093BD1F46234093BC1F04C0E092BD1FC6
:1092E000E092BC1F1F5F60CF81E090E0012E01C0C3
:1092F000880F0A94EAF780959091BD1F8923809387
:10930000BD1F812F0E94A7F7EDCF21E030E0012E95
:1093100001C0220F0A94EAF7209562236093BC1FD4
:10932000812F0E94ECF7DECF81E090E0012E01C09A
:10933000880F0A94EAF7809538233093BD1F86235F
:109340008093BC1F812F0E94ECF7DBCF2091BD1FC3
:10935000282B2093BD1F9ACF8091A01E9091A11E13
:10936000A091A21EB091A31E8093B81F9093B91F25
:10937000A093BA1FB093BB1F8091B71F882309F435
:10938000A0CB4091A01E5091A11E6091A21E709191
:10939000A31E8091B81F9091B91FA091BA1FB091E0
:1093A000BB1F0296A11DB11D481759076A077B070D
:1093B00008F487CB8091BC1F8093BD1F1092B71F0C
:1093C00080CB1092F11E4091A01E5091A11E609181
:1093D000A21E7091A31E8091C61C90E0B0E0A0E098
:1093E000481759076A077B0708F46BCB8FEF809308
:1093F000BD1F8093BC1F65CB2091DD103091DE1026
:109400002330310539F02091DD103091DE10232B0F
:1094100009F091CB209126023091270297FF6CCB67
:10942000820F931FFBCF80912602909127020E940A
:10943000C32F6C3F7F4F8340910508F07CCB930195
:109440008201B701A60189ED90E10E94C7FE73CBAE
:109450002091C6103091C7102330310539F020918A
:10946000C6103091C710232B09F09ECB2091260205
:109470003091270297FF79CB820F931FFBCF80910A
:109480002602909127020E94C32F6C3F7F4F83409A
:10949000910508F089CB93018201B701A60182EC06
:1094A00090E10E94C7FE80CB2091AF103091B010A8
:1094B0002330310539F02091AF103091B010232BBB
:1094C00009F0ABCB209126023091270297FF86CB83
:1094D000820F931FFBCF80912602909127020E945A
:1094E000C32F6C3F7F4F8340910508F096CB9701C7
:1094F0008601B301A2018BEA90E10E94C7FE8DCBE9
:1095000020919810309199102330310539F0209135
:10951000981030919910232B09F0B8CB2091260296
:109520003091270297FF94CB820F931FFBCF80913E
:109530002602909127020E94C32F6C3F7F4F8340E9
:10954000910508F0A3CB9501B701A60184E990E14C
:109550000E94C7FE9BCB20915F1E3091601EC90107
:10956000880F991F820F931F9093290B8093280BCC
:109570008091351E9091361E8A3F910508F096CB5A
:109580008091260B9091270B05979093270B809342
:10959000260B8091240B9091250B05979093250B1A
:1095A0008093240B8091220B9091230B059790932D
:1095B000230B8093220B8091200B9091210B059718
:1095C0009093210B8093200B80911E0B90911F0B89
:1095D000059790931F0B80931E0B68CB80911E0202
:1095E00090911F020E94C32F6C3F7F4F83409105D3
:1095F00008F0B2CB97018601B501A40184E790E1A0
:109600000E9481FEA9CB88599E4F69817A81861B71
:10961000970BD0CB80911E0290911F020E94C32F06
:109620006C3F7F4F8340910508F04DCC9701860138
:10963000B501A40184E590E10E9481FE44CC8091B3
:109640001E0290911F020E94C32F6C3F7F4F8340E8
:10965000910508F086CC97018601B501A40184E349
:1096600090E10E9481FE7DCC80911E0290911F02AC
:109670000E94C32F6C3F7F4F8340910508F0BFCC01
:1096800097018601B501A40184E190E10E9481FE69
:10969000B6CC80911E0290911F020E94C32F6C3F96
:1096A0007F4F8340910508F0FACC97018601B50100
:1096B000A40184EF9FE00E9481FEF1CC8091110B08
:1096C000813011F00D94823760E08091100B0F947F
:1096D000E5228091811E8E7FF6CC57FC02C00D944E
:1096E000A53B0D949C3BAF92CF92DF92EF92FF92FD
:1096F0000F931F93CF93DF93EC01598B488B7F8798
:109700006E873B8B2A8B18AA18A619A61AA61BA629
:1097100080E09CEFA3E0B0E08CA79DA7AEA7BFA719
:109720008AEF90E09FA38EA36A2DCE010F940F2B9A
:109730009601A701B801CE010F9408200F94D525FA
:109740002EA13FA1621B730B810991096C8B7D8B4C
:109750008E8B9F8BDF91CF911F910F91FF90EF9098
:10976000DF90CF90AF90089597FB072E16F40094EA
:1097700007D077FD09D00F94C84B07FC05D03EF405
:10978000909581959F4F0895709561957F4F0895AD
:10979000AA1BBB1B51E107C0AA1FBB1FA617B70717
:1097A00010F0A61BB70B881F991F5A95A9F7809533
:1097B0009095BC01CD010895FB01DC0102C005902C
:1097C0000D9241505040D8F70895DC01CB01FC01C7
:1097D000F999FECF06C0F2BDE1BDF89A319600B40A
:1097E0000D9241505040B8F70895F999FECF92BDBF
:1097F00081BDF89A992780B50895262FF999FECF53
:109800001FBA92BD81BD20BD0FB6F894FA9AF99A9D
:109810000FBE01960895052E97FB1EF400940F9439
:10982000224C57FD07D00F943D4C07FC03D04EF45B
:109830000D94224C50954095309521953F4F4F4FB8
:109840005F4F089590958095709561957F4F8F4FEC
:109850009F4F08950F945F4CA59F900DB49F900D5E
:10986000A49F800D911D11240895B7FF0D942A4CDB
:109870000F942A4C821B930B0895A1E21A2EAA1B67
:10988000BB1BFD010DC0AA1FBB1FEE1FFF1FA217B0
:10989000B307E407F50720F0A21BB30BE40BF50BAD
:1098A000661F771F881F991F1A9469F76095709536
:1098B000809590959B01AC01BD01CF010895A29FB9
:1098C000B001B39FC001A39F700D811D1124911D94
:1098D000B29F700D811D1124911D0895DB018F939E
:1098E0009F930F942A4CBF91AF91A29F800D911D21
:1098F000A39F900DB29F900D11240895991B79E0BC
:1099000004C0991F961708F0961B881F7A95C9F70F
:1099100080950895EE0FFF1F881F8BBF0790F6916B
:10992000E02D1994692796276927782787277827B4
:1099300008950F945F4C332312F48A1B9B0B0D94F4
:10994000A34C0F945F4CB7FF0895821B930B0895AF
:1099500081E090E0F8940D94B44CDC0101C06D936B
:0C99600041505040E0F70895F894FFCF0C
:10996C000101016320A107004F204F204F2030063A
:10997C000000000000000000000000000000680172
:10998C000101570E512168015A0E5A0E5E0E620EDD
:10999C000A0A012828004809C80888088809080903
:1099AC00920DFF7FFF7F010000000000000000000F
:1099BC00000000000005040302A6D7A2D7B3D7AE5F
:1099CC00D7ADD7ABD700000000EC054602200582CE
:1099DC0004BC0078020006720041006E002C2000CE
:0699EC0052000D0A00000C
:00000001FF
